日期,股票代码,开盘,收盘,最高,最低,成交量,成交额,振幅,涨跌幅,涨跌额,换手率
2022-01-18,301116,36.55,35.37,38.05,31.71,327516,1133612416.0,56.86,217.22,24.22,80.96
2022-01-19,301116,33.75,32.06,34.92,31.52,240258,796590096.0,9.61,-9.36,-3.31,59.39
2022-01-20,301116,30.75,31.21,35.25,29.98,267811,893626832.0,16.44,-2.65,-0.85,66.2
2022-01-21,301116,29.41,24.86,29.41,24.76,222821,607996016.0,14.9,-20.35,-6.35,55.08
2022-01-24,301116,24.77,24.35,26.46,24.35,147918,378290160.0,8.49,-2.05,-0.51,36.57
2022-01-25,301116,23.25,22.63,24.0,21.95,164788,381465536.0,8.42,-7.06,-1.72,40.74
2022-01-26,301116,23.66,22.05,23.93,22.0,118441,275244560.0,8.53,-2.56,-0.58,29.28
2022-01-27,301116,21.55,21.28,23.0,21.06,139675,311261056.0,8.8,-3.49,-0.77,34.53
2022-01-28,301116,21.55,21.8,22.73,21.36,129467,287822832.0,6.44,2.44,0.52,32.0
2022-02-07,301116,22.28,22.99,23.15,21.46,124175,282252448.0,7.75,5.46,1.19,30.7
2022-02-08,301116,22.65,22.84,23.32,22.18,104828,240105951.0,4.96,-0.65,-0.15,25.91
2022-02-09,301116,22.5,23.32,23.9,22.5,125811,295695360.0,6.13,2.1,0.48,31.1
2022-02-10,301116,22.75,22.85,24.78,22.41,136413,323164704.0,10.16,-2.02,-0.47,33.72
2022-02-11,301116,22.55,20.83,22.61,20.73,130889,284268656.0,8.23,-8.84,-2.02,32.36
2022-02-14,301116,20.78,21.03,21.44,20.61,70165,149331141.0,3.98,0.96,0.2,17.34
2022-02-15,301116,21.05,20.79,21.23,20.26,55750,117003830.0,4.61,-1.14,-0.24,13.78
2022-02-16,301116,21.06,22.13,22.19,20.87,104932,229341388.0,6.35,6.45,1.34,25.94
2022-02-17,301116,22.13,22.36,22.48,21.57,100063,223422530.0,4.11,1.04,0.23,24.74
2022-02-18,301116,22.41,22.16,23.2,21.8,107140,243324269.0,6.26,-0.89,-0.2,26.49
2022-02-21,301116,21.55,21.86,22.11,21.53,77813,171361133.0,2.62,-1.35,-0.3,19.24
2022-02-22,301116,21.7,21.12,21.99,20.93,69274,149470792.0,4.85,-3.39,-0.74,17.12
2022-02-23,301116,22.02,21.85,23.15,21.45,116346,260558213.0,8.05,3.46,0.73,28.76
2022-02-24,301116,21.47,20.47,21.79,19.97,92461,196228748.0,8.33,-6.32,-1.38,22.86
2022-02-25,301116,20.71,20.75,21.11,20.56,53149,112059710.0,2.69,1.37,0.28,13.14
2022-02-28,301116,20.83,21.28,21.31,20.14,58681,123260305.0,5.64,2.55,0.53,14.51
2022-03-01,301116,21.07,22.22,22.43,21.0,95842,210790183.0,6.72,4.42,0.94,23.69
2022-03-02,301116,21.78,21.79,22.24,21.47,74080,163411383.0,3.47,-1.94,-0.43,18.31
2022-03-03,301116,22.01,22.38,22.85,21.68,108333,244392845.0,5.37,2.71,0.59,26.78
2022-03-04,301116,22.1,22.38,23.24,21.95,121221,277183184.0,5.76,0.0,0.0,29.97
2022-03-07,301116,22.62,22.25,23.05,21.63,85035,190179848.0,6.34,-0.58,-0.13,21.02
2022-03-08,301116,21.97,20.39,22.08,20.35,86677,184848435.0,7.78,-8.36,-1.86,21.43
2022-03-09,301116,20.35,19.55,20.53,18.59,76123,151457400.0,9.51,-4.12,-0.84,18.82
2022-03-10,301116,19.95,19.98,20.93,19.71,71958,146915207.0,6.24,2.2,0.43,17.79
2022-03-11,301116,19.75,24.03,24.03,19.58,220339,500511376.0,22.27,20.27,4.05,54.47
2022-03-14,301116,25.0,23.43,25.54,23.2,246639,606270208.0,9.74,-2.5,-0.6,60.97
2022-03-15,301116,23.16,23.37,24.89,23.08,186929,453965344.0,7.73,-0.26,-0.06,46.21
2022-03-16,301116,23.73,24.06,24.6,22.3,169089,401032624.0,9.84,2.95,0.69,41.8
2022-03-17,301116,23.63,25.34,26.79,23.25,223046,563771088.0,14.71,5.32,1.28,55.14
2022-03-18,301116,24.86,24.1,24.94,23.51,149934,365962048.0,5.64,-4.89,-1.24,37.06
2022-03-21,301116,23.82,25.64,27.65,23.62,203236,528152528.0,16.72,6.39,1.54,50.24
2022-03-22,301116,25.75,24.81,26.04,24.07,138642,347998800.0,7.68,-3.24,-0.83,34.27
2022-03-23,301116,24.27,23.3,24.55,23.21,115130,275930256.0,5.4,-6.09,-1.51,28.46
2022-03-24,301116,23.39,23.67,24.21,23.05,102558,244703735.0,4.98,1.59,0.37,25.35
2022-03-25,301116,23.37,24.52,24.89,22.87,140577,343208128.0,8.53,3.59,0.85,34.75
2022-03-28,301116,24.79,25.47,26.01,24.39,164018,418753904.0,6.61,3.87,0.95,40.55
2022-03-29,301116,24.73,24.5,26.98,24.33,195383,507899856.0,10.4,-3.81,-0.97,48.3
2022-03-30,301116,24.09,23.92,24.24,23.15,128201,305785120.0,4.45,-2.37,-0.58,31.69
2022-03-31,301116,23.53,21.73,23.84,21.6,149059,339910288.0,9.36,-9.16,-2.19,36.85
2022-04-01,301116,21.33,21.26,22.1,20.96,91361,198449261.0,5.25,-2.16,-0.47,22.58
2022-04-06,301116,21.67,22.18,22.89,21.39,105050,235566594.0,7.06,4.33,0.92,25.97
2022-04-07,301116,21.91,20.72,22.41,20.7,82329,177803242.0,7.71,-6.58,-1.46,20.35
2022-04-08,301116,20.73,19.98,21.0,19.71,59850,121507545.0,6.23,-3.57,-0.74,14.79
2022-04-11,301116,20.09,21.06,21.94,20.09,118142,253720193.0,9.26,5.41,1.08,29.2
2022-04-12,301116,20.53,20.2,20.68,19.2,94425,189790887.0,7.03,-4.08,-0.86,23.34
2022-04-13,301116,20.16,20.79,21.02,18.89,114834,233626953.0,10.54,2.92,0.59,28.39
2022-04-14,301116,20.24,20.79,21.19,19.86,87236,182068851.0,6.4,0.0,0.0,21.56
2022-04-15,301116,20.6,21.68,23.0,20.26,161318,357335184.0,13.18,4.28,0.89,39.88
2022-04-18,301116,22.25,21.85,23.88,21.61,154044,353319904.0,10.47,0.78,0.17,38.08
2022-04-19,301116,21.9,22.8,23.23,21.8,145107,330729392.0,6.54,4.35,0.95,35.87
2022-04-20,301116,21.8,27.41,27.41,21.21,196345,483469264.0,27.19,20.22,4.61,48.54
2022-04-21,301116,26.25,26.69,28.85,25.41,277743,754356080.0,12.55,-2.63,-0.72,68.66
2022-04-22,301116,26.29,23.53,26.34,23.25,217653,544684032.0,11.58,-11.84,-3.16,53.8
2022-04-25,301116,24.12,23.44,24.65,23.05,168334,406295296.0,6.8,-0.38,-0.09,41.61
2022-04-26,301116,22.23,23.26,24.02,21.37,150789,346449040.0,11.31,-0.77,-0.18,37.28
2022-04-27,301116,22.79,21.9,23.65,20.41,157256,348602064.0,13.93,-5.85,-1.36,38.87
2022-04-28,301116,20.75,19.21,21.24,18.8,164948,331527648.0,11.14,-12.28,-2.69,40.78
2022-04-29,301116,19.19,19.65,20.03,18.9,100568,199097385.0,5.88,2.29,0.44,24.86
2022-05-05,301116,19.64,20.3,20.69,19.44,98963,201552761.0,6.36,3.31,0.65,24.46
2022-05-06,301116,19.76,19.9,20.63,19.52,69471,140935274.0,5.47,-1.97,-0.4,17.17
2022-05-09,301116,20.15,20.58,20.72,19.85,77419,159629585.0,4.37,3.42,0.68,19.14
2022-05-10,301116,20.21,21.07,21.18,20.15,91863,192518727.0,5.0,2.38,0.49,22.71
2022-05-11,301116,20.91,20.87,21.25,20.48,106003,224298676.0,3.65,-0.95,-0.2,26.2
2022-05-12,301116,20.65,20.51,20.95,19.85,90890,188009049.0,5.27,-1.72,-0.36,22.47
2022-05-13,301116,20.34,19.74,20.68,19.53,81326,164416501.0,5.61,-3.75,-0.77,20.1
2022-05-16,301116,19.96,21.18,21.33,19.95,147967,312417136.0,6.99,7.29,1.44,36.58
2022-05-17,301116,20.93,20.5,21.18,20.11,94290,196346416.0,5.05,-3.21,-0.68,23.31
2022-05-18,301116,20.52,20.32,20.82,19.98,75232,155751848.0,4.1,-0.88,-0.18,18.6
2022-05-19,301116,19.97,20.08,20.41,19.66,60785,123073686.0,3.69,-1.18,-0.24,15.03
2022-05-20,301116,20.14,20.63,20.96,20.04,84558,176329846.0,4.58,2.74,0.55,20.9
2022-05-23,301116,20.63,20.87,21.25,20.53,85111,179571379.0,3.49,1.16,0.24,21.04
2022-05-24,301116,20.95,21.74,22.63,19.97,181290,392589040.0,12.75,4.17,0.87,44.81
2022-05-25,301116,21.37,22.58,22.98,21.25,160683,362861840.0,7.96,3.86,0.84,39.72
2022-05-26,301116,22.33,22.25,22.45,21.65,103542,230212374.0,3.54,-1.46,-0.33,25.6
2022-05-27,301116,22.44,21.33,22.9,20.95,101187,223844407.0,8.76,-4.13,-0.92,25.01
2022-05-30,301116,21.28,20.75,21.59,20.48,78052,165985046.0,5.2,-2.72,-0.58,19.29
2022-05-31,301116,20.59,21.14,21.75,20.38,88122,189692828.0,6.6,1.88,0.39,21.78
2022-06-01,301116,20.92,20.56,21.45,20.47,75870,160470527.0,4.64,-2.74,-0.58,18.76
2022-06-02,301116,20.69,20.24,20.69,19.8,66573,135683707.0,4.33,-1.56,-0.32,16.46
2022-06-06,301116,20.46,20.7,20.75,20.26,50064,103805540.0,2.42,2.27,0.46,12.38
2022-06-07,301116,20.81,20.71,21.15,20.0,77876,162380502.0,5.56,0.05,0.01,19.25
2022-06-08,301116,20.3,20.49,20.79,20.01,59420,122625610.0,3.77,-1.06,-0.22,14.69
2022-06-09,301116,20.49,20.17,20.98,19.9,72287,149181308.0,5.27,-1.56,-0.32,17.87
2022-06-10,301116,19.97,20.1,20.36,19.86,50864,103441629.0,2.48,-0.35,-0.07,12.57
2022-06-13,301116,20.1,20.59,20.95,20.08,61253,127307958.0,4.33,2.44,0.49,15.14
2022-06-14,301116,20.33,21.6,22.02,20.15,124685,269422720.0,9.08,4.91,1.01,30.82
2022-06-15,301116,21.19,21.09,21.49,20.95,81195,173476663.0,2.5,-2.36,-0.51,20.07
2022-06-16,301116,20.99,21.6,22.15,20.96,111117,242588619.0,5.64,2.42,0.51,27.47
2022-06-17,301116,21.4,21.33,21.95,21.05,71368,153758100.0,4.17,-1.25,-0.27,17.64
2022-06-20,301116,21.5,21.53,21.96,21.38,69992,153090470.0,2.72,0.94,0.2,17.3
2022-06-21,301116,21.56,20.48,21.65,20.36,77370,163845862.0,5.99,-4.88,-1.05,19.13
2022-06-22,301116,20.35,20.3,20.74,20.03,48893,100568314.0,3.47,-0.88,-0.18,12.09
2022-06-23,301116,20.3,20.5,20.52,19.88,43136,88078234.0,3.15,0.99,0.2,10.66
2022-06-24,301116,20.41,20.61,20.8,20.3,45144,94052850.0,2.44,0.54,0.11,11.16
2022-06-27,301116,20.8,20.61,21.15,20.58,51685,108820270.0,2.77,0.0,0.0,12.78
2022-06-28,301116,20.62,20.35,20.95,20.16,53743,110789264.0,3.83,-1.26,-0.26,13.29
2022-06-29,301116,20.25,20.09,20.96,20.08,63693,131891601.0,4.32,-1.28,-0.26,15.74
2022-06-30,301116,19.96,20.6,20.87,19.96,77542,161034305.0,4.53,2.54,0.51,18.39
2022-07-01,301116,20.4,20.18,20.89,20.06,57860,118513266.0,4.03,-2.04,-0.42,13.72
2022-07-04,301116,20.28,20.83,20.91,20.12,76662,159487794.0,3.91,3.22,0.65,18.18
2022-07-05,301116,20.59,20.3,20.6,20.05,60188,123316766.0,2.64,-2.54,-0.53,14.27
2022-07-06,301116,20.27,19.36,20.27,19.08,64738,128146827.0,5.86,-4.63,-0.94,15.35
2022-07-07,301116,19.29,19.24,19.49,19.01,31807,61821326.0,2.48,-0.62,-0.12,7.54
2022-07-08,301116,19.24,19.36,19.59,19.12,26909,52539694.0,2.44,0.62,0.12,6.38
2022-07-11,301116,19.5,19.36,19.92,19.34,33983,67376299.0,3.0,0.0,0.0,8.06
2022-07-12,301116,19.3,18.6,19.6,18.6,43684,83440994.0,5.17,-3.93,-0.76,10.36
2022-07-13,301116,18.59,18.45,18.66,17.93,38719,71504039.0,3.92,-0.81,-0.15,9.18
2022-07-14,301116,18.4,18.54,18.69,18.27,22966,42963886.0,2.28,0.49,0.09,5.45
2022-07-15,301116,18.54,17.85,18.67,17.85,32626,60197769.0,4.42,-3.72,-0.69,7.74
2022-07-18,301116,17.65,18.44,18.56,17.5,49379,90810043.0,5.94,3.31,0.59,11.01
2022-07-19,301116,18.51,18.12,18.62,18.05,40192,74279358.0,3.09,-1.74,-0.32,8.96
2022-07-20,301116,18.14,18.09,18.3,17.93,25680,46968467.0,2.04,-0.17,-0.03,5.72
2022-07-21,301116,18.04,17.96,18.16,17.88,25317,46059516.0,1.55,-0.72,-0.13,5.64
2022-07-22,301116,18.0,17.7,18.1,17.51,32349,58246606.0,3.29,-1.45,-0.26,7.21
2022-07-25,301116,17.61,17.4,17.76,17.23,25398,44933632.0,2.99,-1.69,-0.3,5.66
2022-07-26,301116,17.42,17.53,17.58,17.1,24645,43187191.0,2.76,0.75,0.13,5.49
2022-07-27,301116,17.46,17.6,17.62,17.43,16293,28899778.0,1.08,0.4,0.07,3.63
2022-07-28,301116,17.69,17.56,17.92,17.54,22340,40053735.0,2.16,-0.23,-0.04,4.98
2022-07-29,301116,17.68,17.21,17.68,17.17,23717,41791145.0,2.9,-1.99,-0.35,5.29
2022-08-01,301116,17.23,17.61,17.74,16.92,33501,58782060.0,4.76,2.32,0.4,7.47
2022-08-02,301116,17.4,16.29,17.45,16.25,39655,66709335.0,6.81,-7.5,-1.32,8.84
2022-08-03,301116,16.3,16.41,16.83,16.26,25301,42350373.0,3.5,0.74,0.12,5.64
2022-08-04,301116,16.51,16.66,16.7,16.36,16953,28399309.0,2.07,1.52,0.25,3.78
2022-08-05,301116,16.63,16.84,16.9,16.58,21830,37001878.0,1.92,1.08,0.18,4.87
2022-08-08,301116,16.84,16.97,17.09,16.71,17730,30452499.0,2.26,0.77,0.13,3.95
2022-08-09,301116,17.03,16.74,17.08,16.68,17648,29983069.0,2.36,-1.36,-0.23,3.93
2022-08-10,301116,16.72,16.62,16.91,16.43,21465,36053922.0,2.87,-0.72,-0.12,4.79
2022-08-11,301116,16.65,16.91,16.94,16.6,23355,39760181.0,2.05,1.74,0.29,5.21
2022-08-12,301116,16.96,16.94,17.2,16.78,28853,49533466.0,2.48,0.18,0.03,6.43
2022-08-15,301116,16.93,17.02,17.11,16.58,25459,43241909.0,3.13,0.47,0.08,5.68
2022-08-16,301116,16.95,17.3,17.55,16.93,35552,62145916.0,3.64,1.65,0.28,7.93
2022-08-17,301116,17.36,17.44,17.49,17.13,23349,40871138.0,2.08,0.81,0.14,5.21
2022-08-18,301116,17.4,16.99,17.4,16.91,23763,40990881.0,2.81,-2.58,-0.45,5.3
2022-08-19,301116,16.97,17.05,17.52,16.97,34943,60999340.0,3.24,0.35,0.06,7.79
2022-08-22,301116,17.37,17.23,17.81,16.99,42791,75414287.0,4.81,1.06,0.18,9.54
2022-08-23,301116,17.1,17.07,17.47,16.59,30582,52971995.0,5.11,-0.93,-0.16,6.82
2022-08-24,301116,17.17,16.8,17.47,16.75,36608,63130912.0,4.22,-1.58,-0.27,8.16
2022-08-25,301116,16.86,17.18,17.27,16.72,37722,65085365.0,3.27,2.26,0.38,8.41
2022-08-26,301116,17.01,16.71,17.4,16.71,39081,66990687.0,4.02,-2.74,-0.47,8.71
2022-08-29,301116,16.46,17.29,17.5,16.45,45404,78904562.0,6.28,3.47,0.58,10.12
2022-08-30,301116,17.18,17.26,17.4,17.04,27460,47721370.0,2.08,-0.17,-0.03,6.12
2022-08-31,301116,17.13,17.95,18.08,17.08,95771,171530716.0,5.79,4.0,0.69,21.35
2022-09-01,301116,17.8,17.89,18.31,17.55,78375,141740673.0,4.23,-0.33,-0.06,17.47
2022-09-02,301116,17.7,17.39,17.7,17.2,57448,100912078.0,2.79,-2.79,-0.5,12.81
2022-09-05,301116,17.3,16.91,17.49,16.7,40010,68599373.0,4.54,-2.76,-0.48,8.92
2022-09-06,301116,16.82,16.82,16.99,16.78,20672,35245320.0,1.24,-0.53,-0.09,4.61
2022-09-07,301116,16.88,16.86,17.12,16.71,24861,42625375.0,2.44,0.24,0.04,5.54
2022-09-08,301116,16.83,16.47,17.01,16.47,29489,49677985.0,3.2,-2.31,-0.39,6.57
2022-09-09,301116,16.55,16.46,16.57,16.35,15457,25733443.0,1.34,-0.06,-0.01,3.45
2022-09-13,301116,16.55,16.76,16.9,16.48,19156,32421156.0,2.55,1.82,0.3,4.27
2022-09-14,301116,16.54,16.82,16.94,16.4,22652,38389601.0,3.22,0.36,0.06,5.05
2022-09-15,301116,16.92,16.87,17.07,16.56,26014,44384567.0,3.03,0.3,0.05,5.8
2022-09-16,301116,16.8,16.25,16.95,16.24,25987,43479298.0,4.21,-3.68,-0.62,5.79
2022-09-19,301116,16.25,15.64,16.27,15.62,19323,30999946.0,4.0,-3.75,-0.61,4.31
2022-09-20,301116,15.72,16.26,16.41,15.7,26606,43400128.0,4.54,3.96,0.62,5.93
2022-09-21,301116,16.14,15.94,16.31,15.74,21636,34832060.0,3.51,-1.97,-0.32,4.82
2022-09-22,301116,15.8,15.42,16.06,15.4,21088,33553035.0,4.14,-3.26,-0.52,4.7
2022-09-23,301116,15.42,14.85,15.48,14.68,23537,35879158.0,5.19,-3.7,-0.57,5.25
2022-09-26,301116,14.7,14.29,14.82,14.19,24528,36048529.0,4.24,-3.77,-0.56,5.47
2022-09-27,301116,14.32,15.06,15.07,14.27,28818,43147049.0,5.6,5.39,0.77,6.42
2022-09-28,301116,15.03,15.2,15.74,14.92,37941,59051972.0,5.44,0.93,0.14,8.46
2022-09-29,301116,15.3,14.88,15.4,14.78,24285,37117426.0,4.08,-2.11,-0.32,5.41
2022-09-30,301116,15.1,14.65,15.2,14.6,14827,22230430.0,4.03,-1.55,-0.23,3.31
2022-10-10,301116,14.96,15.21,15.67,14.96,41385,64369157.0,4.85,3.82,0.56,9.23
2022-10-11,301116,14.96,14.91,15.28,14.6,28570,42920134.0,4.47,-1.97,-0.3,6.37
2022-10-12,301116,14.88,15.48,15.55,14.63,32767,50377329.0,6.17,3.82,0.57,7.3
2022-10-13,301116,15.37,15.76,16.06,15.23,36188,57551552.0,5.36,1.81,0.28,8.07
2022-10-14,301116,15.65,15.74,15.91,15.65,26279,41955092.0,1.65,-0.13,-0.02,5.86
2022-10-17,301116,15.55,15.82,15.88,15.55,17674,28213918.0,2.1,0.51,0.08,3.94
2022-10-18,301116,15.79,16.42,17.7,15.75,60945,103464625.0,12.33,3.79,0.6,13.59
2022-10-19,301116,16.1,15.79,16.82,15.6,48779,79094110.0,7.43,-3.84,-0.63,10.87
2022-10-20,301116,15.7,15.66,16.13,15.47,29034,46573751.0,4.18,-0.82,-0.13,6.47
2022-10-21,301116,15.78,15.42,15.78,15.41,20379,32080876.0,2.36,-1.53,-0.24,4.54
2022-10-24,301116,15.66,15.15,15.79,15.11,22157,34668387.0,4.41,-1.75,-0.27,4.94
2022-10-25,301116,14.85,14.59,15.24,14.2,39806,59027738.0,6.86,-3.7,-0.56,8.87
2022-10-26,301116,14.55,14.86,15.05,14.35,28317,42530968.0,4.8,1.85,0.27,6.31
2022-10-27,301116,14.79,14.98,15.24,14.79,23777,36317148.0,3.03,0.81,0.12,5.3
2022-10-28,301116,15.09,14.15,15.09,14.08,27467,40015801.0,6.74,-5.54,-0.83,6.12
2022-10-31,301116,13.98,14.33,14.45,13.98,15579,22538819.0,3.32,1.27,0.18,3.47
2022-11-01,301116,14.38,14.9,14.94,14.35,24776,37107154.0,4.12,3.98,0.57,5.52
2022-11-02,301116,14.9,15.42,15.57,14.8,34553,53715327.0,5.17,3.49,0.52,7.7
2022-11-03,301116,15.29,15.7,16.03,15.29,32419,51302367.0,4.8,1.82,0.28,7.23
2022-11-04,301116,15.76,15.54,15.81,15.51,22874,36255755.0,1.91,-1.02,-0.16,5.1
2022-11-07,301116,15.54,15.69,15.86,15.48,23390,37110995.0,2.45,0.97,0.15,5.21
2022-11-08,301116,15.67,15.7,16.39,15.57,27099,43394218.0,5.23,0.06,0.01,6.04
2022-11-09,301116,15.7,15.4,15.89,15.4,24105,38113077.0,3.12,-1.91,-0.3,5.37
2022-11-10,301116,15.46,15.76,15.85,15.3,29170,46216748.0,3.57,2.34,0.36,6.5
2022-11-11,301116,16.06,15.78,16.11,15.68,28505,45872705.0,2.73,0.13,0.02,6.35
2022-11-14,301116,16.0,16.13,16.4,15.82,34763,56880404.0,3.68,2.22,0.35,7.75
2022-11-15,301116,16.13,16.0,16.25,15.85,27843,45073624.0,2.48,-0.81,-0.13,6.21
2022-11-16,301116,15.92,16.02,16.28,15.86,18934,30827414.0,2.63,0.13,0.02,4.22
2022-11-17,301116,15.96,16.26,16.38,15.96,22958,37673433.0,2.62,1.5,0.24,5.12
2022-11-18,301116,16.26,15.88,16.39,15.88,21023,34220167.0,3.14,-2.34,-0.38,4.69
2022-11-21,301116,15.89,16.1,16.12,15.6,23863,38283520.0,3.27,1.39,0.22,5.32
2022-11-22,301116,16.3,15.77,16.32,15.65,24733,39972557.0,4.16,-2.05,-0.33,5.51
2022-11-23,301116,15.7,15.43,15.89,15.34,17612,27647774.0,3.49,-2.16,-0.34,3.93
2022-11-24,301116,15.56,15.26,15.86,15.25,20227,31760355.0,3.95,-1.1,-0.17,4.51
2022-11-25,301116,15.27,15.33,15.5,15.15,11973,18582217.0,2.29,0.46,0.07,2.67
2022-11-28,301116,15.05,15.11,15.16,14.65,15329,23199447.0,3.33,-1.44,-0.22,3.42
2022-11-29,301116,15.01,16.09,16.23,15.01,44536,71603120.0,8.07,6.49,0.98,9.93
2022-11-30,301116,15.82,15.98,16.19,15.77,29556,47702320.0,2.61,-0.68,-0.11,6.59
2022-12-01,301116,16.15,16.58,17.03,16.13,61024,102709255.0,5.63,3.75,0.6,13.6
2022-12-02,301116,16.4,16.55,16.88,16.32,45655,76783760.0,3.38,-0.18,-0.03,10.18
2022-12-05,301116,16.7,16.39,16.78,16.37,31779,53166839.0,2.48,-0.97,-0.16,7.08
2022-12-06,301116,16.39,16.54,17.06,16.35,41897,71048802.0,4.33,0.92,0.15,9.34
2022-12-07,301116,16.8,17.09,17.49,16.46,65372,112451992.0,6.23,3.33,0.55,14.57
2022-12-08,301116,16.95,16.47,16.95,16.44,43139,72682835.0,2.98,-3.63,-0.62,9.62
2022-12-09,301116,16.45,16.82,16.89,16.16,35737,59856349.0,4.43,2.13,0.35,7.97
2022-12-12,301116,16.65,16.99,18.14,16.65,55411,96729831.0,8.86,1.01,0.17,12.35
2022-12-13,301116,16.9,17.64,17.98,16.82,90331,160261657.0,6.83,3.83,0.65,20.14
2022-12-14,301116,17.3,18.33,18.57,16.94,128270,232193815.0,9.24,3.91,0.69,28.6
2022-12-15,301116,17.98,17.5,18.18,17.49,83339,149539943.0,3.76,-4.53,-0.83,18.58
2022-12-16,301116,17.15,17.32,17.64,17.11,47867,84204867.0,3.03,-1.03,-0.18,10.67
2022-12-19,301116,17.25,18.01,18.49,16.7,118202,213208672.0,10.33,3.98,0.69,26.35
2022-12-20,301116,17.79,17.18,18.05,17.03,68838,121991547.0,5.66,-4.61,-0.83,15.35
2022-12-21,301116,17.08,19.19,20.07,17.08,191144,368675976.0,17.4,11.7,2.01,42.61
2022-12-22,301116,19.1,18.8,19.68,18.46,168542,325823024.0,6.36,-2.03,-0.39,37.57
2022-12-23,301116,18.79,19.04,19.4,18.15,135231,258540320.0,6.65,1.28,0.24,30.15
2022-12-26,301116,18.52,18.76,19.35,18.42,109467,209204078.0,4.88,-1.47,-0.28,24.4
2022-12-27,301116,18.42,18.34,18.87,17.63,87045,159961326.0,6.61,-2.24,-0.42,19.41
2022-12-28,301116,18.1,17.68,18.2,17.3,72878,130660707.0,4.91,-3.6,-0.66,16.25
2022-12-29,301116,17.55,16.64,17.58,16.56,73568,126605007.0,5.77,-5.88,-1.04,16.4
2022-12-30,301116,16.55,16.89,17.04,16.4,58863,99661816.0,3.85,1.5,0.25,13.12
2023-01-03,301116,16.84,16.78,16.95,16.32,48385,81323887.0,3.73,-0.65,-0.11,11.15
2023-01-04,301116,16.71,17.25,17.56,16.58,71774,124537532.0,5.84,2.8,0.47,16.54
2023-01-05,301116,17.04,16.93,17.08,16.53,56756,96486216.0,3.19,-1.86,-0.32,13.08
2023-01-06,301116,16.84,16.34,16.84,16.33,52494,87582702.0,3.01,-3.48,-0.59,12.1
2023-01-09,301116,16.34,16.58,16.73,16.0,54762,90904876.0,4.47,1.47,0.24,12.62
2023-01-10,301116,16.39,15.83,16.49,15.8,54904,89145307.0,4.16,-4.52,-0.75,12.73
2023-01-11,301116,15.98,15.51,15.98,15.5,29823,47276170.0,3.03,-2.02,-0.32,6.91
2023-01-12,301116,15.5,15.22,15.59,15.2,28155,43797994.0,2.51,-1.87,-0.29,6.53
2023-01-13,301116,15.2,15.24,15.48,15.15,24875,38624086.0,2.17,0.13,0.02,5.77
2023-01-16,301116,15.2,15.37,15.43,15.1,23068,35857359.0,2.17,0.85,0.13,5.35
2023-01-17,301116,15.27,15.08,15.44,15.05,24939,38349294.0,2.54,-1.89,-0.29,5.78
2023-01-18,301116,15.14,15.18,15.27,15.05,14912,22908436.0,1.46,0.66,0.1,3.46
2023-01-19,301116,15.2,15.1,15.35,15.1,17804,27385431.0,1.65,-0.53,-0.08,4.13
2023-01-20,301116,14.78,14.35,15.18,14.15,135561,199099979.0,6.82,-4.97,-0.75,11.64
2023-01-30,301116,14.45,14.7,14.78,14.43,76921,114086788.0,2.44,2.44,0.35,6.6
2023-01-31,301116,14.75,14.81,14.96,14.68,64238,96361442.0,1.9,0.75,0.11,5.51
2023-02-01,301116,14.8,14.98,14.99,14.78,50436,76138146.0,1.42,1.15,0.17,4.33
2023-02-02,301116,14.99,15.37,15.4,14.87,99212,152346506.0,3.54,2.6,0.39,8.52
2023-02-03,301116,15.32,15.22,15.32,15.01,68731,105579273.0,2.02,-0.98,-0.15,5.9
2023-02-06,301116,15.11,15.29,15.35,15.09,57375,88559286.0,1.71,0.46,0.07,4.92
2023-02-07,301116,15.62,15.37,15.62,15.27,79714,124599751.0,2.29,0.52,0.08,6.84
2023-02-08,301116,15.33,15.15,15.55,15.13,59613,92514680.0,2.73,-1.43,-0.22,5.12
2023-02-09,301116,15.15,15.34,15.5,15.1,58634,91022138.0,2.64,1.25,0.19,5.03
2023-02-10,301116,15.38,15.78,15.8,15.3,96691,152499249.0,3.26,2.87,0.44,8.3
2023-02-13,301116,15.88,16.16,16.28,15.72,139407,226433769.0,3.55,2.41,0.38,11.97
2023-02-14,301116,16.18,15.9,16.28,15.83,69562,112575905.0,2.78,-1.61,-0.26,5.97
2023-02-15,301116,16.1,15.97,16.3,15.85,61141,99112054.0,2.83,0.44,0.07,5.25
2023-02-16,301116,15.91,16.21,16.67,15.88,138252,228296769.0,4.95,1.5,0.24,11.87
2023-02-17,301116,16.09,16.39,16.66,16.09,114551,190839541.0,3.52,1.11,0.18,9.83
2023-02-20,301116,16.79,16.93,17.2,16.39,134772,229207928.0,4.94,3.29,0.54,11.57
2023-02-21,301116,17.15,16.97,17.5,16.83,134355,232446398.0,3.96,0.24,0.04,11.53
2023-02-22,301116,16.84,17.08,17.45,16.74,79265,137079174.0,4.18,0.65,0.11,6.8
2023-02-23,301116,16.99,17.12,17.6,16.9,103297,180062585.0,4.1,0.23,0.04,8.87
2023-02-24,301116,17.18,17.56,17.79,17.13,118276,209249237.0,3.86,2.57,0.44,10.15
2023-02-27,301116,17.7,17.43,17.94,17.23,87119,153699383.0,4.04,-0.74,-0.13,7.48
2023-02-28,301116,17.2,17.0,17.2,16.81,97933,168470005.0,2.24,-2.47,-0.43,8.41
2023-03-01,301116,16.98,16.83,17.11,16.63,87992,149515622.0,2.82,-1.0,-0.17,7.55
2023-03-02,301116,16.8,16.73,16.83,16.55,56636,95670758.0,1.66,-0.59,-0.1,4.86
2023-03-03,301116,16.66,16.46,16.85,16.37,63781,106749303.0,2.87,-1.61,-0.27,5.47
2023-03-06,301116,16.51,16.89,17.25,16.21,105331,179093882.0,6.32,2.61,0.43,9.04
2023-03-07,301116,16.8,16.46,17.2,16.46,85872,146221478.0,4.38,-2.55,-0.43,7.37
2023-03-08,301116,16.34,16.45,16.58,16.22,39585,65749166.0,2.19,-0.06,-0.01,3.4
2023-03-09,301116,16.58,16.36,16.82,16.16,48337,80737567.0,4.01,-0.55,-0.09,4.15
2023-03-10,301116,16.19,16.02,16.45,15.97,46829,76522328.0,2.93,-2.08,-0.34,4.02
2023-03-13,301116,15.9,15.98,16.17,15.66,38545,61823941.0,3.18,-0.25,-0.04,3.31
2023-03-14,301116,15.9,15.97,16.42,15.84,51498,84039982.0,3.63,-0.06,-0.01,4.42
2023-03-15,301116,15.95,15.9,16.16,15.86,29578,47830976.0,1.88,-0.44,-0.07,2.54
2023-03-16,301116,15.86,15.39,15.86,15.39,41270,65183267.0,2.96,-3.21,-0.51,3.54
2023-03-17,301116,15.46,15.29,15.59,15.27,32482,50702493.0,2.08,-0.65,-0.1,2.79
2023-03-20,301116,15.1,15.0,15.14,14.76,53129,80477084.0,2.49,-1.9,-0.29,4.56
2023-03-21,301116,15.0,15.25,15.26,14.9,29622,45408849.0,2.4,1.67,0.25,2.54
2023-03-22,301116,15.09,15.21,15.46,15.09,29803,46153171.0,2.43,-0.26,-0.04,2.56
2023-03-23,301116,15.14,15.33,15.44,15.11,26253,40671922.0,2.17,0.79,0.12,2.25
2023-03-24,301116,15.31,15.47,15.58,15.26,31173,48779478.0,2.09,0.91,0.14,2.68
2023-03-27,301116,15.47,15.33,15.55,15.13,31421,48710087.0,2.71,-0.9,-0.14,2.7
2023-03-28,301116,15.33,15.43,15.58,15.16,37577,58570501.0,2.74,0.65,0.1,3.23
2023-03-29,301116,15.34,15.09,15.34,15.05,37662,57845036.0,1.88,-2.2,-0.34,3.23
2023-03-30,301116,15.08,15.7,15.7,15.08,61302,96118005.0,4.11,4.04,0.61,5.26
2023-03-31,301116,15.69,15.65,16.09,15.55,56261,89969092.0,3.44,-0.32,-0.05,4.83
2023-04-03,301116,15.58,15.51,15.87,15.41,48675,76907699.0,2.94,-0.89,-0.14,4.18
2023-04-04,301116,15.49,15.3,15.88,15.25,48766,76512784.0,4.06,-1.35,-0.21,4.19
2023-04-06,301116,15.31,15.23,15.45,15.07,33748,52082317.0,2.48,-0.46,-0.07,2.9
2023-04-07,301116,15.22,15.34,15.34,15.07,23794,36776803.0,1.77,0.72,0.11,2.04
2023-04-10,301116,15.7,15.27,15.77,15.08,45271,70664113.0,4.5,-0.46,-0.07,3.89
2023-04-11,301116,15.33,15.2,15.38,15.0,28505,43701150.0,2.49,-0.46,-0.07,2.45
2023-04-12,301116,15.16,14.8,15.26,14.73,42742,64608806.0,3.49,-2.63,-0.4,3.67
2023-04-13,301116,14.85,14.83,14.93,14.67,25382,38096297.0,1.76,0.2,0.03,2.18
2023-04-14,301116,14.71,14.79,14.97,14.67,23789,35731863.0,2.02,-0.27,-0.04,2.04
2023-04-17,301116,14.72,15.1,15.13,14.72,34803,52776850.0,2.77,2.1,0.31,2.99
2023-04-18,301116,15.04,15.03,15.23,14.82,25467,38782178.0,2.72,-0.46,-0.07,2.19
2023-04-19,301116,14.97,15.41,15.64,14.95,49989,77678034.0,4.59,2.53,0.38,4.29
2023-04-20,301116,15.47,15.34,15.63,15.11,34343,53086125.0,3.37,-0.45,-0.07,2.95
2023-04-21,301116,15.8,16.4,16.78,15.35,217996,354779011.0,9.32,6.91,1.06,18.71
2023-04-24,301116,16.2,16.69,16.72,15.92,150968,249149582.0,4.88,1.77,0.29,12.96
2023-04-25,301116,16.5,16.44,16.68,16.15,97759,162240365.0,3.18,-1.5,-0.25,8.39
2023-04-26,301116,16.43,17.3,17.48,16.21,147238,250816639.0,7.73,5.23,0.86,12.64
2023-04-27,301116,16.99,16.78,17.2,16.68,94112,161332344.0,3.01,-3.01,-0.52,8.08
2023-04-28,301116,16.76,16.6,16.76,16.32,86914,145875311.0,2.62,-1.07,-0.18,7.46
2023-05-04,301116,16.35,16.66,16.86,16.35,71513,120364467.0,3.07,0.36,0.06,6.14
2023-05-05,301116,16.7,16.2,16.77,16.0,78880,129623035.0,4.62,-2.76,-0.46,6.77
2023-05-08,301116,16.25,15.62,16.25,15.55,77382,123524828.0,4.32,-3.58,-0.58,6.64
2023-05-09,301116,15.55,15.47,15.62,15.22,51903,80958237.0,2.56,-0.96,-0.15,4.46
2023-05-10,301116,15.28,15.25,15.4,14.97,49284,75702819.0,2.78,-1.42,-0.22,4.23
2023-05-11,301116,15.12,15.2,15.46,15.11,37754,58436032.0,2.3,-0.33,-0.05,3.24
2023-05-12,301116,15.16,15.14,15.67,15.01,55538,86325426.0,4.34,-0.39,-0.06,4.77
2023-05-15,301116,15.17,15.4,15.41,15.02,45586,70548771.0,2.58,1.72,0.26,3.91
2023-05-16,301116,15.32,15.23,15.46,15.16,38593,59852052.0,1.95,-1.1,-0.17,3.31
2023-05-17,301116,15.19,15.33,15.36,15.09,26379,40730690.0,1.77,0.66,0.1,2.26
2023-05-18,301116,15.3,15.1,15.46,14.95,50520,77480295.0,3.33,-1.5,-0.23,4.34
2023-05-19,301116,15.1,15.24,15.35,14.95,36225,55753445.0,2.65,0.93,0.14,3.11
2023-05-22,301116,15.27,15.64,15.68,15.19,51807,81470754.0,3.22,2.62,0.4,4.45
2023-05-23,301116,15.52,15.55,15.7,15.51,28184,44495324.0,1.21,-0.58,-0.09,2.42
2023-05-24,301116,15.42,15.48,15.52,15.25,29464,45914151.0,1.74,-0.45,-0.07,2.53
2023-05-25,301116,15.22,15.12,15.36,14.96,42422,65067156.0,2.58,-2.33,-0.36,3.64
2023-05-26,301116,15.12,15.0,15.16,14.85,27413,41572207.0,2.05,-0.79,-0.12,2.35
2023-05-29,301116,15.04,15.07,15.14,14.87,23400,35566235.0,1.8,0.47,0.07,2.01
2023-05-30,301116,14.92,14.94,15.08,14.77,28242,42658785.0,2.06,-0.86,-0.13,2.42
2023-05-31,301116,14.87,14.97,15.06,14.87,19612,29738990.0,1.27,0.2,0.03,1.68
2023-06-01,301116,14.92,15.27,15.32,14.92,34739,53520973.0,2.67,2.0,0.3,2.98
2023-06-02,301116,15.27,15.48,15.54,15.18,42426,66208033.0,2.36,1.38,0.21,3.64
2023-06-05,301116,15.48,15.56,15.63,15.37,28031,44093569.0,1.68,0.52,0.08,2.41
2023-06-06,301116,15.56,15.18,15.76,15.17,31230,48677559.0,3.79,-2.44,-0.38,2.68
2023-06-07,301116,15.35,15.14,15.35,15.05,23050,35418989.0,1.98,-0.26,-0.04,1.98
2023-06-08,301116,15.09,15.6,15.89,15.09,57749,91092593.0,5.28,3.04,0.46,4.96
2023-06-09,301116,15.54,15.85,15.97,15.4,66015,105003829.0,3.65,1.6,0.25,5.67
2023-06-12,301116,15.83,15.91,16.13,15.6,50628,81123096.0,3.34,0.38,0.06,4.35
2023-06-13,301116,15.91,15.85,16.16,15.72,37360,59929333.0,2.77,-0.38,-0.06,3.21
2023-06-14,301116,15.89,15.97,16.29,15.72,51313,83077760.0,3.6,0.76,0.12,4.4
2023-06-15,301116,15.83,15.78,15.99,15.67,39314,62637635.0,2.0,-1.19,-0.19,3.37
2023-06-16,301116,15.75,15.78,15.97,15.7,27645,44094857.0,1.71,0.0,0.0,2.37
2023-06-19,301116,15.78,15.21,15.9,15.18,52005,81117887.0,4.56,-3.61,-0.57,4.46
2023-06-20,301116,15.16,14.92,15.33,14.9,40625,61635846.0,2.83,-1.91,-0.29,3.49
2023-06-21,301116,14.92,14.9,15.03,14.79,31223,47057359.0,1.61,-0.13,-0.02,2.68
2023-06-26,301116,14.83,14.7,14.89,14.52,28777,42631599.0,2.48,-1.34,-0.2,2.47
2023-06-27,301116,14.66,14.92,14.94,14.63,20144,30258287.0,2.11,1.5,0.22,1.73
2023-06-28,301116,14.93,15.02,15.16,14.66,33961,51267087.0,3.35,0.67,0.1,2.92
2023-06-29,301116,14.92,15.01,15.15,14.88,21930,33273606.0,1.8,-0.07,-0.01,1.88
2023-06-30,301116,15.01,15.25,15.39,14.97,32239,49507754.0,2.8,1.6,0.24,2.77
2023-07-03,301116,15.3,15.4,15.49,15.18,29937,46521393.0,2.03,0.98,0.15,2.57
2023-07-04,301116,15.4,15.4,15.42,15.19,23709,36647358.0,1.49,0.0,0.0,2.04
2023-07-05,301116,15.31,15.23,15.41,15.15,16920,26022105.0,1.69,-1.1,-0.17,1.45
2023-07-06,301116,15.19,15.32,15.4,15.11,21361,32938965.0,1.9,0.59,0.09,1.83
2023-07-07,301116,15.25,15.5,15.53,15.21,36570,56956210.0,2.09,1.17,0.18,3.14
2023-07-10,301116,15.6,15.54,15.81,15.51,33108,52273210.0,1.94,0.26,0.04,2.84
2023-07-11,301116,15.78,15.62,15.83,15.53,30581,48381759.0,1.93,0.51,0.08,2.62
2023-07-12,301116,15.55,15.44,15.75,15.44,22959,36039926.0,1.98,-1.15,-0.18,1.97
2023-07-13,301116,15.44,15.77,15.9,15.43,32660,51765652.0,3.04,2.14,0.33,2.8
2023-07-14,301116,15.74,15.64,15.88,15.61,22196,35161775.0,1.71,-0.82,-0.13,1.91
2023-07-17,301116,15.54,15.69,15.74,15.32,22199,34916161.0,2.69,0.32,0.05,1.91
2023-07-18,301116,15.74,15.79,15.89,15.56,32662,51823621.0,2.1,0.64,0.1,2.8
2023-07-19,301116,15.79,15.73,15.84,15.61,26165,41494710.0,1.46,-0.38,-0.06,2.25
2023-07-20,301116,15.67,15.73,16.35,15.64,90054,144880857.0,4.51,0.0,0.0,7.73
2023-07-21,301116,15.57,16.36,16.54,15.57,130968,213978084.0,6.17,4.01,0.63,11.24
2023-07-24,301116,16.23,15.93,16.23,15.69,94810,151963716.0,3.3,-2.63,-0.43,8.14
2023-07-25,301116,15.93,16.01,16.06,15.8,71015,114128117.0,1.63,0.5,0.08,6.1
2023-07-26,301116,15.93,16.51,16.51,15.72,115890,189066669.0,4.93,3.12,0.5,9.95
2023-07-27,301116,16.23,16.14,16.5,16.05,84273,138419450.0,2.73,-2.24,-0.37,7.23
2023-07-28,301116,16.09,16.8,17.4,16.05,158116,268575591.0,8.36,4.09,0.66,13.57
2023-07-31,301116,16.83,17.43,17.63,16.58,179371,309717014.0,6.25,3.75,0.63,15.4
2023-08-01,301116,17.76,17.05,18.21,17.01,186307,327676798.0,6.88,-2.18,-0.38,15.99
2023-08-02,301116,16.99,16.82,17.35,16.68,118931,203418688.0,3.93,-1.35,-0.23,10.21
2023-08-03,301116,16.95,17.52,18.18,16.8,226745,401958139.0,8.2,4.16,0.7,19.46
2023-08-04,301116,17.34,16.75,17.57,16.7,181026,311531766.0,4.97,-4.39,-0.77,15.54
2023-08-07,301116,16.56,16.41,16.73,16.35,97254,161792360.0,2.27,-2.03,-0.34,8.35
2023-08-08,301116,16.38,16.44,16.7,16.11,99319,164465043.0,3.6,0.18,0.03,8.53
2023-08-09,301116,16.34,16.28,16.59,16.25,59349,97944782.0,2.07,-0.97,-0.16,5.09
2023-08-10,301116,16.21,16.46,16.72,16.12,62403,103127291.0,3.69,1.11,0.18,5.36
2023-08-11,301116,16.46,16.05,16.6,16.05,53176,87324249.0,3.34,-2.49,-0.41,4.56
2023-08-14,301116,15.91,15.95,16.11,15.77,38758,62274674.0,2.12,-0.62,-0.1,3.33
2023-08-15,301116,15.92,15.82,16.14,15.74,42302,67996215.0,2.51,-0.82,-0.13,3.63
2023-08-16,301116,15.69,15.74,16.03,15.55,38849,61878629.0,3.03,-0.51,-0.08,3.33
2023-08-17,301116,15.69,15.99,16.0,15.5,42947,68658984.0,3.18,1.59,0.25,3.69
2023-08-18,301116,15.93,15.68,16.04,15.67,35000,55977400.0,2.31,-1.94,-0.31,3.0
2023-08-21,301116,15.57,15.63,15.83,15.56,22166,35125403.0,1.72,-0.32,-0.05,1.9
2023-08-22,301116,15.57,15.48,15.8,15.17,38437,59819344.0,4.03,-0.96,-0.15,3.3
2023-08-23,301116,15.42,15.55,15.75,15.3,34812,54702900.0,2.91,0.45,0.07,2.99
2023-08-24,301116,15.62,16.31,16.31,15.25,83710,134635353.0,6.82,4.89,0.76,7.19
2023-08-25,301116,15.82,15.42,16.25,15.4,114441,183145539.0,5.21,-5.46,-0.89,9.82
2023-08-28,301116,15.95,14.82,16.05,14.65,136421,211004735.0,9.08,-3.89,-0.6,11.71
2023-08-29,301116,14.66,15.12,15.15,14.56,85079,127799435.0,3.98,2.02,0.3,7.3
2023-08-30,301116,15.07,15.01,15.27,14.9,54809,83427606.0,2.45,-0.73,-0.11,4.7
2023-08-31,301116,15.08,14.8,15.08,14.66,39440,58921823.0,2.8,-1.4,-0.21,3.39
2023-09-01,301116,14.8,15.21,15.6,14.75,83621,129224741.0,5.74,2.77,0.41,7.18
2023-09-04,301116,15.08,15.36,15.39,15.07,46637,71837563.0,2.1,0.99,0.15,4.0
2023-09-05,301116,15.28,15.13,15.34,15.03,33942,51945637.0,2.02,-1.5,-0.23,2.91
2023-09-06,301116,15.1,14.98,15.1,14.85,31214,47080564.0,1.65,-0.99,-0.15,2.68
2023-09-07,301116,14.95,14.82,15.08,14.8,28371,42779214.0,1.87,-1.07,-0.16,2.44
2023-09-08,301116,14.73,15.04,15.06,14.67,27681,41691184.0,2.63,1.48,0.22,2.38
2023-09-11,301116,14.95,15.11,15.21,14.95,31059,47333912.0,1.73,0.47,0.07,2.67
2023-09-12,301116,15.06,15.1,15.29,15.0,32977,50508014.0,1.92,-0.07,-0.01,2.83
2023-09-13,301116,15.02,14.93,15.17,14.8,27925,42241605.0,2.45,-1.13,-0.17,2.4
2023-09-14,301116,14.94,14.73,15.0,14.61,25191,37524466.0,2.61,-1.34,-0.2,2.16
2023-09-15,301116,14.73,14.8,14.89,14.66,18219,27197022.0,1.56,0.48,0.07,1.56
2023-09-18,301116,14.79,15.0,15.03,14.61,28486,42895537.0,2.84,1.35,0.2,2.45
2023-09-19,301116,14.97,14.85,15.05,14.78,17867,26882108.0,1.8,-1.0,-0.15,1.53
2023-09-20,301116,14.75,14.94,15.08,14.75,23047,34846860.0,2.22,0.61,0.09,1.98
2023-09-21,301116,14.85,14.63,14.87,14.6,28516,42457477.0,1.81,-2.07,-0.31,2.45
2023-09-22,301116,14.52,14.69,14.73,14.16,28029,41132092.0,3.9,0.41,0.06,2.41
2023-09-25,301116,14.69,14.61,14.75,14.51,21308,31497085.0,1.63,-0.54,-0.08,1.83
2023-09-26,301116,14.6,14.35,14.63,14.34,21511,31346380.0,1.98,-1.78,-0.26,1.85
2023-09-27,301116,14.27,14.41,14.53,14.26,17901,26099883.0,1.88,0.42,0.06,1.54
2023-09-28,301116,14.54,14.45,14.54,14.37,14914,21750691.0,1.18,0.28,0.04,1.28
2023-10-09,301116,14.41,13.88,14.45,13.78,38329,54319706.0,4.64,-3.94,-0.57,3.29
2023-10-10,301116,13.92,13.82,14.05,13.77,20012,28097131.0,2.02,-0.43,-0.06,1.72
2023-10-11,301116,13.84,13.83,13.98,13.78,16532,23182058.0,1.45,0.07,0.01,1.42
2023-10-12,301116,13.87,13.94,14.03,13.84,17456,24570582.0,1.37,0.8,0.11,1.5
2023-10-13,301116,13.85,13.48,13.94,13.45,37220,51158754.0,3.52,-3.3,-0.46,3.19
2023-10-16,301116,13.48,13.51,13.62,13.41,17439,23813841.0,1.56,0.22,0.03,1.5
2023-10-17,301116,13.52,13.51,13.57,13.37,13306,18131886.0,1.48,0.0,0.0,1.14
2023-10-18,301116,13.38,13.17,13.51,13.17,23009,30980646.0,2.52,-2.52,-0.34,1.98
2023-10-19,301116,13.11,12.97,13.3,12.97,26516,35194098.0,2.51,-1.52,-0.2,2.28
2023-10-20,301116,13.0,12.85,13.09,12.84,17279,22620841.0,1.93,-0.93,-0.12,1.48
2023-10-23,301116,12.86,12.52,12.87,12.44,23274,29772038.0,3.35,-2.57,-0.33,2.0
2023-10-24,301116,12.53,12.75,12.78,12.5,21380,27419842.0,2.24,1.84,0.23,1.84
2023-10-25,301116,12.85,12.79,12.96,12.75,22003,28543709.0,1.65,0.31,0.04,1.89
2023-10-26,301116,12.76,12.72,12.81,12.53,23434,30024193.0,2.19,-0.55,-0.07,2.01
2023-10-27,301116,12.54,12.92,12.98,12.47,33491,43397195.0,4.01,1.57,0.2,2.87
2023-10-30,301116,12.86,13.02,13.07,12.7,28522,37275014.0,2.86,0.77,0.1,2.45
2023-10-31,301116,13.0,13.01,13.08,12.83,23647,30949001.0,1.92,-0.08,-0.01,2.03
2023-11-01,301116,12.98,13.21,13.26,12.98,26264,34938091.0,2.15,1.54,0.2,2.25
2023-11-02,301116,13.15,12.94,13.28,12.94,21242,28041098.0,2.57,-2.04,-0.27,1.82
2023-11-03,301116,12.9,13.02,13.15,12.9,20675,27298754.0,1.93,0.62,0.08,1.77
2023-11-06,301116,13.04,13.19,13.19,12.99,35907,47572196.0,1.54,1.31,0.17,3.08
2023-11-07,301116,13.16,13.08,13.16,12.91,31783,41933436.0,1.9,-0.83,-0.11,2.73
2023-11-08,301116,13.12,13.03,13.13,12.93,21989,28972816.0,1.53,-0.38,-0.05,1.89
2023-11-09,301116,13.04,12.91,13.12,12.87,23305,30557667.0,1.92,-0.92,-0.12,2.0
2023-11-10,301116,12.9,12.9,12.94,12.78,18554,24142420.0,1.24,-0.08,-0.01,1.59
2023-11-13,301116,12.97,13.02,13.02,12.84,19867,25981342.0,1.4,0.93,0.12,1.71
2023-11-14,301116,13.02,13.04,13.13,12.95,22664,29835016.0,1.38,0.15,0.02,1.95
2023-11-15,301116,13.09,13.1,13.19,13.04,28820,38234764.0,1.15,0.46,0.06,2.47
2023-11-16,301116,13.11,12.97,13.18,12.96,21892,28857429.0,1.68,-0.99,-0.13,1.88
2023-11-17,301116,12.96,13.05,13.1,12.9,17475,22963507.0,1.54,0.62,0.08,1.5
2023-11-20,301116,13.05,13.22,13.26,13.0,32400,43099137.0,1.99,1.3,0.17,2.78
2023-11-21,301116,13.24,13.22,13.35,13.17,26904,36088099.0,1.36,0.0,0.0,2.31
2023-11-22,301116,13.14,13.17,13.31,13.12,23639,31634562.0,1.44,-0.38,-0.05,2.03
2023-11-23,301116,13.16,13.2,13.24,13.08,22429,29834871.0,1.21,0.23,0.03,1.93
2023-11-24,301116,13.21,13.88,14.48,13.16,172010,238833675.0,10.0,5.15,0.68,14.76
2023-11-27,301116,13.63,13.75,14.04,13.55,131607,183059137.0,3.53,-0.94,-0.13,11.3
2023-11-28,301116,13.68,13.69,13.82,13.23,89637,123012428.0,4.29,-0.44,-0.06,7.69
2023-11-29,301116,13.69,14.27,14.5,13.46,158171,224371140.0,7.6,4.24,0.58,13.58
2023-11-30,301116,14.01,15.18,16.11,14.01,271086,412457890.0,14.72,6.38,0.91,23.27
2023-12-01,301116,15.35,14.78,16.11,14.69,315287,496458692.0,9.35,-2.64,-0.4,27.06
2023-12-04,301116,14.06,14.19,14.41,13.68,225350,319569949.0,4.94,-3.99,-0.59,19.34
2023-12-05,301116,13.96,14.79,15.3,13.96,256081,383410737.0,9.44,4.23,0.6,21.98
2023-12-06,301116,14.56,14.33,15.1,14.25,205622,301752339.0,5.75,-3.11,-0.46,17.65
2023-12-07,301116,14.15,14.2,14.35,13.89,127028,180838174.0,3.21,-0.91,-0.13,10.9
2023-12-08,301116,14.2,13.58,14.41,13.52,138705,195305585.0,6.27,-4.37,-0.62,11.91
2023-12-11,301116,13.19,13.57,13.65,12.99,85467,115488753.0,4.86,-0.07,-0.01,7.34
2023-12-12,301116,13.68,13.77,13.88,13.57,66556,92269965.0,2.28,1.47,0.2,5.71
2023-12-13,301116,13.63,13.34,13.84,13.3,69072,94186090.0,3.92,-3.12,-0.43,5.93
2023-12-14,301116,13.34,13.31,13.48,13.22,46198,62259693.0,1.95,-0.22,-0.03,3.97
2023-12-15,301116,13.28,13.28,13.49,13.23,39766,53677160.0,1.95,-0.23,-0.03,3.41
2023-12-18,301116,13.3,12.75,13.42,12.67,59273,77746211.0,5.65,-3.99,-0.53,5.09
2023-12-19,301116,12.73,12.75,12.82,12.58,45526,58478416.0,1.88,0.0,0.0,3.91
2023-12-20,301116,12.8,12.61,12.85,12.57,30614,39274315.0,2.2,-1.1,-0.14,2.63
2023-12-21,301116,12.57,12.81,12.82,12.42,42258,54116424.0,3.17,1.59,0.2,3.63
2023-12-22,301116,12.81,12.63,12.84,12.58,33365,42810716.0,2.03,-1.41,-0.18,2.86
2023-12-25,301116,12.64,12.48,12.65,12.37,32132,40625527.0,2.22,-1.19,-0.15,2.76
2023-12-26,301116,12.55,12.21,12.56,12.18,29947,37383435.0,3.04,-2.16,-0.27,2.57
2023-12-27,301116,12.25,12.45,12.63,12.06,48303,60159465.0,4.67,1.97,0.24,4.15
2023-12-28,301116,12.42,12.66,12.77,12.33,45897,58352672.0,3.53,1.69,0.21,3.94
2023-12-29,301116,12.69,12.67,12.75,12.58,31613,40512300.0,1.34,0.08,0.01,2.71
2024-01-02,301116,12.68,12.87,12.94,12.63,40249,52277058.0,2.45,1.58,0.2,3.45
2024-01-03,301116,12.79,12.67,12.89,12.63,28401,36520953.0,2.02,-1.55,-0.2,2.44
2024-01-04,301116,12.7,12.55,12.72,12.46,24236,30757822.0,2.05,-0.95,-0.12,2.08
2024-01-05,301116,12.54,12.36,12.65,12.3,24629,31104612.0,2.79,-1.51,-0.19,2.11
2024-01-08,301116,12.38,12.11,12.4,12.09,16481,20395691.0,2.51,-2.02,-0.25,1.41
2024-01-09,301116,12.15,12.22,12.32,12.08,17141,21133834.0,1.98,0.91,0.11,1.47
2024-01-10,301116,12.22,12.39,12.44,12.02,42450,52820133.0,3.44,1.39,0.17,3.64
2024-01-11,301116,12.35,12.49,12.6,12.21,44142,55625125.0,3.15,0.81,0.1,3.79
2024-01-12,301116,12.4,12.46,12.76,12.37,36560,46535485.0,3.12,-0.24,-0.03,3.14
2024-01-15,301116,12.39,12.4,12.64,12.38,27973,35442923.0,2.09,-0.48,-0.06,2.4
2024-01-16,301116,12.4,12.31,12.55,12.08,30808,38391366.0,3.79,-0.73,-0.09,2.64
2024-01-17,301116,12.3,11.86,12.33,11.86,25647,31339998.0,3.82,-3.66,-0.45,2.2
2024-01-18,301116,11.8,11.53,11.87,11.17,47678,55216611.0,5.9,-2.78,-0.33,4.09
2024-01-19,301116,11.55,11.4,11.63,11.38,22383,26029901.0,2.17,-1.13,-0.13,1.92
2024-01-22,301116,11.4,10.64,11.41,10.61,34455,38342486.0,7.02,-6.67,-0.76,2.96
2024-01-23,301116,10.32,10.64,10.73,10.32,26638,28618213.0,3.85,0.0,0.0,2.29
2024-01-24,301116,10.63,10.86,10.92,10.46,28120,30672191.0,4.32,2.07,0.22,2.41
2024-01-25,301116,10.94,11.25,11.26,10.82,29272,32921835.0,4.05,3.59,0.39,2.51
2024-01-26,301116,11.29,11.29,11.5,11.2,26213,30202118.0,2.67,0.36,0.04,2.25
2024-01-29,301116,11.57,10.91,11.57,10.85,30603,34525960.0,6.38,-3.37,-0.38,2.63
2024-01-30,301116,10.91,10.55,11.0,10.5,22412,24455051.0,4.58,-3.3,-0.36,1.92
2024-01-31,301116,10.29,9.78,10.45,9.72,37567,38272879.0,6.92,-7.3,-0.77,3.22
2024-02-01,301116,9.64,9.59,9.81,9.42,30899,30214681.0,3.99,-1.94,-0.19,2.65
2024-02-02,301116,9.49,9.18,9.97,8.87,42075,40496743.0,11.47,-4.28,-0.41,3.61
2024-02-05,301116,8.96,8.18,9.06,7.89,62992,53614236.0,12.75,-10.89,-1.0,5.41
2024-02-06,301116,7.93,8.2,8.46,7.52,71958,58137428.0,11.49,0.24,0.02,6.18
2024-02-07,301116,8.05,7.59,8.21,7.36,84537,66784218.0,10.37,-7.44,-0.61,7.26
2024-02-08,301116,7.67,8.25,8.33,7.1,90181,70706480.0,16.21,8.7,0.66,7.74
2024-02-19,301116,8.25,8.69,8.75,8.25,65122,56986431.0,6.06,5.33,0.44,5.59
2024-02-20,301116,8.92,8.83,8.92,8.58,39285,35039418.0,3.91,1.61,0.14,3.37
2024-02-21,301116,8.74,9.0,9.21,8.67,44546,40916799.0,6.12,1.93,0.17,3.82
2024-02-22,301116,8.99,9.18,9.18,8.92,37164,34225586.0,2.89,2.0,0.18,3.19
2024-02-23,301116,9.15,9.53,9.54,9.01,45183,42897940.0,5.77,3.81,0.35,3.88
2024-02-26,301116,9.52,9.7,9.9,9.45,49543,48855746.0,4.72,1.78,0.17,4.25
2024-02-27,301116,9.67,10.09,10.21,9.6,43914,44455080.0,6.29,4.02,0.39,3.77
2024-02-28,301116,10.1,9.3,10.35,9.28,80857,79750156.0,10.6,-7.83,-0.79,6.94
2024-02-29,301116,9.05,9.49,9.5,9.05,44573,42453249.0,4.84,2.04,0.19,3.83
2024-03-01,301116,9.49,9.51,9.6,9.37,34593,33316937.0,2.42,0.21,0.02,2.97
2024-03-04,301116,9.54,9.52,9.65,9.38,29034,28020606.0,2.84,0.11,0.01,2.49
2024-03-05,301116,9.5,9.38,9.7,9.37,29785,28777605.0,3.47,-1.47,-0.14,2.56
2024-03-06,301116,9.3,9.35,9.48,9.24,32594,30918280.0,2.56,-0.32,-0.03,2.8
2024-03-07,301116,9.41,9.33,9.5,9.31,28570,27246256.0,2.03,-0.21,-0.02,2.45
2024-03-08,301116,9.31,9.31,9.4,9.14,27063,25473609.0,2.79,-0.21,-0.02,2.32
2024-03-11,301116,9.32,9.54,9.56,9.1,27091,26015088.0,4.94,2.47,0.23,2.33
2024-03-12,301116,9.55,9.92,9.94,9.54,43984,43616799.0,4.19,3.98,0.38,3.78
2024-03-13,301116,9.87,9.72,9.87,9.62,31594,31131217.0,2.52,-2.02,-0.2,2.71
2024-03-14,301116,9.72,9.65,9.84,9.53,24811,24418998.0,3.19,-0.72,-0.07,2.13
2024-03-15,301116,9.65,9.78,9.79,9.62,19557,19295768.0,1.76,1.35,0.13,1.68
2024-03-18,301116,9.82,9.96,9.98,9.72,31974,31980771.0,2.66,1.84,0.18,2.74
2024-03-19,301116,9.96,10.14,10.3,9.94,40500,41739613.0,3.61,1.81,0.18,3.48
2024-03-20,301116,10.1,10.14,10.18,9.98,31331,32037081.0,1.97,0.0,0.0,2.69
2024-03-21,301116,10.12,10.46,10.76,10.12,64921,68651692.0,6.31,3.16,0.32,5.57
2024-03-22,301116,10.66,10.35,10.92,10.25,88050,94492251.0,6.41,-1.05,-0.11,7.56
2024-03-25,301116,10.13,9.79,10.28,9.77,64539,65756404.0,4.93,-5.41,-0.56,5.54
2024-03-26,301116,9.8,9.87,10.18,9.72,41102,41405811.0,4.7,0.82,0.08,3.53
2024-03-27,301116,9.84,9.82,10.26,9.79,58653,59790880.0,4.76,-0.51,-0.05,5.03
2024-03-28,301116,9.69,9.78,9.98,9.49,42735,42277098.0,4.99,-0.41,-0.04,3.67
2024-03-29,301116,9.76,10.01,10.04,9.76,28156,28324054.0,2.86,2.35,0.23,2.42
2024-04-01,301116,10.01,10.31,10.56,9.95,39258,40891222.0,6.09,3.0,0.3,3.37
2024-04-02,301116,10.25,10.13,10.33,10.07,28326,29200350.0,2.52,-1.75,-0.18,2.43
2024-04-03,301116,10.1,10.37,10.52,10.07,51194,53573048.0,4.44,2.37,0.24,4.39
2024-04-08,301116,10.27,10.86,11.21,10.1,129980,140051911.0,10.7,4.73,0.49,11.16
2024-04-09,301116,10.55,10.71,10.81,10.27,99259,105970416.0,4.97,-1.38,-0.15,8.52
2024-04-10,301116,10.63,10.18,10.7,9.99,66310,69403637.0,6.63,-4.95,-0.53,5.69
2024-04-11,301116,10.13,9.82,10.13,9.8,59193,59604160.0,3.24,-3.54,-0.36,5.08
2024-04-12,301116,9.72,9.42,9.87,9.34,59155,57093935.0,5.4,-4.07,-0.4,5.08
2024-04-15,301116,9.21,8.79,9.38,8.6,62333,56317618.0,8.28,-6.69,-0.63,5.35
2024-04-16,301116,8.75,7.89,8.76,7.87,64364,53308250.0,10.13,-10.24,-0.9,5.52
2024-04-17,301116,8.01,8.66,8.67,8.01,45869,39492156.0,8.37,9.76,0.77,3.94
2024-04-18,301116,8.67,8.53,8.74,8.47,32318,28399370.0,3.12,-1.5,-0.13,2.77
2024-04-19,301116,8.45,8.36,8.6,8.33,27832,23877354.0,3.17,-1.99,-0.17,2.39
2024-04-22,301116,8.55,8.66,8.78,8.18,33735,29357112.0,7.18,3.59,0.3,2.9
2024-04-23,301116,8.63,8.88,8.95,8.52,36747,32779371.0,4.97,2.54,0.22,3.15
2024-04-24,301116,8.84,8.93,9.02,8.72,28813,26020395.0,3.38,0.56,0.05,2.47
2024-04-25,301116,8.81,8.93,9.03,8.81,18500,16821228.0,2.46,0.0,0.0,1.59
2024-04-26,301116,8.94,9.23,9.25,8.94,35786,33344167.0,3.47,3.36,0.3,3.07
2024-04-29,301116,9.25,9.65,9.68,9.25,35670,34521429.0,4.66,4.55,0.42,3.06
2024-04-30,301116,9.75,9.65,9.92,9.56,29858,29402514.0,3.73,0.0,0.0,2.56
2024-05-06,301116,9.7,10.15,10.15,9.7,49148,49707248.0,4.66,5.18,0.5,4.22
2024-05-07,301116,10.4,10.1,10.49,9.85,56130,57306605.0,6.31,-0.49,-0.05,4.82
2024-05-08,301116,10.06,10.3,10.34,9.96,66803,69098712.0,3.76,1.98,0.2,5.73
2024-05-09,301116,10.28,10.39,10.42,10.14,52182,54417325.0,2.72,0.87,0.09,4.48
2024-05-10,301116,10.39,10.16,10.63,10.11,47207,49411256.0,5.0,-2.21,-0.23,4.05
2024-05-13,301116,10.06,10.0,10.23,9.96,39727,40672689.0,2.66,-1.57,-0.16,3.41
2024-05-14,301116,10.0,10.37,10.63,10.0,47119,49501327.0,6.3,3.7,0.37,4.04
2024-05-15,301116,10.46,10.21,10.55,10.16,23977,24945420.0,3.76,-1.54,-0.16,2.06
2024-05-16,301116,10.36,10.31,10.39,10.11,24813,25878974.0,2.74,0.98,0.1,2.13
2024-05-17,301116,10.23,10.28,10.49,10.11,29967,31233296.0,3.69,-0.29,-0.03,2.57
2024-05-20,301116,10.39,10.68,11.06,10.18,76764,82949256.0,8.56,3.89,0.4,6.59
2024-05-21,301116,10.55,10.54,10.81,10.34,62951,67074867.0,4.4,-1.31,-0.14,5.4
2024-05-22,301116,10.55,10.55,10.8,10.27,47647,50442611.0,5.03,0.09,0.01,4.09
2024-05-23,301116,10.53,10.84,10.92,10.14,84686,90352775.0,7.39,2.75,0.29,7.27
2024-05-24,301116,10.6,11.26,11.63,10.55,192982,217520630.0,9.96,3.87,0.42,16.57
2024-05-27,301116,11.0,10.24,11.03,10.22,138051,146450575.0,7.19,-9.06,-1.02,11.85
2024-05-28,301116,10.17,10.08,10.31,9.89,84094,85979373.0,4.1,-1.56,-0.16,7.22
2024-05-29,301116,9.98,9.99,10.21,9.91,47579,48440537.0,2.98,-0.89,-0.09,4.08
2024-05-30,301116,9.89,9.78,10.11,9.7,53243,53114071.0,4.1,-2.1,-0.21,4.57
2024-05-31,301116,9.77,9.72,9.9,9.63,34506,34105767.0,2.76,-0.61,-0.06,2.96
2024-06-03,301116,9.71,9.8,9.96,9.67,47545,47384416.0,2.98,0.82,0.08,4.08
2024-06-04,301116,9.67,9.57,9.83,9.51,37397,36371815.0,3.27,-2.35,-0.23,3.21
2024-06-05,301116,9.55,9.36,9.67,9.35,25859,24948433.0,3.34,-2.19,-0.21,2.22
2024-06-06,301116,9.36,8.79,9.43,8.73,45903,41951913.0,7.48,-6.09,-0.57,3.94
2024-06-07,301116,9.02,9.22,9.25,8.84,37031,34363508.0,4.66,4.89,0.43,3.18
2024-06-11,301116,9.21,9.32,9.36,8.97,38599,35992139.0,4.23,1.08,0.1,3.31
2024-06-12,301116,9.34,9.4,9.53,9.28,23852,22877487.0,2.68,0.86,0.08,2.05
2024-06-13,301116,9.37,9.39,9.49,9.23,22556,21370222.0,2.77,-0.11,-0.01,1.94
2024-06-14,301116,9.3,9.44,9.48,9.23,23574,22429491.0,2.66,0.53,0.05,2.02
2024-06-17,301116,9.3,9.18,9.39,9.15,18590,17423240.0,2.54,-2.75,-0.26,1.6
2024-06-18,301116,9.4,9.18,9.49,9.14,23110,21741616.0,3.81,0.0,0.0,1.98
2024-06-19,301116,9.16,9.24,9.28,8.93,19128,17806733.0,3.81,0.65,0.06,1.64
2024-06-20,301116,9.15,8.99,9.23,8.97,16500,15191847.0,2.81,-2.71,-0.25,1.42
2024-06-21,301116,8.93,8.99,9.11,8.86,12309,11261245.0,2.78,0.0,0.0,1.06
2024-06-24,301116,8.88,8.74,8.99,8.6,23167,20677569.0,4.34,-2.78,-0.25,1.99
2024-06-25,301116,8.74,8.71,8.83,8.63,16461,14602156.0,2.29,-0.34,-0.03,1.41
2024-06-26,301116,8.7,9.07,9.09,8.66,17530,15860438.0,4.94,4.13,0.36,1.5
2024-06-27,301116,9.05,8.93,9.18,8.92,14059,12905234.0,2.87,-1.54,-0.14,1.21
2024-06-28,301116,9.05,8.78,9.06,8.7,18591,16732709.0,4.03,-1.68,-0.15,1.6
2024-07-01,301116,8.74,9.04,9.04,8.74,18453,16771954.0,3.42,2.96,0.26,1.58
2024-07-02,301116,9.07,9.04,9.15,8.87,12209,11223959.0,3.1,0.0,0.0,1.05
2024-07-03,301116,9.18,9.25,9.43,8.95,41739,39245551.0,5.31,2.32,0.21,3.58
2024-07-04,301116,9.15,8.77,9.22,8.71,43818,39546750.0,5.51,-5.19,-0.48,3.76
2024-07-05,301116,8.73,8.86,8.89,8.65,18406,16466413.0,2.74,1.03,0.09,1.58
2024-07-08,301116,8.77,9.31,9.75,8.61,63239,59016151.0,12.87,5.08,0.45,5.43
2024-07-09,301116,9.35,9.13,9.35,8.85,58623,54075534.0,5.37,-1.93,-0.18,5.03
2024-07-10,301116,8.97,9.15,9.46,8.77,45217,41897737.0,7.56,0.22,0.02,3.88
2024-07-11,301116,9.33,9.35,9.63,9.2,42425,40286897.0,4.7,2.19,0.2,3.64
2024-07-12,301116,9.36,9.3,9.47,9.25,23967,22815386.0,2.35,-0.53,-0.05,2.06
2024-07-15,301116,9.33,9.42,9.53,9.29,37006,35405205.0,2.58,1.29,0.12,3.18
2024-07-16,301116,9.33,9.28,9.5,9.2,31968,30309975.0,3.18,-1.49,-0.14,2.74
2024-07-17,301116,9.24,9.54,9.55,9.2,42735,40909247.0,3.77,2.8,0.26,3.67
2024-07-18,301116,9.48,9.64,10.2,9.35,79645,78290092.0,8.91,1.05,0.1,6.84
2024-07-19,301116,9.59,9.93,10.07,9.31,85311,84070413.0,7.88,3.01,0.29,7.32
2024-07-22,301116,9.75,9.73,9.82,9.62,55818,54943614.0,2.01,-2.01,-0.2,4.79
2024-07-23,301116,9.75,9.37,9.75,9.33,43568,42116471.0,4.32,-3.7,-0.36,3.74
2024-07-24,301116,9.28,9.26,9.39,9.14,26228,24637237.0,2.67,-1.17,-0.11,2.25
2024-07-25,301116,9.35,9.51,9.6,9.34,36436,35082039.0,2.81,2.7,0.25,3.13
2024-07-26,301116,9.47,9.62,9.63,9.4,29628,28660742.0,2.42,1.16,0.11,2.54
2024-07-29,301116,9.65,9.68,9.94,9.55,34547,34100071.0,4.05,0.62,0.06,2.97
2024-07-30,301116,9.72,9.71,9.83,9.68,28907,28627453.0,1.55,0.31,0.03,2.48
2024-07-31,301116,9.72,9.89,9.92,9.55,34114,33972043.0,3.81,1.85,0.18,2.93
2024-08-01,301116,9.85,9.86,10.02,9.68,24879,24977246.0,3.44,-0.3,-0.03,2.14
2024-08-02,301116,9.85,9.85,10.07,9.78,30791,31008582.0,2.94,-0.1,-0.01,2.64
2024-08-05,301116,9.85,9.6,10.04,9.57,35771,35729349.0,4.77,-2.54,-0.25,3.07
2024-08-06,301116,9.7,9.95,9.96,9.64,37591,37464857.0,3.33,3.65,0.35,3.23
2024-08-07,301116,9.87,9.83,9.94,9.78,21596,21598214.0,1.61,-1.21,-0.12,1.85
2024-08-08,301116,9.71,10.12,10.28,9.7,55045,56070872.0,5.9,2.95,0.29,4.72
2024-08-09,301116,10.0,9.83,10.17,9.82,34810,35227819.0,3.46,-2.87,-0.29,2.99
2024-08-12,301116,9.78,9.77,9.94,9.65,21654,21561324.0,2.95,-0.61,-0.06,1.86
2024-08-13,301116,9.77,9.78,9.9,9.66,21237,21082417.0,2.46,0.1,0.01,1.82
2024-08-14,301116,9.71,9.67,9.77,9.62,15086,14828535.0,1.53,-1.12,-0.11,1.29
2024-08-15,301116,9.6,9.67,9.73,9.57,17249,16924503.0,1.65,0.0,0.0,1.48
2024-08-16,301116,9.66,9.42,9.68,9.38,28190,27147629.0,3.1,-2.59,-0.25,2.42
2024-08-19,301116,9.45,9.39,9.49,9.31,18992,18118361.0,1.91,-0.32,-0.03,1.63
2024-08-20,301116,9.39,9.22,9.42,9.19,16372,15426177.0,2.45,-1.81,-0.17,1.41
2024-08-21,301116,9.22,9.22,9.3,9.19,12027,11296916.0,1.19,0.0,0.0,1.03
2024-08-22,301116,9.24,9.08,9.42,9.07,12848,11971765.0,3.8,-1.52,-0.14,1.1
2024-08-23,301116,9.08,9.01,9.13,8.95,10812,9918230.0,1.98,-0.77,-0.07,0.93
2024-08-26,301116,9.02,9.18,9.18,8.96,13536,12530167.0,2.44,1.89,0.17,1.16
2024-08-27,301116,9.1,9.07,9.34,9.03,20561,19182841.0,3.38,-1.2,-0.11,1.76
2024-08-28,301116,9.03,9.3,9.34,8.97,21677,20270154.0,4.08,2.54,0.23,1.86
2024-08-29,301116,9.3,9.3,9.37,9.18,13189,12444449.0,2.04,0.0,0.0,1.13
2024-08-30,301116,9.31,9.74,9.98,9.27,35302,34736718.0,7.63,4.73,0.44,3.03
2024-09-02,301116,9.78,9.64,9.86,9.6,22978,22750721.0,2.67,-1.03,-0.1,1.97
2024-09-03,301116,9.74,9.75,9.8,9.6,14412,14242407.0,2.07,1.14,0.11,1.24
2024-09-04,301116,9.75,9.69,9.85,9.61,14982,14843752.0,2.46,-0.62,-0.06,1.29
2024-09-05,301116,9.76,9.87,9.97,9.7,21441,21496846.0,2.79,1.86,0.18,1.84
2024-09-06,301116,9.89,9.76,9.94,9.66,26478,26374941.0,2.84,-1.11,-0.11,2.27
2024-09-09,301116,9.72,9.92,9.96,9.57,28211,28195792.0,4.0,1.64,0.16,2.42
2024-09-10,301116,9.87,9.98,10.02,9.83,23729,23911213.0,1.92,0.6,0.06,2.04
2024-09-11,301116,9.99,9.8,10.03,9.77,22307,22278071.0,2.61,-1.8,-0.18,1.91
2024-09-12,301116,9.91,9.8,9.93,9.76,18716,18761169.0,1.73,0.0,0.0,1.61
2024-09-13,301116,9.84,9.66,9.89,9.65,17558,17335978.0,2.45,-1.43,-0.14,1.51
2024-09-18,301116,9.65,9.52,9.71,9.34,16871,16193305.0,3.83,-1.45,-0.14,1.45
2024-09-19,301116,9.54,9.96,10.02,9.51,26060,26123171.0,5.36,4.62,0.44,2.24
2024-09-20,301116,9.9,9.76,9.99,9.75,19579,19498588.0,2.41,-2.01,-0.2,1.68
2024-09-23,301116,9.75,9.6,9.78,9.58,14416,14132077.0,2.05,-1.64,-0.16,1.24
2024-09-24,301116,9.65,10.01,10.02,9.6,24228,24188523.0,4.38,4.27,0.41,2.08
2024-09-25,301116,10.03,9.94,10.24,9.9,31335,32010581.0,3.4,-0.7,-0.07,2.69
2024-09-26,301116,9.87,10.48,10.48,9.87,47576,49471170.0,6.14,5.43,0.54,4.08
2024-09-27,301116,10.68,10.9,11.03,10.55,80540,87872629.0,4.58,4.01,0.42,6.91
2024-09-30,301116,11.45,12.17,12.32,10.87,126606,150025221.0,13.3,11.65,1.27,10.87
2024-10-08,301116,14.05,12.9,14.21,12.07,154833,203875623.0,17.58,6.0,0.73,13.29
2024-10-09,301116,12.35,11.06,12.51,11.04,92775,110673901.0,11.4,-14.26,-1.84,7.96
2024-10-10,301116,11.25,11.94,12.84,11.23,161714,200454447.0,14.56,7.96,0.88,13.88
2024-10-11,301116,11.52,11.24,12.13,11.09,101931,119470147.0,8.71,-5.86,-0.7,8.75
2024-10-14,301116,11.27,11.66,11.73,11.13,75241,87449674.0,5.34,3.74,0.42,6.46
2024-10-15,301116,11.54,11.37,11.8,11.33,59792,69995878.0,4.03,-2.49,-0.29,5.13
2024-10-16,301116,11.16,11.23,11.47,11.13,41346,47331045.0,2.99,-1.23,-0.14,3.55
2024-10-17,301116,11.31,11.11,11.45,11.07,34474,39419182.0,3.38,-1.07,-0.12,2.96
2024-10-18,301116,11.12,11.38,11.58,11.0,55007,62806932.0,5.22,2.43,0.27,4.72
2024-10-21,301116,11.35,11.62,11.69,11.3,59022,68781561.0,3.43,2.11,0.24,5.07
2024-10-22,301116,11.73,11.97,12.2,11.64,86634,104048936.0,4.82,3.01,0.35,7.44
2024-10-23,301116,11.88,11.79,11.97,11.69,65335,78176991.0,2.34,-1.5,-0.18,5.61
2024-10-24,301116,11.75,11.66,11.88,11.59,29066,34459528.0,2.46,-1.1,-0.13,2.49
2024-10-25,301116,11.7,11.82,11.95,11.62,46084,55189897.0,2.83,1.37,0.16,3.96
2024-10-28,301116,11.93,12.32,12.33,11.92,65723,81019255.0,3.47,4.23,0.5,5.64
2024-10-29,301116,12.27,11.94,12.35,11.92,53110,65150310.0,3.49,-3.08,-0.38,4.56
2024-10-30,301116,12.12,11.82,12.21,11.65,52514,63439549.0,4.69,-1.01,-0.12,4.51
2024-10-31,301116,11.81,11.55,11.85,11.45,69263,81329745.0,3.38,-2.28,-0.27,5.95
2024-11-01,301116,11.53,11.63,12.03,11.38,88918,105274816.0,5.63,0.69,0.08,7.63
2024-11-04,301116,11.63,12.26,12.53,11.29,141680,171206847.0,10.66,5.42,0.63,12.16
2024-11-05,301116,12.21,12.38,12.4,11.97,120837,149171098.0,3.51,0.98,0.12,10.37
2024-11-06,301116,12.3,12.67,12.73,12.16,127705,161525592.0,4.6,2.34,0.29,10.96
2024-11-07,301116,12.7,13.4,13.71,12.59,194486,261725216.0,8.84,5.76,0.73,16.69
2024-11-08,301116,13.18,13.0,13.4,12.8,139535,183395225.0,4.48,-2.99,-0.4,11.98
2024-11-11,301116,12.65,12.7,12.73,12.4,104312,132741486.0,2.54,-2.31,-0.3,8.95
2024-11-12,301116,12.66,12.5,12.82,12.41,70997,91017608.0,3.23,-1.57,-0.2,6.09
2024-11-13,301116,12.46,12.39,12.58,12.13,50633,62698942.0,3.6,-0.88,-0.11,4.35
2024-11-14,301116,12.44,12.12,12.49,12.12,40188,49649619.0,2.99,-2.18,-0.27,3.45
2024-11-15,301116,12.21,11.9,12.4,11.9,39053,47873978.0,4.13,-1.82,-0.22,3.35
2024-11-18,301116,11.97,11.55,12.11,11.47,44029,51960501.0,5.38,-2.94,-0.35,3.78
2024-11-19,301116,11.56,11.91,11.94,11.56,39570,46690233.0,3.29,3.12,0.36,3.4
2024-11-20,301116,11.86,12.14,12.17,11.8,36543,44044001.0,3.11,1.93,0.23,3.14
2024-11-21,301116,12.14,12.12,12.45,11.96,44990,55161810.0,4.04,-0.16,-0.02,3.86
2024-11-22,301116,12.04,11.32,12.09,11.28,56905,66859051.0,6.68,-6.6,-0.8,4.88
2024-11-25,301116,11.33,11.73,11.78,11.27,46272,53858419.0,4.51,3.62,0.41,3.97
2024-11-26,301116,11.73,13.19,14.09,11.67,233291,311258385.0,20.63,12.45,1.46,20.03
2024-11-27,301116,12.63,12.91,13.28,12.26,196128,248779100.0,7.73,-2.12,-0.28,16.84
2024-11-28,301116,12.67,13.32,13.73,12.67,213425,284509556.0,8.21,3.18,0.41,18.32
2024-11-29,301116,13.29,13.62,13.98,13.23,253103,347169778.0,5.63,2.25,0.3,21.73
2024-12-02,301116,13.29,13.96,14.27,13.25,251358,347832537.0,7.49,2.5,0.34,21.58
2024-12-03,301116,13.96,13.47,14.03,13.33,170576,232473957.0,5.01,-3.51,-0.49,14.64
2024-12-04,301116,13.21,14.75,16.18,13.06,409560,626055746.0,23.16,9.5,1.28,35.16
2024-12-05,301116,13.63,13.93,14.47,13.63,324952,457020780.0,5.69,-5.56,-0.82,27.89
2024-12-06,301116,13.88,13.84,14.03,13.53,195828,270712754.0,3.59,-0.65,-0.09,16.81
2024-12-09,301116,13.59,13.79,14.12,13.44,162421,224095455.0,4.91,-0.36,-0.05,13.94
2024-12-10,301116,14.77,16.56,16.56,14.38,492253,799032157.0,15.81,20.09,2.77,42.25
2024-12-11,301116,16.16,15.76,16.7,15.44,428836,692988376.0,7.61,-4.83,-0.8,36.81
2024-12-12,301116,15.77,16.35,16.63,15.51,374854,608138495.0,7.11,3.74,0.59,32.18
2024-12-13,301116,15.93,15.23,15.93,15.13,228577,354531127.0,4.89,-6.85,-1.12,19.62
2024-12-16,301116,15.22,15.32,15.87,14.85,164879,254246009.0,6.7,0.59,0.09,14.15
2024-12-17,301116,15.24,14.12,15.24,13.96,133344,191626372.0,8.36,-7.83,-1.2,11.45
2024-12-18,301116,14.17,13.83,14.25,13.71,106112,148063243.0,3.82,-2.05,-0.29,9.11
2024-12-19,301116,13.78,13.83,13.89,13.35,97249,133208690.0,3.9,0.0,0.0,8.35
2024-12-20,301116,13.8,14.21,14.4,13.78,121721,173408840.0,4.48,2.75,0.38,10.45
2024-12-23,301116,14.33,13.8,14.87,13.63,135019,195467783.0,8.73,-2.89,-0.41,11.59
2024-12-24,301116,13.61,13.88,14.35,13.18,130270,178085305.0,8.48,0.58,0.08,11.18
2024-12-25,301116,13.61,13.33,13.81,12.89,96698,128715747.0,6.63,-3.96,-0.55,8.3
2024-12-26,301116,13.39,13.31,13.84,13.11,87736,118276785.0,5.48,-0.15,-0.02,7.53
2024-12-27,301116,13.28,13.38,13.6,13.06,86886,117076398.0,4.06,0.53,0.07,7.46
2024-12-30,301116,13.28,12.7,13.28,12.63,100217,128997396.0,4.86,-5.08,-0.68,8.6
2024-12-31,301116,12.71,12.28,12.91,12.26,79409,100386912.0,5.12,-3.31,-0.42,6.82
2025-01-02,301116,12.3,12.39,12.88,12.23,97090,123137907.0,5.29,0.9,0.11,8.33
2025-01-03,301116,12.39,11.52,12.59,11.46,85976,102272401.0,9.12,-7.02,-0.87,7.38
2025-01-06,301116,11.58,11.25,11.62,10.84,66316,74973088.0,6.77,-2.34,-0.27,5.69
2025-01-07,301116,11.27,11.47,11.48,11.11,48595,55218979.0,3.29,1.96,0.22,4.17
2025-01-08,301116,11.42,11.71,11.87,11.28,89030,103905214.0,5.14,2.09,0.24,7.64
2025-01-09,301116,11.52,11.69,11.86,11.52,59415,69935806.0,2.9,-0.17,-0.02,5.1
2025-01-10,301116,11.63,11.13,11.73,11.13,52241,59967045.0,5.13,-4.79,-0.56,4.48
2025-01-13,301116,10.91,11.35,11.44,10.73,54715,61409158.0,6.38,1.98,0.22,4.7
2025-01-14,301116,11.53,11.91,11.93,11.33,74553,87912426.0,5.29,4.93,0.56,6.4
2025-01-15,301116,11.89,11.88,12.18,11.81,65556,79044369.0,3.11,-0.25,-0.03,5.63
2025-01-16,301116,12.03,11.88,12.08,11.7,65190,77919535.0,3.2,0.0,0.0,5.6
2025-01-17,301116,11.75,11.81,11.93,11.64,49063,58300554.0,2.44,-0.59,-0.07,4.21
2025-01-20,301116,11.82,11.85,11.97,11.63,49310,58799990.0,2.88,0.34,0.04,4.23
2025-01-21,301116,11.92,11.79,11.92,11.63,37560,44370672.0,2.45,-0.51,-0.06,3.22
2025-01-22,301116,11.74,11.53,11.77,11.48,35939,41907548.0,2.46,-2.21,-0.26,0.8
2025-01-23,301116,11.65,11.55,11.81,11.51,53536,63034147.0,2.6,0.17,0.02,1.19
2025-01-24,301116,11.45,11.48,11.59,11.32,52314,60109634.0,2.34,-0.61,-0.07,1.17
2025-01-27,301116,11.6,11.33,11.77,11.33,42304,49173134.0,3.83,-1.31,-0.15,0.94
2025-02-05,301116,11.35,11.21,11.41,11.13,41844,47278357.0,2.47,-1.06,-0.12,0.93
2025-02-06,301116,11.15,11.38,11.38,11.01,49867,56295662.0,3.3,1.52,0.17,1.11
2025-02-07,301116,11.37,11.56,11.67,11.28,51345,59429962.0,3.43,1.58,0.18,1.14
2025-02-10,301116,11.61,11.95,11.96,11.53,60838,72060814.0,3.72,3.37,0.39,1.36
2025-02-11,301116,12.09,11.8,12.13,11.68,48252,57264382.0,3.77,-1.26,-0.15,1.07
2025-02-12,301116,11.79,11.78,11.87,11.64,40289,47507498.0,1.95,-0.17,-0.02,0.9
2025-02-13,301116,11.78,11.85,12.0,11.75,74989,89623251.0,2.12,0.59,0.07,1.67
2025-02-14,301116,11.83,11.67,11.86,11.64,50781,59990463.0,1.86,-1.52,-0.18,1.13
2025-02-17,301116,11.62,11.85,12.02,11.51,60670,71763851.0,4.37,1.54,0.18,1.35
2025-02-18,301116,11.85,11.34,11.86,11.29,60964,70691069.0,4.81,-4.3,-0.51,1.36
2025-02-19,301116,11.29,11.44,11.46,11.25,41152,47048569.0,1.85,0.88,0.1,0.92
2025-02-20,301116,11.43,11.48,11.59,11.34,40759,47148153.0,2.19,0.35,0.04,0.91
2025-02-21,301116,11.42,11.43,11.54,11.25,44244,50659346.0,2.53,-0.44,-0.05,0.99
2025-02-24,301116,11.51,11.6,11.78,11.51,59775,70028180.0,2.36,1.49,0.17,1.33
2025-02-25,301116,11.47,11.49,11.76,11.38,46950,54586486.0,3.28,-0.95,-0.11,1.05
2025-02-26,301116,11.49,11.69,11.71,11.41,49051,57093422.0,2.61,1.74,0.2,1.09
2025-02-27,301116,11.66,12.03,12.07,11.58,135314,162193324.0,4.19,2.91,0.34,3.01
2025-02-28,301116,11.93,11.53,12.15,11.48,109686,130309167.0,5.57,-4.16,-0.5,2.44
2025-03-03,301116,11.54,11.57,11.81,11.48,70883,83074286.0,2.86,0.35,0.04,1.58
2025-03-04,301116,11.53,11.62,11.63,11.37,49855,57626544.0,2.25,0.43,0.05,1.11
2025-03-05,301116,11.64,11.47,11.78,11.39,45798,52897239.0,3.36,-1.29,-0.15,1.02
2025-03-06,301116,11.42,11.55,11.58,11.37,53349,61744682.0,1.83,0.7,0.08,1.19
2025-03-07,301116,11.49,11.33,11.52,11.27,55369,63365166.0,2.16,-1.9,-0.22,1.23
2025-03-10,301116,11.36,11.4,11.51,11.31,37713,43212859.0,1.77,0.62,0.07,0.84
2025-03-11,301116,11.26,11.58,11.58,11.23,51145,58951808.0,3.07,1.58,0.18,1.14
2025-03-12,301116,11.58,11.42,11.69,11.41,54108,62490377.0,2.42,-1.38,-0.16,1.21
2025-03-13,301116,11.49,11.62,11.68,11.44,83203,96944771.0,2.1,1.75,0.2,1.85
2025-03-14,301116,11.55,11.99,12.16,11.55,159174,191291107.0,5.25,3.18,0.37,3.55
2025-03-17,301116,12.14,12.02,12.42,11.99,129751,158877940.0,3.59,0.25,0.03,2.89
2025-03-18,301116,12.02,12.03,12.2,11.83,79032,95113688.0,3.08,0.08,0.01,1.76
2025-03-19,301116,11.98,11.88,12.03,11.81,46279,55351897.0,1.83,-1.25,-0.15,1.03
2025-03-20,301116,11.89,11.93,12.3,11.86,88565,107661585.0,3.7,0.42,0.05,1.97
2025-03-21,301116,11.81,11.67,11.95,11.62,68310,80945957.0,2.77,-2.18,-0.26,1.52
2025-03-24,301116,11.68,11.47,11.76,11.25,61736,71189855.0,4.37,-1.71,-0.2,1.38
2025-03-25,301116,11.43,11.52,11.61,11.26,61983,71164867.0,3.05,0.44,0.05,1.38
2025-03-26,301116,11.48,12.18,12.27,11.41,163892,198255046.0,7.47,5.73,0.66,3.65
2025-03-27,301116,12.09,12.07,12.38,11.97,130313,159450983.0,3.37,-0.9,-0.11,2.9
2025-03-28,301116,12.16,11.63,12.2,11.6,94335,112359963.0,4.97,-3.65,-0.44,2.1
2025-03-31,301116,11.58,11.23,11.63,11.01,86651,98235891.0,5.33,-3.44,-0.4,1.93
2025-04-01,301116,11.23,11.3,11.55,11.23,50474,57726150.0,2.85,0.62,0.07,1.12
2025-04-02,301116,11.33,11.38,11.79,11.32,57553,66616986.0,4.16,0.71,0.08,1.28
2025-04-03,301116,11.24,11.82,11.89,11.24,128136,151170106.0,5.71,3.87,0.44,2.85
2025-04-07,301116,11.44,12.94,13.78,11.27,374599,477543115.0,21.24,9.48,1.12,8.34
2025-04-08,301116,13.04,14.45,15.08,12.66,416389,574953117.0,18.7,11.67,1.51,9.27
2025-04-09,301116,13.71,13.95,14.58,12.99,356291,489320112.0,11.0,-3.46,-0.5,7.94
2025-04-10,301116,13.11,14.28,14.9,13.1,378516,535097196.0,12.9,2.37,0.33,8.43
2025-04-11,301116,14.13,13.51,14.25,13.43,238006,327613458.0,5.74,-5.39,-0.77,5.3
2025-04-14,301116,13.58,13.93,14.89,13.43,253031,357985146.0,10.81,3.11,0.42,5.64
2025-04-15,301116,14.06,13.6,14.15,13.38,212995,294233697.0,5.53,-2.37,-0.33,4.74
2025-04-16,301116,13.44,13.5,13.68,12.98,158425,212738904.0,5.15,-0.74,-0.1,3.53
2025-04-17,301116,13.28,13.87,14.1,13.08,211890,291212699.0,7.56,2.74,0.37,4.72
2025-04-18,301116,13.68,12.97,13.75,12.96,167077,222184562.0,5.7,-6.49,-0.9,3.72
2025-04-21,301116,12.83,13.26,13.35,12.73,109150,144302506.0,4.78,2.24,0.29,2.43
2025-04-22,301116,13.17,13.28,13.56,12.98,129865,172637079.0,4.37,0.15,0.02,2.89
2025-04-23,301116,12.32,11.7,12.38,11.53,264167,314065486.0,6.4,-11.9,-1.58,5.88
2025-04-24,301116,11.51,11.39,11.58,11.27,130962,150118248.0,2.65,-2.65,-0.31,2.92
2025-04-25,301116,11.3,11.2,11.46,11.2,86088,97901027.0,2.28,-1.67,-0.19,1.92
2025-04-28,301116,11.2,10.66,11.2,10.64,96158,104424263.0,5.0,-4.82,-0.54,2.14
2025-04-29,301116,10.64,10.65,10.73,10.58,57623,61901408.0,1.41,-0.09,-0.01,1.28
2025-04-30,301116,10.71,10.6,10.8,10.59,57331,61529022.0,1.97,-0.47,-0.05,1.28
2025-05-06,301116,10.65,10.92,10.92,10.62,72762,79092085.0,2.83,3.02,0.32,1.62
2025-05-07,301116,11.03,11.07,11.17,10.94,78766,87538586.0,2.11,1.37,0.15,1.75
2025-05-08,301116,11.07,11.03,11.1,10.85,64457,71495820.0,2.26,-0.36,-0.04,1.44
2025-05-09,301116,11.07,10.85,11.1,10.82,61990,68050144.0,2.54,-1.63,-0.18,1.38
2025-05-12,301116,10.93,10.83,10.93,10.73,49822,54156300.0,1.84,-0.18,-0.02,1.11
2025-05-13,301116,10.92,10.82,10.98,10.79,51588,56394700.0,1.75,-0.09,-0.01,1.15
2025-05-14,301116,10.82,10.88,10.88,10.68,43720,47429811.0,1.85,0.55,0.06,0.97
2025-05-15,301116,10.87,11.03,11.07,10.79,89426,98636668.0,2.57,1.38,0.15,1.99
2025-05-16,301116,10.96,10.91,11.01,10.77,57231,62561801.0,2.18,-1.09,-0.12,1.27
2025-05-19,301116,10.91,11.06,11.28,10.91,88071,98456799.0,3.39,1.37,0.15,1.96
2025-05-20,301116,11.04,11.89,12.55,11.01,236690,277960210.0,13.92,7.5,0.83,5.27
2025-05-21,301116,11.76,11.54,12.01,11.5,140794,165166816.0,4.29,-2.94,-0.35,3.14
2025-05-22,301116,11.52,11.16,11.57,11.14,92473,105038594.0,3.73,-3.29,-0.38,2.06
2025-05-23,301116,11.14,10.94,11.16,10.94,62520,69502064.0,1.97,-1.97,-0.22,1.39
2025-05-26,301116,10.89,11.12,11.13,10.88,54523,60573808.0,2.29,1.65,0.18,1.21
2025-05-27,301116,11.1,11.28,11.52,11.06,87835,99545602.0,4.14,1.44,0.16,1.96
2025-05-28,301116,11.25,11.25,11.37,11.15,56990,64039096.0,1.95,-0.27,-0.03,1.27
2025-05-29,301116,11.22,11.28,11.29,11.07,53905,60437721.0,1.96,0.27,0.03,1.2
2025-05-30,301116,11.22,11.15,11.47,11.15,72080,81675173.0,2.84,-1.15,-0.13,1.61
2025-06-03,301116,11.05,11.39,11.54,11.02,71648,80873888.0,4.66,2.15,0.24,1.6
2025-06-04,301116,11.36,11.51,11.55,11.23,73222,83634077.0,2.81,1.05,0.12,1.63
2025-06-05,301116,11.43,11.28,11.51,11.21,64687,73118619.0,2.61,-2.0,-0.23,1.44
2025-06-06,301116,11.25,11.26,11.32,11.2,34329,38589178.0,1.06,-0.18,-0.02,0.76
2025-06-09,301116,11.28,11.4,11.42,11.16,50291,57073549.0,2.31,1.24,0.14,1.12
2025-06-10,301116,11.35,11.33,11.45,11.16,53109,59975649.0,2.54,-0.61,-0.07,1.18
2025-06-11,301116,11.32,11.38,11.47,11.27,51199,58355840.0,1.77,0.44,0.05,1.14
2025-06-12,301116,11.35,11.47,11.53,11.19,78167,88709998.0,2.99,0.79,0.09,1.74
2025-06-13,301116,11.35,11.13,11.42,11.08,66560,74731473.0,2.96,-2.96,-0.34,1.48
2025-06-16,301116,11.02,11.2,11.21,11.02,30466,33950719.0,1.71,0.63,0.07,0.68
2025-06-17,301116,11.2,11.17,11.38,11.12,39939,44877890.0,2.32,-0.27,-0.03,0.89
2025-06-18,301116,11.16,11.13,11.19,10.99,39566,43831296.0,1.79,-0.36,-0.04,0.88
2025-06-19,301116,11.11,10.82,11.12,10.78,41303,45122593.0,3.05,-2.79,-0.31,0.92
2025-06-20,301116,10.87,10.72,10.97,10.7,27620,29817924.0,2.5,-0.92,-0.1,0.62
2025-06-23,301116,10.76,10.8,10.81,10.5,26534,28459188.0,2.89,0.75,0.08,0.59
2025-06-24,301116,10.78,11.01,11.01,10.78,28958,31731786.0,2.13,1.94,0.21,0.64
2025-06-25,301116,11.05,11.06,11.09,10.93,33765,37206727.0,1.45,0.45,0.05,0.75
2025-06-26,301116,11.03,11.0,11.11,10.97,39441,43467861.0,1.27,-0.54,-0.06,0.88
2025-06-27,301116,11.04,11.05,11.13,10.95,31503,34803399.0,1.64,0.45,0.05,0.7
2025-06-30,301116,11.1,11.05,11.1,10.99,27682,30534376.0,1.0,0.0,0.0,0.62
2025-07-01,301116,11.05,11.06,11.1,11.0,29075,32140220.0,0.9,0.09,0.01,0.65
2025-07-02,301116,11.09,11.12,11.18,11.0,42892,47589325.0,1.63,0.54,0.06,0.96
2025-07-03,301116,11.1,11.11,11.22,11.07,44587,49568721.0,1.35,-0.09,-0.01,0.99
2025-07-04,301116,11.09,11.0,11.15,10.98,36690,40623605.0,1.53,-0.99,-0.11,0.82
2025-07-07,301116,11.09,11.17,11.2,11.01,35691,39685173.0,1.73,1.55,0.17,0.79
2025-07-08,301116,11.16,11.19,11.24,11.12,40315,45059587.0,1.07,0.18,0.02,0.9
2025-07-09,301116,11.25,11.19,11.3,11.13,43526,48822178.0,1.52,0.0,0.0,0.97
2025-07-10,301116,11.21,11.22,11.27,11.15,32233,36120749.0,1.07,0.27,0.03,0.72
2025-07-11,301116,11.2,11.27,11.33,11.15,41501,46662742.0,1.6,0.45,0.05,0.92
2025-07-14,301116,11.3,11.28,11.5,11.23,45582,51723276.0,2.4,0.09,0.01,1.02
2025-07-15,301116,11.23,11.05,11.31,11.02,45830,50838459.0,2.57,-2.04,-0.23,1.02
2025-07-16,301116,11.1,11.17,11.2,11.06,35834,39981353.0,1.27,1.09,0.12,0.8
2025-07-17,301116,11.22,11.28,11.35,11.13,36561,41018379.0,1.97,0.98,0.11,0.81
2025-07-18,301116,11.28,11.24,11.32,11.21,25129,28266610.0,0.98,-0.35,-0.04,0.56
2025-07-21,301116,11.22,11.36,11.44,11.2,49754,56462527.0,2.14,1.07,0.12,1.11
2025-07-22,301116,11.32,11.54,11.55,11.23,66509,75845920.0,2.82,1.58,0.18,1.48
2025-07-23,301116,11.59,11.42,11.72,11.38,59237,68316051.0,2.95,-1.04,-0.12,1.32
2025-07-24,301116,11.49,11.5,11.53,11.4,42865,49204679.0,1.14,0.7,0.08,0.95
2025-07-25,301116,11.53,11.52,11.62,11.47,35831,41307468.0,1.3,0.17,0.02,0.8
2025-07-28,301116,11.52,11.46,11.57,11.43,33036,37977780.0,1.22,-0.52,-0.06,0.74
2025-07-29,301116,11.47,11.38,11.6,11.27,35958,40931400.0,2.88,-0.7,-0.08,0.8
2025-07-30,301116,11.38,11.49,11.54,11.32,42342,48555929.0,1.93,0.97,0.11,0.94
2025-07-31,301116,11.46,11.25,11.49,11.22,39560,44774945.0,2.35,-2.09,-0.24,0.88
2025-08-01,301116,11.2,11.33,11.35,11.2,29654,33518904.0,1.33,0.71,0.08,0.66
2025-08-04,301116,11.3,11.4,11.43,11.22,28665,32601356.0,1.85,0.62,0.07,0.64
2025-08-05,301116,11.45,11.5,11.54,11.42,33786,38793927.0,1.05,0.88,0.1,0.75
2025-08-06,301116,11.5,11.51,11.53,11.39,30750,35275173.0,1.22,0.09,0.01,0.68
2025-08-07,301116,11.45,11.58,11.67,11.45,52644,60940274.0,1.91,0.61,0.07,1.17
2025-08-08,301116,11.61,11.72,11.89,11.46,80674,94438687.0,3.71,1.21,0.14,1.8
2025-08-11,301116,11.81,11.8,12.08,11.75,70361,83531452.0,2.82,0.68,0.08,1.57
2025-08-12,301116,11.79,11.76,12.2,11.72,75623,90079619.0,4.07,-0.34,-0.04,1.68
2025-08-13,301116,11.84,11.91,11.99,11.56,99341,116859567.0,3.66,1.28,0.15,2.21
2025-08-14,301116,11.84,11.48,11.95,11.48,83605,97617925.0,3.95,-3.61,-0.43,1.86
2025-08-15,301116,11.48,11.56,11.6,11.47,39601,45697580.0,1.13,0.7,0.08,0.88
2025-08-18,301116,11.54,11.7,11.74,11.54,48629,56708844.0,1.73,1.21,0.14,1.08
2025-08-19,301116,11.67,11.71,11.81,11.61,48131,56422920.0,1.71,0.09,0.01,1.07
2025-08-20,301116,11.71,11.8,11.85,11.64,58393,68612368.0,1.79,0.77,0.09,1.3
2025-08-21,301116,11.8,11.81,12.0,11.73,76087,90170451.0,2.29,0.08,0.01,1.69
2025-08-22,301116,11.73,11.71,11.81,11.6,53655,62606015.0,1.78,-0.85,-0.1,1.2
2025-08-25,301116,11.7,11.94,12.09,11.67,87209,103608210.0,3.59,1.96,0.23,1.94
2025-08-26,301116,11.83,11.91,12.01,11.6,100116,118865980.0,3.43,-0.25,-0.03,2.23
2025-08-27,301116,11.9,11.61,11.9,11.59,74797,87728036.0,2.6,-2.52,-0.3,1.67
2025-08-28,301116,11.61,11.37,11.7,11.0,97762,110749537.0,6.03,-2.07,-0.24,2.18
2025-08-29,301116,11.3,11.3,11.52,11.26,47856,54482002.0,2.29,-0.62,-0.07,1.07
2025-09-01,301116,11.3,11.41,11.52,11.21,40050,45611492.0,2.74,0.97,0.11,0.89
2025-09-02,301116,11.41,11.29,11.5,11.13,48598,54923973.0,3.24,-1.05,-0.12,1.08
2025-09-03,301116,11.29,10.98,11.37,10.95,58563,64961995.0,3.72,-2.75,-0.31,1.3
2025-09-04,301116,10.95,11.25,11.42,10.95,68331,76697770.0,4.28,2.46,0.27,1.52
2025-09-05,301116,11.27,11.31,11.33,11.06,43697,49008714.0,2.4,0.53,0.06,0.97
2025-09-08,301116,11.3,11.55,11.66,11.28,61555,71036287.0,3.36,2.12,0.24,1.37
2025-09-09,301116,11.56,11.48,11.67,11.38,46968,54028700.0,2.51,-0.61,-0.07,1.05
2025-09-10,301116,11.47,11.52,11.53,11.4,36471,41868591.0,1.13,0.35,0.04,0.81
2025-09-11,301116,11.51,11.61,11.71,11.48,46839,54258071.0,2.0,0.78,0.09,1.04
2025-09-12,301116,11.58,11.45,11.61,11.44,44087,50678026.0,1.46,-1.38,-0.16,0.98
2025-09-15,301116,11.81,11.72,12.03,11.58,110055,129873755.0,3.93,2.36,0.27,2.45
2025-09-16,301116,11.63,11.54,11.73,11.43,79570,91687268.0,2.56,-1.54,-0.18,1.77
2025-09-17,301116,11.41,11.34,11.55,11.33,52300,59557299.0,1.91,-1.73,-0.2,1.16
2025-09-18,301116,11.38,11.06,11.39,11.0,61121,68355446.0,3.44,-2.47,-0.28,1.36
2025-09-19,301116,11.06,11.1,11.21,11.01,41834,46422833.0,1.81,0.36,0.04,0.93
2025-09-22,301116,11.05,10.87,11.18,10.78,44519,48415910.0,3.6,-2.07,-0.23,0.99
2025-09-23,301116,10.82,10.72,10.86,10.5,40773,43361159.0,3.31,-1.38,-0.15,0.91
2025-09-24,301116,10.72,10.8,10.86,10.64,26566,28623418.0,2.05,0.75,0.08,0.59
2025-09-25,301116,10.75,10.7,10.85,10.67,28203,30311170.0,1.67,-0.93,-0.1,0.63
2025-09-26,301116,10.72,10.74,10.83,10.65,20417,21942817.0,1.68,0.37,0.04,0.45
2025-09-29,301116,10.76,10.73,10.76,10.51,21714,23106374.0,2.33,-0.09,-0.01,0.48
2025-09-30,301116,10.73,10.71,10.76,10.67,17649,18914200.0,0.84,-0.19,-0.02,0.39
2025-10-09,301116,10.66,10.67,10.7,10.55,22215,23628534.0,1.4,-0.37,-0.04,0.49
2025-10-10,301116,10.7,10.74,10.84,10.65,30787,33128934.0,1.78,0.66,0.07,0.69
2025-10-13,301116,10.66,10.75,10.82,10.52,30822,33027631.0,2.79,0.09,0.01,0.69
2025-10-14,301116,10.74,10.77,10.81,10.73,35454,38164084.0,0.74,0.19,0.02,0.79
2025-10-15,301116,10.78,10.8,10.86,10.7,31420,33906647.0,1.49,0.28,0.03,0.7
2025-10-16,301116,10.8,10.74,10.85,10.69,25910,27846212.0,1.48,-0.56,-0.06,0.58
2025-10-17,301116,10.68,10.59,10.74,10.58,24147,25733902.0,1.49,-1.4,-0.15,0.54
2025-10-20,301116,10.6,10.65,10.66,10.55,16109,17078225.0,1.04,0.57,0.06,0.36
2025-10-21,301116,10.64,10.8,10.81,10.6,31252,33531853.0,1.97,1.41,0.15,0.7
2025-10-22,301116,10.73,10.82,10.93,10.73,23897,25941339.0,1.85,0.19,0.02,0.53
2025-10-23,301116,10.82,10.91,10.91,10.75,25935,28158807.0,1.48,0.83,0.09,0.58
2025-10-24,301116,10.93,10.82,10.94,10.8,25104,27218844.0,1.28,-0.82,-0.09,0.56
2025-10-27,301116,10.88,10.89,10.99,10.81,27580,30054153.0,1.66,0.65,0.07,0.61
2025-10-28,301116,10.89,10.93,11.0,10.87,22810,24942109.0,1.19,0.37,0.04,0.51
2025-10-29,301116,10.88,10.87,10.9,10.74,29506,31957607.0,1.46,-0.55,-0.06,0.66
2025-10-30,301116,10.84,10.86,11.06,10.84,35713,39114367.0,2.02,-0.09,-0.01,0.8
2025-10-31,301116,10.9,10.98,11.03,10.85,35510,38933227.0,1.66,1.1,0.12,0.79
2025-11-03,301116,11.0,11.16,11.2,10.98,37126,41313719.0,2.0,1.64,0.18,0.83
2025-11-04,301116,11.15,11.1,11.21,11.07,27451,30591078.0,1.25,-0.54,-0.06,0.61
2025-11-05,301116,11.07,11.18,11.27,11.03,26580,29754646.0,2.16,0.72,0.08,0.59
2025-11-06,301116,11.19,11.18,11.24,11.1,26701,29799893.0,1.25,0.0,0.0,0.59
2025-11-07,301116,11.21,11.18,11.27,11.13,19104,21417189.0,1.25,0.0,0.0,0.43
2025-11-10,301116,11.26,11.42,11.51,11.13,46119,52360024.0,3.4,2.15,0.24,1.03
2025-11-11,301116,11.41,11.66,11.83,11.28,72372,84174074.0,4.82,2.1,0.24,1.61
2025-11-12,301116,11.61,11.54,11.68,11.46,52094,60168181.0,1.89,-1.03,-0.12,1.16
2025-11-13,301116,11.57,11.78,11.82,11.41,62389,72773576.0,3.55,2.08,0.24,1.39
2025-11-14,301116,11.75,12.06,12.36,11.75,102784,123553935.0,5.18,2.38,0.28,2.29
2025-11-17,301116,12.03,11.85,12.13,11.72,75810,89803503.0,3.4,-1.74,-0.21,1.69
2025-11-18,301116,11.81,11.71,11.91,11.62,47693,55909722.0,2.45,-1.18,-0.14,1.06
2025-11-19,301116,11.73,14.05,14.05,11.67,310734,397312393.0,20.32,19.98,2.34,6.92
2025-11-20,301116,13.62,13.29,14.75,12.49,420088,549389692.0,16.09,-5.41,-0.76,9.36
2025-11-21,301116,12.79,12.2,12.95,12.13,271087,338295388.0,6.17,-8.2,-1.09,6.04
2025-11-24,301116,12.59,12.25,12.74,12.04,209258,257567820.0,5.74,0.41,0.05,4.66
2025-11-25,301116,12.23,12.1,12.33,11.95,178971,217515356.0,3.1,-1.22,-0.15,3.99
2025-11-26,301116,12.05,12.54,12.7,11.96,228566,281864846.0,6.12,3.64,0.44,5.09
2025-11-27,301116,12.55,12.2,12.69,12.07,169933,208319555.0,4.94,-2.71,-0.34,3.78
2025-11-28,301116,12.08,12.18,12.44,11.75,139281,168540139.0,5.66,-0.16,-0.02,3.1
2025-12-01,301116,12.05,12.22,12.37,12.02,110247,134664333.0,2.87,0.33,0.04,2.46
2025-12-02,301116,12.2,12.51,12.6,12.0,180361,223008351.0,4.91,2.37,0.29,4.02
2025-12-03,301116,12.8,12.85,13.31,12.55,289080,373726971.0,6.08,2.72,0.34,6.44
2025-12-04,301116,12.77,12.13,13.08,12.1,196401,244725453.0,7.63,-5.6,-0.72,4.37
2025-12-05,301116,12.23,12.35,12.42,11.73,133571,162090552.0,5.69,1.81,0.22,2.98
2025-12-08,301116,12.49,12.56,12.76,12.36,119670,150107143.0,3.24,1.7,0.21,2.67
2025-12-09,301116,12.5,12.52,12.77,12.09,127611,158888120.0,5.41,-0.32,-0.04,2.84
2025-12-10,301116,12.6,12.13,12.87,12.02,155608,193380698.0,6.79,-3.12,-0.39,3.47
2025-12-11,301116,12.1,11.51,12.1,11.49,140037,163597943.0,5.03,-5.11,-0.62,3.12
2025-12-12,301116,11.7,11.14,11.7,11.08,106386,119705081.0,5.39,-3.21,-0.37,2.37
2025-12-15,301116,11.12,11.22,11.37,11.11,62329,70121033.0,2.33,0.72,0.08,1.39
2025-12-16,301116,11.09,11.14,11.63,11.04,83365,94206275.0,5.26,-0.71,-0.08,1.86
2025-12-17,301116,11.17,11.17,11.45,10.92,91532,102503266.0,4.76,0.27,0.03,2.04
2025-12-18,301116,11.05,11.24,11.44,11.03,82401,92916582.0,3.67,0.63,0.07,1.84
2025-12-19,301116,11.21,11.7,11.74,11.12,106548,122496412.0,5.52,4.09,0.46,2.37
2025-12-22,301116,11.67,11.68,11.75,11.55,60209,70009146.0,1.71,-0.17,-0.02,1.34
2025-12-23,301116,11.66,11.56,11.74,11.49,52258,60521733.0,2.14,-1.03,-0.12,1.16
2025-12-24,301116,11.5,11.41,11.5,11.34,59647,68092700.0,1.38,-1.3,-0.15,1.33
2025-12-25,301116,11.46,11.41,11.52,11.31,43268,49326546.0,1.84,0.0,0.0,0.96
2025-12-26,301116,11.42,11.42,11.55,11.28,53132,60609297.0,2.37,0.09,0.01,1.18
2025-12-29,301116,11.42,11.17,11.42,11.08,59783,66810661.0,2.98,-2.19,-0.25,1.33
2025-12-30,301116,11.18,10.96,11.18,10.95,50551,55798518.0,2.06,-1.88,-0.21,1.13
2025-12-31,301116,11.0,10.93,11.0,10.79,41924,45685365.0,1.92,-0.27,-0.03,0.93
2026-01-05,301116,10.97,10.97,11.01,10.85,39486,43200022.0,1.46,0.37,0.04,0.88
2026-01-06,301116,10.96,11.08,11.12,10.91,41876,46278521.0,1.91,1.0,0.11,0.93
2026-01-07,301116,11.07,11.07,11.16,10.95,40432,44738893.0,1.9,-0.09,-0.01,0.9
2026-01-08,301116,11.07,11.17,11.23,11.01,47225,52557433.0,1.99,0.9,0.1,1.05
2026-01-09,301116,11.23,11.15,11.23,11.07,63429,70612139.0,1.43,-0.18,-0.02,1.41
2026-01-12,301116,11.14,11.4,11.43,11.11,77623,87619359.0,2.87,2.24,0.25,1.73
2026-01-13,301116,11.47,11.15,11.47,11.13,69325,78362349.0,2.98,-2.19,-0.25,1.54
2026-01-14,301116,11.24,11.18,11.33,10.97,73282,81818575.0,3.23,0.27,0.03,1.63
2026-01-15,301116,11.14,11.17,11.25,10.97,58464,64844542.0,2.5,-0.09,-0.01,1.3
2026-01-16,301116,11.16,11.02,11.21,10.98,39096,43210312.0,2.06,-1.34,-0.15,0.87
2026-01-19,301116,11.05,11.26,11.27,10.98,52664,58891681.0,2.63,2.18,0.24,1.17
2026-01-20,301116,11.26,11.37,11.4,11.17,55654,62857005.0,2.04,0.98,0.11,1.24
2026-01-21,301116,11.46,11.35,11.57,11.18,75337,85196639.0,3.43,-0.18,-0.02,1.68
2026-01-22,301116,11.34,11.48,11.49,11.25,57160,65340489.0,2.11,1.15,0.13,1.27
2026-01-23,301116,11.55,11.53,11.6,11.41,63213,72598290.0,1.66,0.44,0.05,1.41
2026-01-26,301116,11.53,11.75,11.92,11.48,96658,112912805.0,3.82,1.91,0.22,2.15
2026-01-27,301116,11.78,11.4,11.78,11.23,75573,86079472.0,4.68,-2.98,-0.35,1.68
2026-01-28,301116,11.37,11.51,11.69,11.25,65290,74710687.0,3.86,0.96,0.11,1.45
2026-01-29,301116,11.47,11.73,11.84,11.43,110469,129204534.0,3.56,1.91,0.22,2.46
2026-01-30,301116,11.69,11.61,11.9,11.55,85587,100217438.0,2.98,-1.02,-0.12,1.91
2026-02-02,301116,11.51,11.31,11.69,11.25,72235,82965483.0,3.79,-2.58,-0.3,1.61
2026-02-03,301116,11.32,11.38,11.44,11.16,66521,75072086.0,2.48,0.62,0.07,1.48
2026-02-04,301116,11.36,11.47,11.49,11.26,46089,52517845.0,2.02,0.79,0.09,1.03
2026-02-05,301116,11.47,11.5,11.7,11.41,58019,67072477.0,2.53,0.26,0.03,1.29
2026-02-06,301116,11.42,11.65,11.68,11.33,63668,73764620.0,3.04,1.3,0.15,1.42
2026-02-09,301116,11.73,11.75,11.8,11.61,44856,52560238.0,1.63,0.86,0.1,1.0
2026-02-10,301116,11.78,11.76,11.84,11.63,34169,40093500.0,1.79,0.09,0.01,0.76
2026-02-11,301116,11.76,11.58,11.79,11.58,32123,37476534.0,1.79,-1.53,-0.18,0.72
2026-02-12,301116,11.58,11.18,11.6,11.17,65621,74009516.0,3.71,-3.45,-0.4,1.46
2026-02-13,301116,11.24,11.11,11.33,11.08,45106,50551719.0,2.24,-0.63,-0.07,1.0
2026-02-24,301116,11.24,11.25,11.36,11.14,35389,39761171.0,1.98,1.26,0.14,0.79
2026-02-25,301116,11.25,11.35,11.45,11.2,41285,46967424.0,2.22,0.89,0.1,0.92
2026-02-26,301116,11.35,11.17,11.41,11.14,31136,34899879.0,2.38,-1.59,-0.18,0.69
2026-02-27,301116,11.17,11.34,11.34,11.13,29811,33613307.0,1.88,1.52,0.17,0.66
2026-03-02,301116,11.25,11.02,11.3,10.91,42445,47019328.0,3.44,-2.82,-0.32,0.95
2026-03-03,301116,11.08,10.96,11.28,10.9,42881,47558386.0,3.45,-0.54,-0.06,0.96
2026-03-04,301116,10.88,10.86,11.04,10.77,37269,40616657.0,2.46,-0.91,-0.1,0.83
2026-03-05,301116,10.95,10.8,11.03,10.77,31829,34610677.0,2.39,-0.55,-0.06,0.71
2026-03-06,301116,10.83,11.15,11.17,10.79,60275,66466400.0,3.52,3.24,0.35,1.34
2026-03-09,301116,11.03,11.18,11.29,10.98,58127,64580217.0,2.78,0.27,0.03,1.29
2026-03-10,301116,11.2,11.21,11.26,11.1,50517,56527210.0,1.43,0.27,0.03,1.13
2026-03-11,301116,11.2,11.15,11.22,11.12,27651,30879113.0,0.89,-0.54,-0.06,0.62
2026-03-12,301116,11.21,11.03,11.25,11.0,39808,44248457.0,2.24,-1.08,-0.12,0.89
2026-03-13,301116,10.99,10.96,11.22,10.91,42479,47103419.0,2.81,-0.63,-0.07,0.95
2026-03-16,301116,11.0,11.05,11.2,10.97,39478,43744905.0,2.1,0.82,0.09,0.88
2026-03-17,301116,11.06,10.9,11.16,10.9,38073,41994541.0,2.35,-1.36,-0.15,0.85
2026-03-18,301116,11.06,10.84,11.06,10.72,36775,39760213.0,3.12,-0.55,-0.06,0.82
2026-03-19,301116,10.76,10.46,10.83,10.43,46626,49305230.0,3.69,-3.51,-0.38,1.04
2026-03-20,301116,10.47,10.13,10.55,10.13,40185,41301836.0,4.02,-3.15,-0.33,0.9
2026-03-23,301116,9.97,9.53,10.05,9.45,53543,52087240.0,5.92,-5.92,-0.6,1.19
2026-03-24,301116,9.72,9.99,9.99,9.52,51872,50571420.0,4.93,4.83,0.46,1.16
2026-03-25,301116,9.99,9.98,10.09,9.93,40243,40275190.0,1.6,-0.1,-0.01,0.9
2026-03-26,301116,9.98,9.83,10.12,9.8,29936,29673939.0,3.21,-1.5,-0.15,0.67
2026-03-27,301116,9.88,10.11,10.12,9.75,30603,30678723.0,3.76,2.85,0.28,0.68
2026-03-30,301116,10.0,10.13,10.22,9.96,17109,17315150.95,2.57,0.2,0.02,0.38
2026-03-31,301116,10.18,9.88,10.34,9.88,34038,34234706.0,4.54,-2.56,-0.26,0.76
2026-04-01,301116,10.05,9.95,10.1,9.87,28664,28540122.0,2.33,0.71,0.07,0.64
2026-04-02,301116,9.94,9.97,10.06,9.86,27589,27544192.0,2.01,0.2,0.02,0.61
2026-04-03,301116,10.01,9.62,10.12,9.58,31185,30326667.0,5.42,-3.51,-0.35,0.69
2026-04-07,301116,9.67,9.94,9.95,9.59,29393,28863661.0,3.74,3.33,0.32,0.65
2026-04-08,301116,10.02,10.08,10.12,9.98,21988,22110483.0,1.41,1.41,0.14,0.49
2026-04-09,301116,10.09,9.88,10.15,9.8,25493,25324973.0,3.47,-1.98,-0.2,0.57
2026-04-10,301116,9.97,9.92,10.04,9.86,20063,19977407.0,1.82,0.4,0.04,0.45
2026-04-13,301116,9.92,10.13,10.36,9.86,40591,41101363.0,5.04,2.12,0.21,0.9
2026-04-14,301116,10.32,10.31,10.35,10.05,38749,39678790.0,2.96,1.78,0.18,0.86
2026-04-15,301116,10.3,10.29,10.33,10.16,31775,32539846.0,1.65,-0.19,-0.02,0.71
2026-04-16,301116,10.32,10.39,10.42,10.17,33565,34645034.0,2.43,0.97,0.1,0.75
2026-04-17,301116,10.39,10.37,10.42,10.23,29482,30435236.76,1.83,-0.19,-0.02,0.66
