日期,股票代码,开盘,收盘,最高,最低,成交量,成交额,振幅,涨跌幅,涨跌额,换手率
2021-03-30,605081,35.1,34.48,35.14,33.84,28905,147049136.0,3.63,-3.66,-1.31,14.8
2021-03-31,605081,34.0,34.08,35.3,33.52,24203,123847278.0,5.16,-1.16,-0.4,12.39
2021-04-01,605081,33.65,33.19,34.61,32.88,22735,112471689.0,5.08,-2.61,-0.89,11.64
2021-04-02,605081,33.12,34.97,35.42,32.92,37156,189484898.0,7.53,5.36,1.78,19.02
2021-04-06,605081,33.46,34.14,34.66,33.0,34017,170317152.0,4.75,-2.37,-0.83,17.42
2021-04-07,605081,34.3,37.62,37.62,33.79,36954,197560590.0,11.22,10.19,3.48,18.92
2021-04-08,605081,39.31,36.0,40.26,35.73,65983,366085536.0,12.04,-4.31,-1.62,33.79
2021-04-09,605081,34.73,34.61,35.66,34.37,34163,176036056.0,3.58,-3.86,-1.39,17.49
2021-04-12,605081,35.54,34.86,36.83,34.48,29326,153011549.0,6.79,0.72,0.25,15.02
2021-04-13,605081,34.28,36.03,36.81,33.43,42269,221382766.0,9.7,3.36,1.17,21.64
2021-04-14,605081,35.39,35.51,35.94,34.7,28468,148693919.0,3.44,-1.44,-0.52,14.58
2021-04-15,605081,35.17,36.12,36.49,34.55,34367,182151133.0,5.46,1.72,0.61,17.6
2021-04-16,605081,35.86,35.29,36.34,34.95,26803,140512541.0,3.85,-2.3,-0.83,13.72
2021-04-19,605081,34.73,34.6,34.99,33.91,22596,115536411.0,3.06,-1.96,-0.69,11.57
2021-04-20,605081,34.48,33.98,34.92,33.88,21609,109817485.0,3.01,-1.79,-0.62,11.06
2021-04-21,605081,33.89,32.89,34.55,32.83,21950,108673676.0,5.06,-3.21,-1.09,11.24
2021-04-22,605081,33.06,33.11,33.14,32.49,13233,64259852.0,1.98,0.67,0.22,6.78
2021-04-23,605081,33.01,31.79,33.34,31.63,21059,100877459.0,5.16,-3.99,-1.32,10.78
2021-04-26,605081,31.75,31.39,31.8,31.03,11820,54965556.0,2.42,-1.26,-0.4,6.05
2021-04-27,605081,30.72,30.54,31.23,30.05,15604,70611280.0,3.76,-2.71,-0.85,7.99
2021-04-28,605081,30.53,30.68,30.88,30.28,7990,36245056.0,1.96,0.46,0.14,4.09
2021-04-29,605081,30.81,30.48,30.93,30.37,7786,35314886.0,1.83,-0.65,-0.2,3.99
2021-04-30,605081,30.48,29.45,30.6,29.18,14885,65653369.0,4.66,-3.38,-1.03,7.62
2021-05-06,605081,29.03,29.66,29.85,29.01,7170,31436921.0,2.85,0.71,0.21,3.67
2021-05-07,605081,29.59,29.66,29.88,29.47,6272,27635089.0,1.38,0.0,0.0,3.21
2021-05-10,605081,29.38,29.79,30.15,29.37,6473,28652367.0,2.63,0.44,0.13,3.31
2021-05-11,605081,29.76,29.72,29.86,29.53,6381,28084206.0,1.11,-0.23,-0.07,3.27
2021-05-12,605081,29.63,29.97,30.03,29.21,8908,39220226.0,2.76,0.84,0.25,4.56
2021-05-13,605081,29.78,29.46,29.89,29.34,6023,26520518.0,1.84,-1.7,-0.51,3.08
2021-05-14,605081,29.48,30.37,30.9,29.43,11397,51235728.0,4.99,3.09,0.91,5.84
2021-05-17,605081,30.44,30.04,30.45,29.85,7971,35470435.0,1.98,-1.09,-0.33,4.08
2021-05-18,605081,29.92,29.78,29.94,29.69,5525,24404775.0,0.83,-0.87,-0.26,2.83
2021-05-19,605081,29.92,30.1,30.45,29.78,8331,37271602.0,2.25,1.07,0.32,4.27
2021-05-20,605081,29.79,29.54,29.9,29.21,6715,29407537.0,2.29,-1.86,-0.56,3.44
2021-05-21,605081,29.63,29.46,29.63,29.25,4692,20443246.0,1.29,-0.27,-0.08,2.4
2021-05-24,605081,29.42,29.46,29.53,29.28,3650,15934518.0,0.85,0.0,0.0,1.87
2021-05-25,605081,29.48,29.52,29.64,29.26,4922,21514606.0,1.29,0.2,0.06,2.52
2021-05-26,605081,29.48,29.78,29.91,29.32,5970,26263880.0,2.0,0.88,0.26,3.06
2021-05-27,605081,29.78,30.06,30.34,29.68,6532,29170432.0,2.22,0.94,0.28,3.34
2021-05-28,605081,30.03,29.72,30.26,29.64,5780,25644734.0,2.06,-1.13,-0.34,2.96
2021-05-31,605081,29.66,29.87,30.03,29.4,6734,29629850.0,2.12,0.5,0.15,3.45
2021-06-01,605081,29.87,30.06,30.15,29.69,5765,25668463.0,1.54,0.64,0.19,2.95
2021-06-02,605081,30.12,30.55,30.7,29.97,11486,51715328.0,2.43,1.63,0.49,5.88
2021-06-03,605081,30.55,30.81,31.11,30.27,13387,60997635.0,2.75,0.85,0.26,6.85
2021-06-04,605081,30.77,30.59,31.78,30.34,13091,60177584.0,4.67,-0.71,-0.22,6.7
2021-06-07,605081,30.22,29.77,30.34,29.72,9070,40216278.0,2.03,-2.68,-0.82,4.64
2021-06-08,605081,29.77,29.62,29.92,29.55,5065,22296615.0,1.24,-0.5,-0.15,2.59
2021-06-09,605081,29.63,29.65,29.74,29.52,4561,20056347.0,0.74,0.1,0.03,2.34
2021-06-10,605081,29.66,29.51,29.92,29.45,5220,22884951.0,1.59,-0.47,-0.14,2.67
2021-06-11,605081,29.53,29.61,29.88,29.34,5166,22681378.0,1.83,0.34,0.1,2.65
2021-06-15,605081,29.61,28.91,29.83,28.86,6946,30169776.0,3.28,-2.36,-0.7,3.56
2021-06-16,605081,28.94,27.11,28.94,26.59,13353,54600502.0,8.13,-6.23,-1.8,6.84
2021-06-17,605081,27.03,26.88,27.24,26.83,6204,24874751.0,1.51,-0.85,-0.23,3.18
2021-06-18,605081,26.83,26.48,27.04,26.3,6616,26057404.0,2.75,-1.49,-0.4,3.39
2021-06-21,605081,26.43,26.62,26.83,26.22,7485,29555942.0,2.3,0.53,0.14,3.83
2021-06-22,605081,26.62,27.08,27.45,26.54,6277,25179865.0,3.42,1.73,0.46,3.21
2021-06-23,605081,27.09,26.97,27.28,26.87,4698,18881316.0,1.51,-0.41,-0.11,2.41
2021-06-24,605081,26.97,26.66,27.12,26.59,5385,21372001.0,1.97,-1.15,-0.31,2.76
2021-06-25,605081,26.74,26.67,26.74,26.47,3087,12212138.0,1.01,0.04,0.01,1.58
2021-06-28,605081,26.64,26.82,27.03,26.63,4005,15990691.0,1.5,0.56,0.15,2.05
2021-06-29,605081,26.82,26.74,26.97,26.73,3153,12569385.0,0.89,-0.3,-0.08,1.61
2021-06-30,605081,26.66,26.54,26.81,26.48,4323,17136679.0,1.23,-0.75,-0.2,2.21
2021-07-01,605081,26.55,26.53,26.97,26.5,4515,17974435.0,1.77,-0.04,-0.01,2.31
2021-07-02,605081,26.48,25.52,26.6,25.45,8170,31399803.0,4.33,-3.81,-1.01,4.18
2021-07-05,605081,25.52,25.66,25.7,25.47,3641,13848904.0,0.9,0.55,0.14,1.86
2021-07-06,605081,25.55,25.66,25.79,25.41,3769,14351031.0,1.48,0.0,0.0,1.93
2021-07-07,605081,25.57,26.18,26.19,25.54,5793,22408646.0,2.53,2.03,0.52,2.97
2021-07-08,605081,26.04,25.8,26.21,25.77,3924,15123811.0,1.68,-1.45,-0.38,2.01
2021-07-09,605081,25.72,26.3,26.59,25.66,5797,22665920.0,3.6,1.94,0.5,2.97
2021-07-12,605081,26.31,26.03,26.31,25.86,5821,22526066.0,1.71,-1.03,-0.27,2.98
2021-07-13,605081,26.06,26.14,26.2,25.83,4373,16947556.0,1.42,0.42,0.11,2.24
2021-07-14,605081,26.12,25.94,26.21,25.9,3617,13985634.0,1.19,-0.77,-0.2,1.85
2021-07-15,605081,25.94,25.41,26.0,25.39,5180,19688828.0,2.35,-2.04,-0.53,2.65
2021-07-16,605081,25.39,25.68,25.7,25.37,3759,14259473.0,1.3,1.06,0.27,1.92
2021-07-19,605081,25.54,24.92,25.62,24.85,5292,19783062.0,3.0,-2.96,-0.76,2.71
2021-07-20,605081,24.66,24.41,24.75,24.28,5369,19580440.0,1.89,-2.05,-0.51,2.75
2021-07-21,605081,24.41,24.59,24.77,24.4,4301,15763923.0,1.52,0.74,0.18,2.2
2021-07-22,605081,24.54,24.19,24.54,24.13,6308,22807981.0,1.67,-1.63,-0.4,3.23
2021-07-23,605081,24.17,23.38,24.27,23.37,8594,30343040.0,3.72,-3.35,-0.81,4.4
2021-07-26,605081,23.37,22.84,23.37,22.68,6519,22357636.0,2.95,-2.31,-0.54,3.34
2021-07-27,605081,22.76,22.85,23.27,22.76,6042,20761735.0,2.23,0.04,0.01,3.09
2021-07-28,605081,22.86,23.75,24.55,22.33,11493,40346481.0,9.72,3.94,0.9,5.88
2021-07-29,605081,23.74,23.62,23.9,23.4,6783,23896961.0,2.11,-0.55,-0.13,3.47
2021-07-30,605081,23.34,23.66,23.73,23.12,3906,13640254.0,2.58,0.17,0.04,2.0
2021-08-02,605081,23.66,24.06,24.12,23.47,5426,19401614.0,2.75,1.69,0.4,2.78
2021-08-03,605081,24.06,23.97,24.16,23.9,3991,14284087.0,1.08,-0.37,-0.09,2.04
2021-08-04,605081,23.93,23.6,23.93,23.52,5806,20508119.0,1.71,-1.54,-0.37,2.97
2021-08-05,605081,23.57,23.41,23.63,23.34,3080,10788834.0,1.23,-0.81,-0.19,1.58
2021-08-06,605081,23.45,22.99,23.45,22.87,5296,18244813.0,2.48,-1.79,-0.42,2.71
2021-08-09,605081,23.1,23.53,23.66,23.01,5671,19810445.0,2.83,2.35,0.54,2.9
2021-08-10,605081,23.48,23.78,23.97,23.46,5090,17968353.0,2.17,1.06,0.25,2.61
2021-08-11,605081,23.72,23.99,24.06,23.62,4952,17638242.0,1.85,0.88,0.21,2.54
2021-08-12,605081,23.87,23.97,24.43,23.79,4768,17085233.0,2.67,-0.08,-0.02,2.44
2021-08-13,605081,23.96,23.74,24.03,23.69,3977,14135606.0,1.42,-0.96,-0.23,2.04
2021-08-16,605081,23.72,24.28,24.59,23.69,7428,26815182.0,3.79,2.27,0.54,3.8
2021-08-17,605081,24.37,23.99,24.74,23.98,7076,25636878.0,3.13,-1.19,-0.29,3.62
2021-08-18,605081,23.97,24.06,24.11,23.79,5437,19408296.0,1.33,0.29,0.07,2.78
2021-08-19,605081,23.88,24.03,24.24,23.87,4933,17701297.0,1.54,-0.12,-0.03,2.53
2021-08-20,605081,24.03,23.64,24.03,23.46,4264,15064998.0,2.37,-1.62,-0.39,2.18
2021-08-23,605081,23.45,24.09,24.21,23.45,4716,16861214.0,3.21,1.9,0.45,2.41
2021-08-24,605081,24.12,24.39,24.46,24.02,5922,21477644.0,1.83,1.25,0.3,3.03
2021-08-25,605081,24.37,24.52,24.8,24.15,6685,24476311.0,2.67,0.53,0.13,3.42
2021-08-26,605081,23.45,23.23,23.72,23.03,11629,40384604.0,2.81,-5.26,-1.29,5.95
2021-08-27,605081,23.03,22.79,23.19,22.63,5341,18235065.0,2.41,-1.89,-0.44,2.73
2021-08-30,605081,22.79,22.67,22.98,22.66,3899,13269735.0,1.4,-0.53,-0.12,2.0
2021-08-31,605081,22.94,23.39,24.04,22.83,9453,33257564.0,5.34,3.18,0.72,4.84
2021-09-01,605081,23.21,23.03,23.32,22.78,6990,24020039.0,2.31,-1.54,-0.36,3.58
2021-09-02,605081,23.09,23.26,23.61,22.94,4310,14944856.0,2.91,1.0,0.23,2.21
2021-09-03,605081,23.29,23.3,23.43,23.13,4093,14217858.0,1.29,0.17,0.04,2.1
2021-09-06,605081,23.3,23.34,23.52,23.21,4254,14825854.0,1.33,0.17,0.04,2.18
2021-09-07,605081,23.52,23.62,23.64,23.37,4617,16189797.0,1.16,1.2,0.28,2.36
2021-09-08,605081,23.59,23.72,23.73,23.47,4487,15812655.0,1.1,0.42,0.1,2.3
2021-09-09,605081,23.68,23.9,23.99,23.61,5246,18643356.0,1.6,0.76,0.18,2.69
2021-09-10,605081,23.91,23.59,23.97,23.48,4462,15736181.0,2.05,-1.3,-0.31,2.28
2021-09-13,605081,23.86,24.01,24.39,23.81,5923,21248703.0,2.46,1.78,0.42,3.03
2021-09-14,605081,23.86,23.58,24.14,23.58,4762,16899432.0,2.33,-1.79,-0.43,2.44
2021-09-15,605081,23.52,23.62,23.79,23.18,3452,12123881.0,2.59,0.17,0.04,1.77
2021-09-16,605081,23.66,23.59,24.02,23.52,4366,15504493.0,2.12,-0.13,-0.03,2.24
2021-09-17,605081,23.59,23.28,23.77,23.14,3471,12093181.0,2.67,-1.31,-0.31,1.78
2021-09-22,605081,23.28,23.85,24.38,22.92,4529,15997179.0,6.27,2.45,0.57,2.32
2021-09-23,605081,23.73,24.66,24.81,23.73,12382,45055900.0,4.53,3.4,0.81,6.34
2021-09-24,605081,24.69,24.35,24.81,24.19,8079,29531798.0,2.51,-1.26,-0.31,4.14
2021-09-27,605081,24.41,23.83,24.69,23.72,5765,20715303.0,3.98,-2.14,-0.52,2.95
2021-09-28,605081,23.85,23.95,24.38,23.52,3514,12532228.0,3.61,0.5,0.12,1.8
2021-09-29,605081,23.95,23.11,23.95,23.11,4779,16670764.0,3.51,-3.51,-0.84,2.45
2021-09-30,605081,23.11,23.23,23.61,23.1,2465,8563669.0,2.21,0.52,0.12,1.26
2021-10-08,605081,23.68,23.68,24.18,23.49,3646,12936353.0,2.97,1.94,0.45,1.87
2021-10-11,605081,23.66,23.58,23.66,23.32,2946,10320468.0,1.44,-0.42,-0.1,1.51
2021-10-12,605081,23.37,23.26,23.66,23.12,2427,8455883.0,2.29,-1.36,-0.32,1.24
2021-10-13,605081,23.19,23.4,23.41,23.12,2671,9266512.0,1.25,0.6,0.14,1.37
2021-10-14,605081,23.33,23.39,23.43,23.19,1704,5929929.0,1.03,-0.04,-0.01,0.87
2021-10-15,605081,23.39,22.98,23.43,22.94,2754,9516428.0,2.09,-1.75,-0.41,1.41
2021-10-18,605081,22.99,23.04,23.1,22.66,1606,5488604.0,1.91,0.26,0.06,0.82
2021-10-19,605081,22.84,23.03,23.28,22.84,1573,5410308.0,1.91,-0.04,-0.01,0.81
2021-10-20,605081,22.91,22.79,23.14,22.7,2190,7476154.0,1.91,-1.04,-0.24,1.12
2021-10-21,605081,22.79,22.66,22.79,22.66,2457,8326744.0,0.57,-0.57,-0.13,1.26
2021-10-22,605081,22.67,22.45,22.85,22.42,2881,9716474.0,1.9,-0.93,-0.21,1.48
2021-10-25,605081,22.37,22.37,22.48,22.3,2027,6770545.0,0.8,-0.36,-0.08,1.04
2021-10-26,605081,22.07,21.7,22.12,21.62,5616,18272776.0,2.24,-3.0,-0.67,2.88
2021-10-27,605081,21.72,20.95,21.72,20.76,5486,17312669.0,4.42,-3.46,-0.75,2.81
2021-10-28,605081,20.83,20.32,20.94,20.28,3986,12253175.0,3.15,-3.01,-0.63,2.04
2021-10-29,605081,20.37,20.54,20.59,20.32,2538,7792832.0,1.33,1.08,0.22,1.3
2021-11-01,605081,20.54,20.7,20.79,20.37,2286,7063648.0,2.04,0.78,0.16,1.17
2021-11-02,605081,20.7,20.34,20.76,20.29,2438,7484774.0,2.27,-1.74,-0.36,1.25
2021-11-03,605081,20.31,20.46,20.62,20.26,1489,4568499.0,1.77,0.59,0.12,0.76
2021-11-04,605081,20.52,20.54,20.67,20.41,2807,8646908.0,1.27,0.39,0.08,1.44
2021-11-05,605081,20.68,20.7,21.03,20.55,3252,10109802.0,2.34,0.78,0.16,1.67
2021-11-08,605081,21.02,21.27,21.55,20.83,5243,16723026.0,3.48,2.75,0.57,2.68
2021-11-09,605081,21.28,21.21,21.43,20.79,3267,10298968.0,3.01,-0.28,-0.06,1.67
2021-11-10,605081,21.2,21.32,21.36,20.96,2878,9099438.0,1.89,0.52,0.11,1.47
2021-11-11,605081,21.13,21.9,22.61,21.13,7387,24198227.0,6.94,2.72,0.58,3.78
2021-11-12,605081,21.66,21.69,21.88,21.3,4098,13212322.0,2.65,-0.96,-0.21,2.1
2021-11-15,605081,21.63,21.99,22.03,21.59,4169,13644990.0,2.03,1.38,0.3,2.13
2021-11-16,605081,21.98,21.46,22.04,21.43,6417,20822845.0,2.77,-2.41,-0.53,3.29
2021-11-17,605081,21.62,21.61,21.63,21.46,2728,8800485.0,0.79,0.7,0.15,1.4
2021-11-18,605081,21.52,21.26,21.6,21.25,3243,10384798.0,1.62,-1.62,-0.35,1.66
2021-11-19,605081,21.24,21.41,21.5,21.13,2630,8399234.0,1.74,0.71,0.15,1.35
2021-11-22,605081,21.39,21.37,21.49,21.3,2112,6752024.0,0.89,-0.19,-0.04,1.08
2021-11-23,605081,21.39,21.52,21.64,21.27,2659,8537223.0,1.73,0.7,0.15,1.36
2021-11-24,605081,21.52,21.95,22.03,21.52,6327,20673315.0,2.37,2.0,0.43,3.24
2021-11-25,605081,22.08,22.23,22.41,22.02,8740,29046796.0,1.78,1.28,0.28,4.48
2021-11-26,605081,22.34,22.01,22.34,21.72,5896,19441698.0,2.79,-0.99,-0.22,3.02
2021-11-29,605081,21.72,21.68,21.93,21.63,4603,14968416.0,1.36,-1.5,-0.33,2.36
2021-11-30,605081,21.71,21.77,21.94,21.66,2892,9443438.0,1.29,0.42,0.09,1.48
2021-12-01,605081,21.77,22.19,22.21,21.53,4494,14791570.0,3.12,1.93,0.42,2.3
2021-12-02,605081,22.2,22.0,22.31,21.9,3638,12022361.0,1.85,-0.86,-0.19,1.86
2021-12-03,605081,22.0,22.01,22.17,21.85,2695,8860290.0,1.45,0.05,0.01,1.38
2021-12-06,605081,22.1,21.44,22.19,21.41,3707,12020301.0,3.54,-2.59,-0.57,1.9
2021-12-07,605081,21.55,21.48,21.64,21.24,2557,8197244.0,1.87,0.19,0.04,1.31
2021-12-08,605081,21.45,21.45,21.58,21.38,1824,5856319.0,0.93,-0.14,-0.03,0.93
2021-12-09,605081,21.45,21.52,21.64,21.31,2985,9594218.0,1.54,0.33,0.07,1.53
2021-12-10,605081,21.48,21.6,21.67,21.47,2006,6478082.0,0.93,0.37,0.08,1.03
2021-12-13,605081,21.59,23.83,23.83,21.59,21447,74472410.0,10.37,10.32,2.23,10.98
2021-12-14,605081,23.7,23.13,23.7,23.1,25412,88467739.0,2.52,-2.94,-0.7,13.01
2021-12-15,605081,23.07,23.0,23.37,22.92,9736,33571650.0,1.95,-0.56,-0.13,4.99
2021-12-16,605081,22.94,23.09,23.26,22.94,7775,26804469.0,1.39,0.39,0.09,3.98
2021-12-17,605081,23.03,23.18,23.32,22.68,9072,31235676.0,2.77,0.39,0.09,4.65
2021-12-20,605081,23.2,23.43,23.5,22.9,10174,35319615.0,2.59,1.08,0.25,5.21
2021-12-21,605081,23.41,23.86,23.86,23.23,13409,47243784.0,2.69,1.84,0.43,6.87
2021-12-22,605081,24.02,23.23,24.12,23.16,10454,36650363.0,4.02,-2.64,-0.63,5.35
2021-12-23,605081,23.19,22.83,23.33,22.79,5601,19253916.0,2.32,-1.72,-0.4,2.87
2021-12-24,605081,22.76,22.94,22.97,22.5,5136,17390157.0,2.06,0.48,0.11,2.63
2021-12-27,605081,22.93,23.17,23.17,22.57,4303,14738992.0,2.62,1.0,0.23,2.2
2021-12-28,605081,23.17,22.97,23.23,22.9,2359,8097999.0,1.42,-0.86,-0.2,1.21
2021-12-29,605081,22.97,22.94,23.09,22.87,2288,7840999.0,0.96,-0.13,-0.03,1.17
2021-12-30,605081,22.9,23.14,23.16,22.77,3509,12062512.0,1.7,0.87,0.2,1.8
2021-12-31,605081,22.99,23.13,23.36,22.99,3393,11731609.0,1.6,-0.04,-0.01,1.74
2022-01-04,605081,23.11,23.47,23.64,23.03,4645,16230225.0,2.64,1.47,0.34,2.38
2022-01-05,605081,23.45,23.69,23.69,23.21,6364,22277311.0,2.05,0.94,0.22,3.26
2022-01-06,605081,23.7,23.76,24.08,23.54,7619,27023116.0,2.28,0.3,0.07,3.9
2022-01-07,605081,23.76,23.32,23.85,23.28,5521,19344535.0,2.4,-1.85,-0.44,2.83
2022-01-10,605081,23.24,23.48,23.5,23.11,3875,13527673.0,1.67,0.69,0.16,1.98
2022-01-11,605081,23.49,23.12,23.71,23.11,4504,15756497.0,2.56,-1.53,-0.36,2.31
2022-01-12,605081,23.12,24.18,24.32,23.1,15734,56285593.0,5.28,4.58,1.06,8.06
2022-01-13,605081,24.05,23.79,24.18,23.76,7291,26040526.0,1.74,-1.61,-0.39,3.73
2022-01-14,605081,23.79,23.03,23.97,23.03,9120,31856119.0,3.95,-3.19,-0.76,4.67
2022-01-17,605081,23.06,23.47,23.74,23.06,5039,17613928.0,2.95,1.91,0.44,2.58
2022-01-18,605081,23.69,23.23,23.69,23.11,5156,17887069.0,2.47,-1.02,-0.24,2.64
2022-01-19,605081,23.2,23.45,23.66,22.97,3981,13857308.0,2.97,0.95,0.22,2.04
2022-01-20,605081,23.65,22.59,23.65,22.55,5630,19330839.0,4.69,-3.67,-0.86,2.88
2022-01-21,605081,22.76,22.36,22.96,22.03,3439,11475871.0,4.12,-1.02,-0.23,1.76
2022-01-24,605081,22.36,21.94,22.59,21.87,2364,7801963.0,3.22,-1.88,-0.42,1.21
2022-01-25,605081,21.94,20.85,22.02,20.57,4904,15595646.0,6.61,-4.97,-1.09,2.51
2022-01-26,605081,20.7,20.9,21.11,20.7,2052,6435517.0,1.97,0.24,0.05,1.05
2022-01-27,605081,20.83,20.29,20.93,20.18,3423,10487766.0,3.59,-2.92,-0.61,1.75
2022-01-28,605081,20.41,20.62,20.87,20.26,2267,6978380.0,3.01,1.63,0.33,1.16
2022-02-07,605081,20.76,20.97,21.38,20.76,2351,7418939.0,3.01,1.7,0.35,1.2
2022-02-08,605081,21.07,21.43,21.47,20.93,3015,9624248.0,2.58,2.19,0.46,1.54
2022-02-09,605081,20.69,21.0,21.77,20.62,24991,78463655.0,5.37,-2.01,-0.43,4.27
2022-02-10,605081,21.3,20.8,21.66,20.73,19505,61439352.0,4.43,-0.95,-0.2,3.33
2022-02-11,605081,20.68,20.19,20.68,20.18,14065,42905101.0,2.4,-2.93,-0.61,2.4
2022-02-14,605081,20.01,19.97,20.11,19.31,14228,42313603.0,3.96,-1.09,-0.22,2.43
2022-02-15,605081,20.0,19.57,20.0,19.46,10902,32204680.0,2.7,-2.0,-0.4,1.86
2022-02-16,605081,19.69,19.81,19.84,19.69,8893,26385376.0,0.77,1.23,0.24,1.52
2022-02-17,605081,19.81,20.06,20.4,19.8,16369,49520718.0,3.03,1.26,0.25,2.8
2022-02-18,605081,19.81,20.17,20.3,19.74,8412,25253334.0,2.79,0.55,0.11,1.44
2022-02-21,605081,20.12,20.21,20.28,20.01,8713,26359954.0,1.34,0.2,0.04,1.49
2022-02-22,605081,20.06,19.9,20.14,19.8,6600,19744228.0,1.68,-1.53,-0.31,1.13
2022-02-23,605081,20.0,20.16,20.21,19.87,6731,20272073.0,1.71,1.31,0.26,1.15
2022-02-24,605081,20.01,19.52,20.19,19.39,9806,29109361.0,3.97,-3.17,-0.64,1.68
2022-02-25,605081,19.61,19.69,19.97,19.61,5230,15541487.0,1.84,0.87,0.17,0.89
2022-02-28,605081,19.7,19.63,19.76,19.33,4967,14548027.0,2.18,-0.3,-0.06,0.85
2022-03-01,605081,19.63,19.86,19.9,19.63,4611,13674739.0,1.38,1.17,0.23,0.79
2022-03-02,605081,19.66,20.08,20.12,19.66,4871,14590670.0,2.32,1.11,0.22,0.83
2022-03-03,605081,20.12,20.03,20.23,20.0,3577,10758605.0,1.15,-0.25,-0.05,0.61
2022-03-04,605081,19.99,19.86,20.1,19.79,4900,14644060.0,1.55,-0.85,-0.17,0.84
2022-03-07,605081,19.72,19.44,19.86,19.37,7528,22064084.0,2.47,-2.11,-0.42,1.29
2022-03-08,605081,19.39,18.92,19.48,18.88,7438,21423663.0,3.09,-2.67,-0.52,1.27
2022-03-09,605081,18.97,18.53,19.06,18.02,7163,20032930.0,5.5,-2.06,-0.39,1.22
2022-03-10,605081,18.83,18.75,19.21,18.72,4535,12914241.0,2.64,1.19,0.22,0.77
2022-03-11,605081,18.68,18.89,18.89,18.19,4629,12889508.0,3.73,0.75,0.14,0.79
2022-03-14,605081,18.64,18.43,18.77,18.39,3587,10022486.0,2.01,-2.44,-0.46,0.61
2022-03-15,605081,18.39,17.55,18.41,17.55,5336,14490376.0,4.67,-4.77,-0.88,0.91
2022-03-16,605081,17.68,17.79,17.92,17.32,8014,21351110.0,3.42,1.37,0.24,1.37
2022-03-17,605081,17.86,17.85,18.23,17.79,8203,22189417.0,2.47,0.34,0.06,1.4
2022-03-18,605081,17.79,18.03,18.1,17.7,6930,18737801.0,2.24,1.01,0.18,1.18
2022-03-21,605081,18.09,18.48,18.52,17.94,8561,23466184.0,3.22,2.5,0.45,1.46
2022-03-22,605081,18.29,18.38,18.49,18.15,6238,17199427.0,1.84,-0.54,-0.1,1.07
2022-03-23,605081,18.52,18.44,18.58,18.34,4060,11254555.0,1.31,0.33,0.06,0.69
2022-03-24,605081,18.41,18.14,18.41,18.07,3972,10846323.0,1.84,-1.63,-0.3,0.68
2022-03-25,605081,18.08,18.11,18.32,18.08,3766,10320869.0,1.32,-0.17,-0.03,0.64
2022-03-28,605081,18.27,17.91,18.27,17.6,5930,15921182.0,3.7,-1.1,-0.2,1.01
2022-03-29,605081,18.14,17.63,18.14,17.6,6299,16822586.0,3.02,-1.56,-0.28,1.08
2022-03-30,605081,17.79,17.7,17.81,17.53,10008,26598806.0,1.59,0.4,0.07,1.71
2022-03-31,605081,17.68,18.12,18.42,17.6,13129,35567096.0,4.63,2.37,0.42,2.24
2022-04-01,605081,17.93,17.92,18.07,17.73,5778,15533859.0,1.88,-1.1,-0.2,0.99
2022-04-06,605081,17.86,18.31,18.37,17.82,6442,17644758.0,3.07,2.18,0.39,1.1
2022-04-07,605081,18.26,17.85,18.3,17.81,5773,15636466.0,2.68,-2.51,-0.46,0.99
2022-04-08,605081,17.84,17.79,17.9,17.52,4148,11059363.0,2.13,-0.34,-0.06,0.71
2022-04-11,605081,17.59,17.37,17.79,17.31,3885,10260684.0,2.7,-2.36,-0.42,0.66
2022-04-12,605081,17.29,17.58,17.6,17.12,4100,10715257.0,2.76,1.21,0.21,0.7
2022-04-13,605081,17.43,17.33,17.43,17.2,4064,10603680.0,1.31,-1.42,-0.25,0.69
2022-04-14,605081,17.38,17.38,17.51,17.24,2973,7809544.0,1.56,0.29,0.05,0.51
2022-04-15,605081,17.37,16.83,17.37,16.81,5660,14526926.0,3.22,-3.16,-0.55,0.97
2022-04-18,605081,16.83,16.97,17.08,16.54,4453,11274604.0,3.21,0.83,0.14,0.76
2022-04-19,605081,16.94,16.97,17.14,16.83,3468,8878699.0,1.83,0.0,0.0,0.59
2022-04-20,605081,16.95,17.07,17.3,16.95,5210,13478105.0,2.06,0.59,0.1,0.89
2022-04-21,605081,17.06,16.71,17.37,16.64,6332,16247299.0,4.28,-2.11,-0.36,1.08
2022-04-22,605081,16.63,16.48,16.8,16.43,6417,16068181.0,2.21,-1.38,-0.23,1.1
2022-04-25,605081,16.4,15.19,16.4,15.19,8871,21397409.0,7.34,-7.83,-1.29,1.52
2022-04-26,605081,15.69,15.64,16.61,15.64,17226,41744640.0,6.39,2.96,0.45,2.94
2022-04-27,605081,15.59,15.97,16.05,15.38,7967,18883190.0,4.28,2.11,0.33,1.36
2022-04-28,605081,15.86,15.44,16.0,15.34,5808,13754374.0,4.13,-3.32,-0.53,0.99
2022-04-29,605081,15.68,16.0,16.23,15.56,8189,19730661.0,4.34,3.63,0.56,1.4
2022-05-05,605081,16.08,16.23,16.32,15.81,6293,15352193.0,3.19,1.44,0.23,1.07
2022-05-06,605081,15.93,16.06,16.26,15.86,4215,10219220.0,2.46,-1.05,-0.17,0.72
2022-05-09,605081,16.14,16.41,16.53,16.01,5399,13355798.0,3.24,2.18,0.35,0.92
2022-05-10,605081,16.36,16.55,16.57,16.26,5518,13749098.0,1.89,0.85,0.14,0.94
2022-05-11,605081,16.61,16.65,17.1,16.58,8373,21318733.0,3.14,0.6,0.1,1.43
2022-05-12,605081,16.65,16.81,16.9,16.47,5665,14303871.0,2.58,0.96,0.16,0.97
2022-05-13,605081,16.81,16.82,16.97,16.69,3180,8069885.0,1.67,0.06,0.01,0.54
2022-05-16,605081,16.82,16.63,16.97,16.57,4004,10107161.0,2.38,-1.13,-0.19,0.68
2022-05-17,605081,16.62,16.57,16.69,16.37,3119,7779011.0,1.92,-0.36,-0.06,0.53
2022-05-18,605081,16.72,16.77,16.9,16.49,4438,11243542.0,2.47,1.21,0.2,0.76
2022-05-19,605081,16.63,16.86,16.86,16.5,5041,12741908.0,2.15,0.54,0.09,0.86
2022-05-20,605081,16.85,17.01,17.03,16.79,4494,11503633.0,1.42,0.89,0.15,0.77
2022-05-23,605081,17.01,17.04,17.16,16.9,4335,11140457.0,1.53,0.18,0.03,0.74
2022-05-24,605081,17.04,16.24,17.06,16.23,6289,15792657.0,4.87,-4.69,-0.8,1.07
2022-05-25,605081,16.15,16.62,16.66,16.15,3433,8563901.0,3.14,2.34,0.38,0.59
2022-05-26,605081,17.21,16.97,17.34,16.82,6401,16434409.0,3.13,2.11,0.35,1.09
2022-05-27,605081,16.97,17.2,17.23,16.86,5203,13412696.0,2.18,1.36,0.23,0.89
2022-05-30,605081,17.24,17.72,17.77,17.03,8702,22897999.0,4.3,3.02,0.52,1.49
2022-05-31,605081,17.72,17.7,17.8,17.29,8238,21790828.0,2.88,-0.11,-0.02,1.41
2022-06-01,605081,17.5,17.69,17.82,17.42,7974,14064133.0,2.26,-0.06,-0.01,0.94
2022-06-02,605081,17.56,17.45,17.56,17.18,10329,17905466.0,2.15,-1.36,-0.24,1.22
2022-06-06,605081,17.56,17.45,17.58,17.31,8469,14788465.0,1.55,0.0,0.0,1.0
2022-06-07,605081,17.49,17.25,17.51,17.16,8476,14664166.0,2.01,-1.15,-0.2,1.0
2022-06-08,605081,17.24,17.13,17.39,16.87,8660,14825404.0,3.01,-0.7,-0.12,1.02
2022-06-09,605081,17.09,16.79,17.13,16.73,7691,12987376.0,2.34,-1.98,-0.34,0.91
2022-06-10,605081,16.78,16.83,16.93,16.66,8746,14698400.0,1.61,0.24,0.04,1.03
2022-06-13,605081,16.75,16.82,16.87,16.6,7666,12817103.0,1.6,-0.06,-0.01,0.9
2022-06-14,605081,16.7,16.75,16.78,16.46,6628,11007597.0,1.9,-0.42,-0.07,0.78
2022-06-15,605081,16.8,16.8,16.97,16.75,8676,14634929.0,1.31,0.3,0.05,1.02
2022-06-16,605081,17.08,16.89,17.08,16.82,7253,12292846.0,1.55,0.54,0.09,0.85
2022-06-17,605081,16.87,16.77,16.92,16.55,5819,9728386.0,2.19,-0.71,-0.12,0.69
2022-06-20,605081,16.81,17.18,17.33,16.66,10941,18713323.0,4.0,2.44,0.41,1.29
2022-06-21,605081,17.17,17.2,17.31,17.07,5763,9907140.0,1.4,0.12,0.02,0.68
2022-06-22,605081,17.19,17.07,17.29,17.01,8381,14368786.0,1.63,-0.76,-0.13,0.99
2022-06-23,605081,17.17,17.17,17.17,16.88,4505,7691914.0,1.7,0.59,0.1,0.53
2022-06-24,605081,17.16,17.18,17.24,17.09,6059,10401088.0,0.87,0.06,0.01,0.71
2022-06-27,605081,17.18,17.15,17.29,17.1,6916,11876527.0,1.11,-0.17,-0.03,0.81
2022-06-28,605081,17.21,17.25,17.26,17.09,11023,18925079.0,0.99,0.58,0.1,1.3
2022-06-29,605081,17.3,17.05,17.3,17.04,8181,14036247.0,1.51,-1.16,-0.2,0.96
2022-06-30,605081,17.1,17.12,17.25,17.1,5832,10015790.0,0.88,0.41,0.07,0.69
2022-07-01,605081,17.16,17.34,17.46,17.11,9813,16982125.0,2.04,1.29,0.22,1.16
2022-07-04,605081,17.33,17.24,17.4,17.17,6095,10518474.0,1.33,-0.58,-0.1,0.72
2022-07-05,605081,17.21,17.13,17.31,17.0,7207,12349902.0,1.8,-0.64,-0.11,0.85
2022-07-06,605081,17.05,16.9,17.12,16.78,7035,11906646.0,1.98,-1.34,-0.23,0.83
2022-07-07,605081,16.89,16.91,17.07,16.89,5032,8544182.0,1.07,0.06,0.01,0.59
2022-07-08,605081,16.91,17.02,17.16,16.9,7327,12510702.0,1.54,0.65,0.11,0.86
2022-07-11,605081,17.13,16.96,17.16,16.92,5468,9305501.0,1.41,-0.35,-0.06,0.64
2022-07-12,605081,16.9,16.66,17.03,16.6,6820,11448080.0,2.54,-1.77,-0.3,0.8
2022-07-13,605081,16.8,17.02,17.04,16.6,8401,14195306.0,2.64,2.16,0.36,0.99
2022-07-14,605081,17.01,16.99,17.08,16.88,6033,10250357.0,1.18,-0.18,-0.03,0.71
2022-07-15,605081,16.99,16.58,17.07,16.57,8671,14517631.0,2.94,-2.41,-0.41,1.02
2022-07-18,605081,16.6,17.24,17.45,16.6,21631,37223843.0,5.13,3.98,0.66,2.55
2022-07-19,605081,17.3,17.35,17.36,17.16,12145,20988943.0,1.16,0.64,0.11,1.43
2022-07-20,605081,17.35,17.32,17.43,17.21,7477,12907561.0,1.27,-0.17,-0.03,0.88
2022-07-21,605081,17.56,17.3,17.56,17.21,9698,16810131.0,2.02,-0.12,-0.02,1.14
2022-07-22,605081,17.31,17.36,17.68,17.14,17678,30792940.0,3.12,0.35,0.06,2.08
2022-07-25,605081,17.47,17.66,17.75,17.22,16107,28335397.0,3.05,1.73,0.3,1.9
2022-07-26,605081,17.66,18.0,18.05,17.24,13724,24078703.0,4.59,1.93,0.34,1.62
2022-07-27,605081,17.88,17.77,17.95,17.66,11755,20941145.0,1.61,-1.28,-0.23,1.38
2022-07-28,605081,17.85,17.66,17.86,17.58,12937,22891304.0,1.58,-0.62,-0.11,1.52
2022-07-29,605081,17.71,17.57,17.71,17.39,7343,12880365.0,1.81,-0.51,-0.09,0.87
2022-08-01,605081,17.55,17.41,17.55,17.34,7510,13080520.0,1.2,-0.91,-0.16,0.88
2022-08-02,605081,17.35,16.54,17.35,16.01,17752,29692131.0,7.7,-5.0,-0.87,2.09
2022-08-03,605081,16.75,16.7,17.28,16.64,9837,16666816.0,3.87,0.97,0.16,1.16
2022-08-04,605081,16.72,16.85,16.98,16.65,5891,9895550.0,1.98,0.9,0.15,0.69
2022-08-05,605081,16.86,16.93,16.97,16.72,5524,9296449.0,1.48,0.47,0.08,0.65
2022-08-08,605081,16.9,16.89,16.94,16.78,9442,15907162.0,0.95,-0.24,-0.04,1.11
2022-08-09,605081,16.89,17.04,17.09,16.78,15842,26883786.0,1.84,0.89,0.15,1.85
2022-08-10,605081,17.04,17.65,17.88,16.88,34077,59552774.0,5.87,3.58,0.61,3.99
2022-08-11,605081,17.75,17.63,17.9,17.52,20044,35501599.0,2.15,-0.11,-0.02,2.35
2022-08-12,605081,17.85,17.78,17.87,17.56,17663,31321241.0,1.76,0.85,0.15,2.07
2022-08-15,605081,17.79,17.66,17.79,17.48,11073,19494168.0,1.74,-0.67,-0.12,1.3
2022-08-16,605081,17.68,17.76,17.76,17.61,11030,19532427.0,0.85,0.57,0.1,1.29
2022-08-17,605081,17.76,17.87,17.92,17.74,16029,28585877.0,1.01,0.62,0.11,1.88
2022-08-18,605081,17.9,18.14,18.27,17.83,16655,30144812.0,2.46,1.51,0.27,1.95
2022-08-19,605081,18.1,18.12,18.36,18.01,17448,31770364.0,1.93,-0.11,-0.02,2.04
2022-08-22,605081,18.03,18.26,18.3,18.03,10745,19577617.0,1.49,0.77,0.14,1.26
2022-08-23,605081,18.18,18.12,18.37,18.08,10228,18613304.0,1.59,-0.77,-0.14,1.2
2022-08-24,605081,18.09,17.89,18.44,17.84,11822,21385107.0,3.31,-1.27,-0.23,1.38
2022-08-25,605081,17.82,18.08,18.39,17.7,15861,28627470.0,3.86,1.06,0.19,1.86
2022-08-26,605081,18.0,18.02,18.27,17.84,10455,18905982.0,2.38,-0.33,-0.06,1.22
2022-08-29,605081,17.9,17.99,18.08,17.6,5475,9812777.0,2.66,-0.17,-0.03,0.64
2022-08-30,605081,18.0,18.23,18.28,17.9,12015,21787309.0,2.11,1.33,0.24,1.41
2022-08-31,605081,18.14,17.72,18.19,17.5,11989,21306370.0,3.78,-2.8,-0.51,1.4
2022-09-01,605081,17.74,17.75,18.0,17.68,8241,14699840.0,1.81,0.17,0.03,0.96
2022-09-02,605081,17.74,17.81,17.92,17.6,7243,12893102.0,1.8,0.34,0.06,0.85
2022-09-05,605081,17.86,18.23,18.23,17.76,11130,20150082.0,2.64,2.36,0.42,1.3
2022-09-06,605081,18.24,18.38,18.43,18.14,12972,23775402.0,1.59,0.82,0.15,1.52
2022-09-07,605081,18.35,18.85,19.61,18.23,29218,55032638.0,7.51,2.56,0.47,3.42
2022-09-08,605081,18.81,18.88,19.18,18.6,21142,39803975.0,3.08,0.16,0.03,2.48
2022-09-09,605081,18.9,18.41,18.95,18.26,15996,29512765.0,3.65,-2.49,-0.47,1.87
2022-09-13,605081,18.37,18.3,18.51,18.25,10215,18741540.0,1.41,-0.6,-0.11,1.2
2022-09-14,605081,18.02,18.53,18.56,17.93,14271,26137378.0,3.44,1.26,0.23,1.67
2022-09-15,605081,18.59,18.55,18.72,18.35,10942,20257116.0,2.0,0.11,0.02,1.28
2022-09-16,605081,18.6,18.14,18.73,18.11,9263,17030932.0,3.34,-2.21,-0.41,1.08
2022-09-19,605081,18.14,18.06,18.5,17.71,18693,33879919.0,4.36,-0.44,-0.08,2.19
2022-09-20,605081,18.06,17.9,18.2,17.61,6040,10863758.0,3.27,-0.89,-0.16,0.71
2022-09-21,605081,17.9,18.62,18.76,17.0,15724,28564624.0,9.83,4.02,0.72,1.84
2022-09-22,605081,18.5,18.7,18.83,18.43,12052,22492851.0,2.15,0.43,0.08,1.41
2022-09-23,605081,18.7,17.93,18.7,17.92,11925,21775625.0,4.17,-4.12,-0.77,1.4
2022-09-26,605081,17.81,17.66,18.05,17.46,6676,11809536.0,3.29,-1.51,-0.27,0.78
2022-09-27,605081,17.59,18.07,18.07,17.59,5394,9639050.0,2.72,2.32,0.41,0.63
2022-09-28,605081,17.93,17.78,18.18,17.78,4985,8972984.0,2.21,-1.6,-0.29,0.58
2022-09-29,605081,17.8,17.73,18.09,17.46,10458,18487420.0,3.54,-0.28,-0.05,1.22
2022-09-30,605081,17.65,17.78,17.85,17.56,4880,8649191.0,1.64,0.28,0.05,0.57
2022-10-10,605081,18.0,17.71,18.1,17.68,5945,10639762.0,2.36,-0.39,-0.07,0.7
2022-10-11,605081,17.66,18.05,18.05,17.37,11521,20494704.0,3.84,1.92,0.34,1.35
2022-10-12,605081,17.72,17.65,17.82,17.17,13505,23665356.0,3.6,-2.22,-0.4,1.58
2022-10-13,605081,19.25,18.05,19.42,17.89,80228,148546123.0,8.67,2.27,0.4,9.39
2022-10-14,605081,17.51,17.82,17.98,17.51,40420,71695316.0,2.6,-1.27,-0.23,4.73
2022-10-17,605081,17.79,17.66,17.8,17.52,25832,45581622.0,1.57,-0.9,-0.16,3.02
2022-10-18,605081,17.78,17.39,17.78,17.37,22721,39855532.0,2.32,-1.53,-0.27,2.66
2022-10-19,605081,17.4,16.88,17.44,16.82,22766,38705330.0,3.57,-2.93,-0.51,2.67
2022-10-20,605081,16.76,16.68,16.94,16.6,12408,20781426.0,2.01,-1.18,-0.2,1.45
2022-10-21,605081,16.76,16.68,16.86,16.63,10624,17802982.0,1.38,0.0,0.0,1.24
2022-10-24,605081,16.72,16.23,16.82,16.2,11816,19571125.0,3.72,-2.7,-0.45,1.38
2022-10-25,605081,16.13,16.32,16.33,15.56,12423,20008747.0,4.74,0.55,0.09,1.45
2022-10-26,605081,16.32,16.53,16.63,16.27,11089,18272428.0,2.21,1.29,0.21,1.3
2022-10-27,605081,16.6,16.49,16.74,16.44,6594,10911487.0,1.81,-0.24,-0.04,0.77
2022-10-28,605081,16.42,16.1,16.45,16.02,9217,14956886.0,2.61,-2.37,-0.39,1.08
2022-10-31,605081,15.96,16.07,16.23,15.8,6792,10883994.0,2.67,-0.19,-0.03,0.8
2022-11-01,605081,16.0,16.22,16.24,16.0,10051,16201262.0,1.49,0.93,0.15,1.18
2022-11-02,605081,16.18,16.3,16.33,16.13,9895,16072093.0,1.23,0.49,0.08,1.16
2022-11-03,605081,16.18,16.3,16.36,16.13,5384,8745650.0,1.41,0.0,0.0,0.63
2022-11-04,605081,16.32,16.58,16.64,16.31,10103,16726999.0,2.02,1.72,0.28,1.18
2022-11-07,605081,16.6,16.66,16.7,16.5,9431,15661950.0,1.21,0.48,0.08,1.1
2022-11-08,605081,16.67,16.65,16.69,16.51,8117,13498101.0,1.08,-0.06,-0.01,0.95
2022-11-09,605081,16.73,16.64,16.77,16.61,6968,11619296.0,0.96,-0.06,-0.01,0.82
2022-11-10,605081,16.58,16.59,16.71,16.5,5114,8493338.0,1.26,-0.3,-0.05,0.6
2022-11-11,605081,16.91,16.6,16.93,16.6,9586,16063372.0,1.99,0.06,0.01,1.12
2022-11-14,605081,16.65,16.67,16.82,16.58,7543,12583958.0,1.45,0.42,0.07,0.88
2022-11-15,605081,16.73,16.89,16.9,16.73,8286,13961862.0,1.02,1.32,0.22,0.97
2022-11-16,605081,16.88,16.98,17.09,16.82,8075,13698675.0,1.6,0.53,0.09,0.95
2022-11-17,605081,16.92,17.08,17.09,16.81,7648,13025963.0,1.65,0.59,0.1,0.9
2022-11-18,605081,17.08,17.06,17.15,16.96,7617,12986487.0,1.11,-0.12,-0.02,0.89
2022-11-21,605081,16.92,16.94,17.06,16.91,5657,9586234.0,0.88,-0.7,-0.12,0.66
2022-11-22,605081,16.99,16.82,17.08,16.73,8154,13784554.0,2.07,-0.71,-0.12,0.95
2022-11-23,605081,16.78,16.62,16.78,16.46,10152,16876841.0,1.9,-1.19,-0.2,1.19
2022-11-24,605081,16.78,16.75,16.84,16.66,8092,13546018.0,1.08,0.78,0.13,0.95
2022-11-25,605081,16.75,16.65,16.76,16.59,6425,10708351.0,1.01,-0.6,-0.1,0.75
2022-11-28,605081,16.64,16.51,16.66,16.37,5199,8594342.0,1.74,-0.84,-0.14,0.61
2022-11-29,605081,16.51,16.83,16.85,16.43,9518,15904136.0,2.54,1.94,0.32,1.11
2022-11-30,605081,16.82,16.77,16.86,16.73,5253,8819437.0,0.77,-0.36,-0.06,0.61
2022-12-01,605081,16.87,16.86,16.94,16.78,7612,12840738.0,0.95,0.54,0.09,0.89
2022-12-02,605081,16.82,16.99,17.03,16.8,8257,13995490.0,1.36,0.77,0.13,0.97
2022-12-05,605081,17.01,17.08,17.14,16.97,7533,12841089.0,1.0,0.53,0.09,0.88
2022-12-06,605081,17.01,17.04,17.14,17.01,6735,11492112.0,0.76,-0.23,-0.04,0.79
2022-12-07,605081,17.01,16.93,17.1,16.9,6775,11516731.0,1.17,-0.65,-0.11,0.79
2022-12-08,605081,17.03,16.91,17.03,16.86,6044,10209860.0,1.0,-0.12,-0.02,0.71
2022-12-09,605081,16.88,17.03,17.04,16.78,8995,15188797.0,1.54,0.71,0.12,1.05
2022-12-12,605081,16.91,16.8,16.99,16.72,9349,15738944.0,1.59,-1.35,-0.23,1.09
2022-12-13,605081,16.71,16.69,16.75,16.58,11638,19372010.0,1.01,-0.65,-0.11,1.36
2022-12-14,605081,16.67,16.63,16.7,16.58,4475,7448293.0,0.72,-0.36,-0.06,0.52
2022-12-15,605081,16.6,16.62,16.7,16.5,4538,7546248.0,1.2,-0.06,-0.01,0.53
2022-12-16,605081,16.54,16.48,16.64,16.43,5715,9442894.0,1.26,-0.84,-0.14,0.67
2022-12-19,605081,16.51,16.05,16.55,16.0,8673,14007211.0,3.34,-2.61,-0.43,1.02
2022-12-20,605081,16.01,16.08,16.14,15.86,5103,8167007.0,1.74,0.19,0.03,0.6
2022-12-21,605081,16.01,15.77,16.15,15.75,6404,10171158.0,2.49,-1.93,-0.31,0.75
2022-12-22,605081,15.79,15.7,15.99,15.61,5326,8415766.0,2.41,-0.44,-0.07,0.62
2022-12-23,605081,15.68,15.61,15.78,15.47,6108,9525122.0,1.97,-0.57,-0.09,0.72
2022-12-26,605081,15.56,15.84,15.91,15.56,4114,6481244.0,2.24,1.47,0.23,0.48
2022-12-27,605081,15.84,15.8,15.93,15.76,3389,5361216.0,1.07,-0.25,-0.04,0.4
2022-12-28,605081,15.93,15.7,15.93,15.62,4121,6470268.0,1.96,-0.63,-0.1,0.48
2022-12-29,605081,15.73,15.52,15.73,15.52,3807,5935475.0,1.34,-1.15,-0.18,0.45
2022-12-30,605081,15.52,15.93,15.93,15.52,6761,10636927.0,2.64,2.64,0.41,0.79
2023-01-03,605081,15.82,15.96,16.02,15.75,6781,10782032.0,1.69,0.19,0.03,0.79
2023-01-04,605081,15.93,16.04,16.1,15.93,4739,7596022.0,1.07,0.5,0.08,0.55
2023-01-05,605081,16.04,16.03,16.08,15.96,4112,6581743.0,0.75,-0.06,-0.01,0.48
2023-01-06,605081,16.03,16.06,16.07,15.9,3921,6282195.0,1.06,0.19,0.03,0.46
2023-01-09,605081,16.06,16.06,16.1,15.99,3343,5362683.0,0.68,0.0,0.0,0.39
2023-01-10,605081,16.06,15.96,16.11,15.91,3311,5298610.0,1.25,-0.62,-0.1,0.39
2023-01-11,605081,16.03,15.84,16.04,15.8,2869,4566928.0,1.5,-0.75,-0.12,0.34
2023-01-12,605081,15.9,15.8,15.9,15.78,4023,6369926.0,0.76,-0.25,-0.04,0.47
2023-01-13,605081,15.88,15.86,15.95,15.77,4982,7888108.0,1.14,0.38,0.06,0.58
2023-01-16,605081,15.86,16.03,16.08,15.8,4485,7164664.0,1.77,1.07,0.17,0.53
2023-01-17,605081,16.02,15.96,16.06,15.92,2750,4392904.0,0.87,-0.44,-0.07,0.32
2023-01-18,605081,15.96,16.05,16.07,15.95,3718,5956196.0,0.75,0.56,0.09,0.44
2023-01-19,605081,16.05,16.1,16.17,16.05,4105,6608861.0,0.75,0.31,0.05,0.48
2023-01-20,605081,16.13,16.2,16.21,16.06,5408,8735953.0,0.93,0.62,0.1,0.63
2023-01-30,605081,16.29,16.2,16.39,16.18,22746,36941850.0,1.3,0.0,0.0,2.66
2023-01-31,605081,15.96,16.07,16.2,15.89,18995,30434831.0,1.91,-0.8,-0.13,2.22
2023-02-01,605081,16.06,16.29,16.35,16.02,15136,24467532.0,2.05,1.37,0.22,1.77
2023-02-02,605081,16.35,16.36,16.4,16.26,13110,21410389.0,0.86,0.43,0.07,1.54
2023-02-03,605081,16.39,16.4,16.45,16.24,10979,17946336.0,1.28,0.24,0.04,1.29
2023-02-06,605081,16.44,16.59,16.63,16.35,11827,19538457.0,1.71,1.16,0.19,1.38
2023-02-07,605081,16.58,16.63,16.68,16.48,13780,22851138.0,1.21,0.24,0.04,1.61
2023-02-08,605081,16.51,16.66,16.89,16.51,16169,27093151.0,2.29,0.18,0.03,1.89
2023-02-09,605081,16.61,16.79,16.84,16.6,11778,19741211.0,1.44,0.78,0.13,1.38
2023-02-10,605081,16.81,16.91,16.97,16.71,13324,22471379.0,1.55,0.71,0.12,1.56
2023-02-13,605081,16.98,16.97,16.99,16.82,10714,18110723.0,1.01,0.35,0.06,1.25
2023-02-14,605081,16.99,16.89,17.05,16.87,7157,12104522.0,1.06,-0.47,-0.08,0.84
2023-02-15,605081,16.9,16.75,16.93,16.7,10239,17175503.0,1.36,-0.83,-0.14,1.2
2023-02-16,605081,16.77,16.44,16.85,16.37,13751,22874828.0,2.87,-1.85,-0.31,1.61
2023-02-17,605081,16.44,16.46,16.63,16.4,10217,16881337.0,1.4,0.12,0.02,1.2
2023-02-20,605081,16.48,16.59,16.6,16.4,7966,13144900.0,1.22,0.79,0.13,0.93
2023-02-21,605081,16.58,16.69,16.72,16.51,8310,13818799.0,1.27,0.6,0.1,0.97
2023-02-22,605081,16.7,16.67,16.72,16.55,5140,8543990.0,1.02,-0.12,-0.02,0.6
2023-02-23,605081,16.65,16.64,16.71,16.57,5711,9510902.0,0.84,-0.18,-0.03,0.67
2023-02-24,605081,16.63,16.66,16.75,16.6,4794,7989790.0,0.9,0.12,0.02,0.56
2023-02-27,605081,16.68,16.48,16.74,16.41,6968,11525881.0,1.98,-1.08,-0.18,0.82
2023-02-28,605081,16.57,16.73,16.75,16.46,6377,10597950.0,1.76,1.52,0.25,0.75
2023-03-01,605081,16.76,16.73,16.79,16.65,7453,12463566.0,0.84,0.0,0.0,0.87
2023-03-02,605081,16.75,16.74,16.78,16.69,6349,10624895.0,0.54,0.06,0.01,0.74
2023-03-03,605081,16.77,16.78,16.79,16.67,5554,9300436.0,0.72,0.24,0.04,0.65
2023-03-06,605081,16.81,16.74,16.81,16.72,4939,8275312.0,0.54,-0.24,-0.04,0.58
2023-03-07,605081,16.77,16.66,16.79,16.58,9238,15426898.0,1.25,-0.48,-0.08,1.08
2023-03-08,605081,16.65,17.34,17.93,16.58,41992,72572249.0,8.1,4.08,0.68,4.92
2023-03-09,605081,17.29,18.0,18.06,17.05,63763,111866099.0,5.82,3.81,0.66,7.47
2023-03-10,605081,17.69,17.77,17.96,17.51,33815,59855865.0,2.5,-1.28,-0.23,3.96
2023-03-13,605081,17.77,18.0,18.28,17.56,32369,58017289.0,4.05,1.29,0.23,3.79
2023-03-14,605081,17.99,17.36,17.99,17.26,25453,44628190.0,4.06,-3.56,-0.64,2.98
2023-03-15,605081,17.47,17.36,17.57,17.27,12591,21898826.0,1.73,0.0,0.0,1.47
2023-03-16,605081,17.47,17.44,17.65,17.07,20343,35421044.0,3.34,0.46,0.08,2.38
2023-03-17,605081,17.54,17.36,17.54,17.27,10685,18557981.0,1.55,-0.46,-0.08,1.25
2023-03-20,605081,17.3,17.39,17.49,17.1,9613,16630178.0,2.25,0.17,0.03,1.13
2023-03-21,605081,17.43,17.73,17.8,17.39,16636,29396629.0,2.36,1.96,0.34,1.95
2023-03-22,605081,17.74,17.75,17.82,17.53,11432,20214777.0,1.64,0.11,0.02,1.34
2023-03-23,605081,17.85,17.67,17.85,17.6,8959,15821910.0,1.41,-0.45,-0.08,1.05
2023-03-24,605081,17.75,18.06,18.15,17.43,26957,48164465.0,4.07,2.21,0.39,3.16
2023-03-27,605081,18.06,18.13,18.24,17.95,16532,29910261.0,1.61,0.39,0.07,1.94
2023-03-28,605081,18.16,17.75,18.33,17.75,22618,40698669.0,3.2,-2.1,-0.38,2.65
2023-03-29,605081,17.88,18.1,18.12,17.51,27347,48925432.0,3.44,1.97,0.35,3.2
2023-03-30,605081,18.0,18.25,18.27,17.9,35583,64529554.0,2.04,0.83,0.15,4.17
2023-03-31,605081,18.14,18.85,18.95,18.14,46768,87246410.0,4.44,3.29,0.6,5.48
2023-04-03,605081,18.86,18.78,19.2,18.61,38723,73184193.0,3.13,-0.37,-0.07,4.53
2023-04-04,605081,18.75,18.85,18.99,18.61,22346,42107351.0,2.02,0.37,0.07,2.62
2023-04-06,605081,20.0,19.09,20.48,19.0,70921,138654936.0,7.85,1.27,0.24,8.3
2023-04-07,605081,19.15,19.6,19.95,18.97,59257,116290574.0,5.13,2.67,0.51,6.94
2023-04-10,605081,19.5,20.63,20.65,19.22,78500,158129586.0,7.3,5.26,1.03,9.19
2023-04-11,605081,20.4,21.39,21.58,20.24,91631,193582802.0,6.5,3.68,0.76,10.73
2023-04-12,605081,21.35,20.52,21.97,20.23,94461,197308035.0,8.13,-4.07,-0.87,11.06
2023-04-13,605081,20.1,20.14,20.47,19.54,65670,131664269.0,4.53,-1.85,-0.38,7.69
2023-04-14,605081,20.14,19.3,20.14,19.17,54596,106322070.0,4.82,-4.17,-0.84,6.39
2023-04-17,605081,19.38,19.27,19.52,19.02,29083,56033591.0,2.59,-0.16,-0.03,3.41
2023-04-18,605081,19.14,19.17,19.71,18.98,28535,55144391.0,3.79,-0.52,-0.1,3.34
2023-04-19,605081,19.06,19.2,19.47,18.98,29509,56485776.0,2.56,0.16,0.03,3.45
2023-04-20,605081,19.21,17.91,19.27,17.89,42082,76942371.0,7.19,-6.72,-1.29,4.93
2023-04-21,605081,17.91,17.24,18.21,17.2,31158,55009777.0,5.64,-3.74,-0.67,3.65
2023-04-24,605081,17.11,16.88,17.48,16.66,32212,54699606.0,4.76,-2.09,-0.36,3.77
2023-04-25,605081,16.81,16.41,17.22,16.11,36515,60004292.0,6.58,-2.78,-0.47,4.28
2023-04-26,605081,16.36,16.2,16.47,15.95,40486,65472385.0,3.17,-1.28,-0.21,4.74
2023-04-27,605081,16.02,16.42,16.72,16.02,28442,46507726.0,4.32,1.36,0.22,3.33
2023-04-28,605081,16.42,16.5,16.52,16.15,19899,32489751.0,2.25,0.49,0.08,2.33
2023-05-04,605081,16.4,16.69,16.74,16.39,19504,32258164.0,2.12,1.15,0.19,2.28
2023-05-05,605081,16.67,16.64,16.68,16.36,14313,23635178.0,1.92,-0.3,-0.05,1.68
2023-05-08,605081,16.62,16.68,16.75,16.5,13050,21699977.0,1.5,0.24,0.04,1.53
2023-05-09,605081,16.67,16.4,16.68,16.2,12794,21032044.0,2.88,-1.68,-0.28,1.5
2023-05-10,605081,16.3,16.61,16.86,16.3,15654,25979709.0,3.41,1.28,0.21,1.83
2023-05-11,605081,16.63,17.03,17.21,16.63,21563,36696585.0,3.49,2.53,0.42,2.52
2023-05-12,605081,16.93,16.98,17.18,16.9,10091,17164573.0,1.64,-0.29,-0.05,1.18
2023-05-15,605081,16.9,16.9,16.98,16.68,8187,13777872.0,1.77,-0.47,-0.08,0.96
2023-05-16,605081,16.9,16.86,17.06,16.73,7291,12301027.0,1.95,-0.24,-0.04,0.85
2023-05-17,605081,16.86,17.45,17.48,16.8,17312,29853410.0,4.03,3.5,0.59,2.03
2023-05-18,605081,17.58,17.42,17.58,17.1,12917,22311106.0,2.75,-0.17,-0.03,1.51
2023-05-19,605081,17.11,16.49,17.28,15.9,35917,58918153.0,7.92,-5.34,-0.93,4.21
2023-05-22,605081,16.45,16.53,16.64,16.24,19510,32109941.0,2.43,0.24,0.04,2.28
2023-05-23,605081,16.45,16.43,16.67,16.39,11876,19632995.0,1.69,-0.6,-0.1,1.39
2023-05-24,605081,16.46,16.54,16.63,16.35,9807,16210447.0,1.7,0.67,0.11,1.15
2023-05-25,605081,16.56,16.53,16.6,16.3,9181,15090075.0,1.81,-0.06,-0.01,1.07
2023-05-26,605081,16.58,16.62,16.98,16.44,11368,18888137.0,3.27,0.54,0.09,1.33
2023-05-29,605081,16.51,16.38,16.72,16.35,10820,17870102.0,2.23,-1.44,-0.24,1.27
2023-05-30,605081,16.34,16.32,16.52,16.21,10762,17582774.0,1.89,-0.37,-0.06,1.26
2023-05-31,605081,16.23,16.28,16.43,16.23,8176,13355876.0,1.23,-0.25,-0.04,0.96
2023-06-01,605081,16.28,16.14,16.33,16.08,13084,21162861.0,1.54,-0.86,-0.14,1.53
2023-06-02,605081,16.21,16.27,16.36,16.1,12357,20045258.0,1.61,0.81,0.13,1.45
2023-06-05,605081,16.23,16.36,16.37,16.19,12248,19945979.0,1.11,0.55,0.09,1.43
2023-06-06,605081,16.35,15.95,16.37,15.91,15289,24619040.0,2.81,-2.51,-0.41,1.79
2023-06-07,605081,15.9,15.97,16.06,15.76,7969,12692228.0,1.88,0.13,0.02,0.93
2023-06-08,605081,15.86,16.0,16.08,15.86,8536,13657307.0,1.38,0.19,0.03,1.0
2023-06-09,605081,16.02,15.85,16.06,15.82,11937,18965933.0,1.5,-0.94,-0.15,1.4
2023-06-12,605081,15.85,15.63,15.89,15.4,22843,35522218.0,3.09,-1.39,-0.22,2.67
2023-06-13,605081,15.63,15.66,15.75,15.56,9035,14137404.0,1.22,0.19,0.03,1.06
2023-06-14,605081,15.65,15.55,15.65,15.44,12542,19474323.0,1.34,-0.7,-0.11,1.47
2023-06-15,605081,15.53,15.44,15.56,15.36,15528,23975721.0,1.29,-0.71,-0.11,1.82
2023-06-16,605081,15.44,15.47,15.76,15.41,18919,29440817.0,2.27,0.19,0.03,2.22
2023-06-19,605081,15.55,15.66,15.84,15.43,27793,43441196.0,2.65,1.23,0.19,3.25
2023-06-20,605081,15.61,14.68,15.64,14.51,64073,95497160.0,7.22,-6.26,-0.98,7.5
2023-06-21,605081,14.6,14.75,15.04,14.53,30985,45713886.0,3.47,0.48,0.07,3.63
2023-06-26,605081,14.5,14.12,14.52,14.01,33072,47051123.0,3.46,-4.27,-0.63,3.87
2023-06-27,605081,14.13,14.37,14.47,14.1,33702,48382789.0,2.62,1.77,0.25,3.95
2023-06-28,605081,14.38,14.28,14.39,14.08,16674,23742245.0,2.16,-0.63,-0.09,1.95
2023-06-29,605081,14.27,14.65,14.7,14.23,17034,24822056.0,3.29,2.59,0.37,1.99
2023-06-30,605081,14.69,14.89,14.92,14.69,13885,20567676.0,1.57,1.64,0.24,1.63
2023-07-03,605081,15.06,15.11,15.22,14.9,19867,29909615.0,2.15,1.48,0.22,2.33
2023-07-04,605081,15.12,15.1,15.27,15.05,8277,12521036.0,1.46,-0.07,-0.01,0.97
2023-07-05,605081,15.15,15.04,15.21,14.9,8860,13382773.0,2.05,-0.4,-0.06,1.04
2023-07-06,605081,15.08,15.06,15.09,14.94,7564,11370876.0,1.0,0.13,0.02,0.89
2023-07-07,605081,15.05,14.93,15.06,14.88,9829,14738093.0,1.2,-0.86,-0.13,1.15
2023-07-10,605081,14.93,14.94,15.15,14.87,12156,18165247.0,1.88,0.07,0.01,1.42
2023-07-11,605081,14.99,15.27,15.33,14.89,17029,25699729.0,2.95,2.21,0.33,1.99
2023-07-12,605081,15.14,15.03,15.35,14.93,31732,48099675.0,2.75,-1.57,-0.24,3.72
2023-07-13,605081,13.97,13.55,14.5,13.53,103435,141714659.0,6.45,-9.85,-1.48,12.11
2023-07-14,605081,13.33,13.29,13.43,13.14,64910,86091983.0,2.14,-1.92,-0.26,7.6
2023-07-17,605081,13.17,13.41,13.47,12.93,53857,71442126.0,4.06,0.9,0.12,6.31
2023-07-18,605081,13.3,13.52,13.61,13.27,33716,45351836.0,2.54,0.82,0.11,3.95
2023-07-19,605081,13.47,14.05,14.22,13.47,57976,80678444.0,5.55,3.92,0.53,6.79
2023-07-20,605081,14.01,13.63,14.05,13.59,26665,36711445.0,3.27,-2.99,-0.42,3.12
2023-07-21,605081,13.57,13.69,13.82,13.5,16303,22318295.0,2.35,0.44,0.06,1.91
2023-07-24,605081,13.76,13.77,13.91,13.64,15743,21630743.0,1.97,0.58,0.08,1.84
2023-07-25,605081,13.87,14.26,14.28,13.78,25151,35327015.0,3.63,3.56,0.49,2.94
2023-07-26,605081,14.26,14.45,14.51,14.16,18985,27388994.0,2.45,1.33,0.19,2.22
2023-07-27,605081,14.5,14.37,14.57,14.31,19303,27870170.0,1.8,-0.55,-0.08,2.26
2023-07-28,605081,14.5,14.19,14.55,14.12,16768,23831026.0,2.99,-1.25,-0.18,1.96
2023-07-31,605081,14.12,14.26,14.29,14.12,18700,26555953.0,1.2,0.49,0.07,2.19
2023-08-01,605081,14.15,14.24,14.28,14.14,14631,20786514.0,0.98,-0.14,-0.02,1.71
2023-08-02,605081,14.16,14.17,14.3,14.09,12695,18009645.0,1.47,-0.49,-0.07,1.49
2023-08-03,605081,14.22,14.02,14.22,13.99,11771,16535423.0,1.62,-1.06,-0.15,1.38
2023-08-04,605081,14.05,13.86,14.13,13.85,15057,21059034.0,2.0,-1.14,-0.16,1.76
2023-08-07,605081,13.88,13.85,13.92,13.75,9847,13622115.0,1.23,-0.07,-0.01,1.15
2023-08-08,605081,13.81,13.76,13.93,13.75,11221,15521017.0,1.3,-0.65,-0.09,1.31
2023-08-09,605081,13.75,13.61,13.85,13.58,9647,13212420.0,1.96,-1.09,-0.15,1.13
2023-08-10,605081,13.65,13.81,13.82,13.57,9283,12726088.0,1.84,1.47,0.2,1.09
2023-08-11,605081,13.85,13.58,13.9,13.57,12279,16866621.0,2.39,-1.67,-0.23,1.44
2023-08-14,605081,13.59,13.68,13.77,13.46,15035,20420433.0,2.28,0.74,0.1,1.76
2023-08-15,605081,13.69,13.73,13.74,13.56,11323,15472149.0,1.32,0.37,0.05,1.33
2023-08-16,605081,13.68,13.57,13.73,13.56,9989,13617472.0,1.24,-1.17,-0.16,1.17
2023-08-17,605081,13.57,13.77,13.82,13.36,17685,24116155.0,3.39,1.47,0.2,2.07
2023-08-18,605081,13.78,14.15,14.39,13.77,33918,47957590.0,4.5,2.76,0.38,3.97
2023-08-21,605081,14.18,15.57,15.57,14.16,138905,210711247.0,9.96,10.04,1.42,16.26
2023-08-22,605081,15.7,16.06,16.46,14.84,221434,343072021.0,10.4,3.15,0.49,25.93
2023-08-23,605081,15.32,15.76,16.07,15.2,146702,229786124.0,5.42,-1.87,-0.3,17.18
2023-08-24,605081,15.35,16.58,17.3,14.7,204121,323808226.0,16.5,5.2,0.82,23.9
2023-08-25,605081,15.96,16.31,17.4,15.75,198121,330979225.0,9.95,-1.63,-0.27,23.2
2023-08-28,605081,16.44,17.02,17.3,15.5,177884,294852111.0,11.04,4.35,0.71,20.83
2023-08-29,605081,16.5,16.34,16.68,15.82,128741,208840041.0,5.05,-4.0,-0.68,15.07
2023-08-30,605081,15.98,15.29,16.17,15.26,102747,160179388.0,5.57,-6.43,-1.05,12.03
2023-08-31,605081,15.2,15.56,15.64,14.79,83981,127953089.0,5.56,1.77,0.27,9.83
2023-09-01,605081,15.45,14.91,15.47,14.89,58746,88227951.0,3.73,-4.18,-0.65,6.88
2023-09-04,605081,14.87,15.13,15.35,14.76,49308,74460640.0,3.96,1.48,0.22,5.77
2023-09-05,605081,15.13,15.62,15.65,14.93,68092,104099572.0,4.76,3.24,0.49,7.97
2023-09-06,605081,15.46,15.25,15.54,15.19,52758,80766256.0,2.24,-2.37,-0.37,6.18
2023-09-07,605081,15.12,14.5,15.16,14.49,51649,76687804.0,4.39,-4.92,-0.75,6.05
2023-09-08,605081,14.43,14.2,14.58,14.09,40410,57534697.0,3.38,-2.07,-0.3,4.73
2023-09-11,605081,14.27,14.28,14.34,14.05,25671,36502429.0,2.04,0.56,0.08,3.01
2023-09-12,605081,14.3,14.27,14.37,14.16,21272,30375034.0,1.47,-0.07,-0.01,2.49
2023-09-13,605081,14.27,14.65,14.74,14.11,49595,72002029.0,4.41,2.66,0.38,5.81
2023-09-14,605081,14.55,14.31,14.58,14.21,29312,42046006.0,2.53,-2.32,-0.34,3.43
2023-09-15,605081,14.44,14.15,14.46,14.12,24867,35431193.0,2.38,-1.12,-0.16,2.91
2023-09-18,605081,14.11,14.4,14.5,13.87,31091,44496184.0,4.45,1.77,0.25,3.64
2023-09-19,605081,14.38,14.2,14.48,14.15,15916,22750587.0,2.29,-1.39,-0.2,1.86
2023-09-20,605081,14.2,14.02,14.36,14.02,13697,19406557.0,2.39,-1.27,-0.18,1.6
2023-09-21,605081,14.04,13.84,14.18,13.84,18326,25629044.0,2.43,-1.28,-0.18,2.15
2023-09-22,605081,13.84,14.11,14.13,13.8,17540,24521897.0,2.38,1.95,0.27,2.05
2023-09-25,605081,14.11,14.08,14.17,13.85,16591,23296691.0,2.27,-0.21,-0.03,1.94
2023-09-26,605081,14.1,14.13,14.28,13.92,19985,28230460.0,2.56,0.36,0.05,2.34
2023-09-27,605081,14.08,14.09,14.26,14.01,14413,20409178.0,1.77,-0.28,-0.04,1.69
2023-09-28,605081,14.17,14.37,14.37,14.12,19166,27335458.0,1.77,1.99,0.28,2.24
2023-10-09,605081,14.36,14.11,14.4,13.99,24066,34069658.0,2.85,-1.81,-0.26,2.82
2023-10-10,605081,14.09,13.83,14.19,13.77,22495,31361268.0,2.98,-1.98,-0.28,2.63
2023-10-11,605081,13.83,13.92,13.94,13.76,15195,21052253.0,1.3,0.65,0.09,1.78
2023-10-12,605081,13.96,13.76,13.98,13.6,21509,29591557.0,2.73,-1.15,-0.16,2.52
2023-10-13,605081,13.7,13.54,13.76,13.48,19749,26802672.0,2.03,-1.6,-0.22,2.31
2023-10-16,605081,13.54,13.37,13.57,13.35,16140,21646034.0,1.62,-1.26,-0.17,1.89
2023-10-17,605081,13.4,13.34,13.42,13.25,14488,19268857.0,1.27,-0.22,-0.03,1.7
2023-10-18,605081,13.34,12.98,13.36,12.93,16160,21121373.0,3.22,-2.7,-0.36,1.89
2023-10-19,605081,12.96,13.13,13.27,12.88,19311,25389717.0,3.0,1.16,0.15,2.26
2023-10-20,605081,13.07,13.01,13.22,13.01,10449,13687832.0,1.6,-0.91,-0.12,1.22
2023-10-23,605081,13.02,12.66,13.07,12.58,16328,20835896.0,3.77,-2.69,-0.35,1.91
2023-10-24,605081,12.65,13.19,13.25,12.65,20377,26617996.0,4.74,4.19,0.53,2.39
2023-10-25,605081,13.23,13.64,13.68,13.23,25498,34560077.0,3.41,3.41,0.45,2.99
2023-10-26,605081,13.56,13.61,13.66,13.36,18119,24470208.0,2.2,-0.22,-0.03,2.12
2023-10-27,605081,13.61,13.69,13.72,13.55,14837,20237095.0,1.25,0.59,0.08,1.74
2023-10-30,605081,13.55,13.87,13.9,13.49,16931,23339232.0,2.99,1.31,0.18,1.98
2023-10-31,605081,13.85,13.85,13.94,13.76,14079,19462919.0,1.3,-0.14,-0.02,1.65
2023-11-01,605081,13.87,13.98,13.98,13.78,10803,15038372.0,1.44,0.94,0.13,1.26
2023-11-02,605081,13.98,13.82,14.01,13.79,11577,16065093.0,1.57,-1.14,-0.16,1.36
2023-11-03,605081,13.82,13.95,14.14,13.78,15601,21892771.0,2.6,0.94,0.13,1.83
2023-11-06,605081,14.08,14.12,14.18,14.0,14893,20973874.0,1.29,1.22,0.17,1.74
2023-11-07,605081,14.09,13.99,14.1,13.94,16720,23436160.0,1.13,-0.92,-0.13,1.96
2023-11-08,605081,14.01,13.93,14.08,13.88,14468,20159239.0,1.43,-0.43,-0.06,1.69
2023-11-09,605081,13.89,13.94,14.14,13.87,15230,21314140.0,1.94,0.07,0.01,1.78
2023-11-10,605081,13.93,13.95,14.02,13.79,10693,14867977.0,1.65,0.07,0.01,1.25
2023-11-13,605081,14.06,14.14,14.15,14.0,14374,20247103.0,1.08,1.36,0.19,1.68
2023-11-14,605081,14.15,14.03,14.17,13.94,11639,16311961.0,1.63,-0.78,-0.11,1.36
2023-11-15,605081,14.12,14.04,14.19,13.99,10602,14913198.0,1.43,0.07,0.01,1.24
2023-11-16,605081,14.08,13.99,14.1,13.95,10126,14205656.0,1.07,-0.36,-0.05,1.19
2023-11-17,605081,13.99,14.1,14.16,13.96,13464,18968845.0,1.43,0.79,0.11,1.58
2023-11-20,605081,14.16,14.37,14.43,14.07,21908,31272733.0,2.55,1.91,0.27,2.57
2023-11-21,605081,14.44,14.3,14.46,14.26,13765,19743724.0,1.39,-0.49,-0.07,1.61
2023-11-22,605081,14.28,14.18,14.35,14.15,14953,21279877.0,1.4,-0.84,-0.12,1.75
2023-11-23,605081,14.2,14.33,14.37,14.09,12695,18086839.0,1.97,1.06,0.15,1.49
2023-11-24,605081,14.25,13.94,14.34,13.92,16127,22661191.0,2.93,-2.72,-0.39,1.89
2023-11-27,605081,13.95,14.02,14.1,13.83,19995,27873621.0,1.94,0.57,0.08,2.34
2023-11-28,605081,14.01,14.33,14.38,13.78,29586,42151884.0,4.28,2.21,0.31,3.46
2023-11-29,605081,14.3,14.35,14.4,14.18,20695,29606926.0,1.54,0.14,0.02,2.42
2023-11-30,605081,14.23,14.25,14.33,14.05,20049,28426795.0,1.95,-0.7,-0.1,2.35
2023-12-01,605081,14.3,14.33,14.4,14.17,21215,30349881.0,1.61,0.56,0.08,2.48
2023-12-04,605081,14.33,14.53,14.66,14.32,23449,34082144.0,2.37,1.4,0.2,2.75
2023-12-05,605081,14.53,14.4,14.59,14.3,14402,20780141.0,2.0,-0.89,-0.13,1.69
2023-12-06,605081,14.23,14.47,14.6,14.23,14575,21137107.0,2.57,0.49,0.07,1.71
2023-12-07,605081,14.42,14.33,14.47,14.23,15751,22546320.0,1.66,-0.97,-0.14,1.84
2023-12-08,605081,14.34,13.67,14.48,13.64,26823,37422936.0,5.86,-4.61,-0.66,3.14
2023-12-11,605081,13.52,13.71,13.77,13.39,31424,42671915.0,2.78,0.29,0.04,3.68
2023-12-12,605081,13.73,13.9,13.98,13.58,20014,27573376.0,2.92,1.39,0.19,2.34
2023-12-13,605081,13.95,13.89,14.05,13.84,10735,14962056.0,1.51,-0.07,-0.01,1.26
2023-12-14,605081,13.89,14.13,14.21,13.82,18086,25476471.0,2.81,1.73,0.24,2.12
2023-12-15,605081,14.14,14.16,14.23,13.96,14566,20550859.0,1.91,0.21,0.03,1.71
2023-12-18,605081,14.27,13.93,14.29,13.88,18222,25671836.0,2.9,-1.62,-0.23,2.13
2023-12-19,605081,13.91,13.81,14.0,13.65,13559,18704501.0,2.51,-0.86,-0.12,1.59
2023-12-20,605081,13.8,13.78,14.07,13.7,14785,20511650.0,2.68,-0.22,-0.03,1.73
2023-12-21,605081,13.78,13.87,13.89,13.46,15914,21808311.0,3.12,0.65,0.09,1.86
2023-12-22,605081,13.83,13.47,13.9,13.46,15381,20951533.0,3.17,-2.88,-0.4,1.8
2023-12-25,605081,13.49,13.29,13.49,13.13,15531,20564458.0,2.67,-1.34,-0.18,1.82
2023-12-26,605081,13.29,13.62,14.34,13.13,66690,92051193.0,9.1,2.48,0.33,7.81
2023-12-27,605081,13.4,13.44,13.63,13.2,50855,68372886.0,3.16,-1.32,-0.18,5.95
2023-12-28,605081,13.44,13.73,13.79,13.2,35815,48419458.0,4.39,2.16,0.29,4.19
2023-12-29,605081,13.78,13.88,13.94,13.61,25869,35555109.0,2.4,1.09,0.15,3.03
2024-01-02,605081,13.99,14.14,14.21,13.91,27788,39259184.0,2.16,1.87,0.26,3.25
2024-01-03,605081,14.15,14.19,14.24,14.03,18279,25848428.0,1.49,0.35,0.05,2.14
2024-01-04,605081,14.22,14.16,14.24,14.08,12755,18047120.0,1.13,-0.21,-0.03,1.49
2024-01-05,605081,14.16,13.84,14.21,13.8,18026,25142863.0,2.9,-2.26,-0.32,2.11
2024-01-08,605081,13.93,13.68,14.04,13.68,16189,22424234.0,2.6,-1.16,-0.16,1.9
2024-01-09,605081,13.65,13.98,14.05,13.65,18998,26443454.0,2.92,2.19,0.3,2.22
2024-01-10,605081,13.98,14.06,14.3,13.7,22774,31962910.0,4.29,0.57,0.08,2.67
2024-01-11,605081,14.05,15.47,15.47,13.96,74157,111096046.0,10.74,10.03,1.41,8.68
2024-01-12,605081,17.02,15.46,17.02,14.98,210347,341117556.0,13.19,-0.06,-0.01,24.63
2024-01-15,605081,14.71,14.99,15.08,14.42,170028,250453372.0,4.27,-3.04,-0.47,19.91
2024-01-16,605081,14.9,14.59,14.99,14.25,102937,149780563.0,4.94,-2.67,-0.4,12.05
2024-01-17,605081,14.56,13.75,14.59,13.75,86615,121841909.0,5.76,-5.76,-0.84,10.14
2024-01-18,605081,13.6,13.44,13.95,13.15,73352,98883508.0,5.82,-2.25,-0.31,8.59
2024-01-19,605081,13.43,13.11,13.52,13.02,57925,76431941.0,3.72,-2.46,-0.33,6.78
2024-01-22,605081,13.08,12.68,13.15,12.51,52439,67009165.0,4.88,-3.28,-0.43,6.14
2024-01-23,605081,12.54,12.67,12.97,12.42,36348,45942161.0,4.34,-0.08,-0.01,4.26
2024-01-24,605081,12.62,12.71,12.85,12.42,43860,55347149.0,3.39,0.32,0.04,5.14
2024-01-25,605081,12.7,13.13,13.15,12.64,61362,79192247.0,4.01,3.3,0.42,7.18
2024-01-26,605081,13.11,13.05,13.36,12.95,49446,65105322.0,3.12,-0.61,-0.08,5.79
2024-01-29,605081,13.06,12.43,13.1,12.42,39063,49588724.0,5.21,-4.75,-0.62,4.57
2024-01-30,605081,12.42,11.77,12.42,11.77,32631,39219740.0,5.23,-5.31,-0.66,3.82
2024-01-31,605081,11.5,11.13,11.7,11.08,48107,54364269.0,5.27,-5.44,-0.64,5.63
2024-02-01,605081,11.05,11.05,11.2,10.8,43763,48176426.0,3.59,-0.72,-0.08,5.12
2024-02-02,605081,11.0,10.48,11.23,10.15,41365,44032745.0,9.77,-5.16,-0.57,4.84
2024-02-05,605081,10.25,9.43,10.27,9.43,40241,38502417.0,8.02,-10.02,-1.05,4.71
2024-02-06,605081,8.81,8.58,9.15,8.49,52932,45601547.0,7.0,-9.01,-0.85,6.2
2024-02-07,605081,8.6,8.51,8.69,7.96,51749,42932875.0,8.51,-0.82,-0.07,6.06
2024-02-08,605081,8.52,9.01,9.07,8.32,37725,32864197.0,8.81,5.88,0.5,4.42
2024-02-19,605081,9.01,9.4,9.53,9.01,30616,28532657.0,5.77,4.33,0.39,3.54
2024-02-20,605081,9.42,9.6,9.73,9.27,21314,20345999.0,4.89,2.13,0.2,2.46
2024-02-21,605081,9.58,9.9,10.12,9.45,23926,23659402.0,6.98,3.13,0.3,2.76
2024-02-22,605081,9.89,10.25,10.26,9.8,22895,22976076.0,4.65,3.54,0.35,2.64
2024-02-23,605081,10.3,10.59,10.59,10.18,19132,19838679.0,4.0,3.32,0.34,2.21
2024-02-26,605081,10.63,10.75,10.96,10.41,23958,25668957.0,5.19,1.51,0.16,2.77
2024-02-27,605081,10.77,10.97,10.97,10.65,13695,14888824.0,2.98,2.05,0.22,1.58
2024-02-28,605081,10.97,9.87,11.35,9.87,40951,43326534.0,13.49,-10.03,-1.1,4.73
2024-02-29,605081,9.68,10.13,10.19,9.48,29102,29036427.0,7.19,2.63,0.26,3.36
2024-03-01,605081,10.16,10.11,10.25,9.9,18786,18954541.0,3.46,-0.2,-0.02,2.17
2024-03-04,605081,10.12,10.05,10.23,9.8,21437,21478927.0,4.25,-0.59,-0.06,2.48
2024-03-05,605081,10.0,9.68,10.0,9.65,18257,17833211.0,3.48,-3.68,-0.37,2.11
2024-03-06,605081,9.65,9.89,10.05,9.58,24850,24388496.0,4.86,2.17,0.21,2.87
2024-03-07,605081,9.97,10.44,10.88,9.96,128166,136414265.0,9.3,5.56,0.55,14.8
2024-03-08,605081,10.13,9.83,10.27,9.62,112391,110862189.0,6.23,-5.84,-0.61,12.98
2024-03-11,605081,9.72,9.92,9.92,9.71,47935,47002885.0,2.14,0.92,0.09,5.54
2024-03-12,605081,9.96,10.31,10.4,9.84,68700,69294224.0,5.65,3.93,0.39,7.93
2024-03-13,605081,10.29,10.23,10.35,10.07,43113,43929229.0,2.72,-0.78,-0.08,4.98
2024-03-14,605081,10.2,10.81,11.25,10.17,143568,156082260.0,10.56,5.67,0.58,16.58
2024-03-15,605081,10.7,11.23,11.3,10.7,116727,128994503.0,5.55,3.89,0.42,13.48
2024-03-18,605081,11.19,12.0,12.3,11.05,105347,121730423.0,11.13,6.86,0.77,12.17
2024-03-19,605081,12.0,13.2,13.2,11.76,117903,149581420.0,12.0,10.0,1.2,13.62
2024-03-20,605081,13.44,12.99,13.54,12.59,118555,155476547.0,7.2,-1.59,-0.21,13.69
2024-03-21,605081,13.0,12.51,13.11,12.22,80800,101742515.0,6.85,-3.7,-0.48,9.33
2024-03-22,605081,12.44,11.83,12.45,11.78,79069,95296239.0,5.36,-5.44,-0.68,9.13
2024-03-25,605081,11.79,11.51,11.95,11.45,42356,49577470.0,4.23,-2.7,-0.32,4.89
2024-03-26,605081,11.58,11.57,11.72,11.38,34227,39494951.0,2.95,0.52,0.06,3.95
2024-03-27,605081,11.57,11.15,11.64,11.06,26880,30529547.0,5.01,-3.63,-0.42,3.1
2024-03-28,605081,11.17,11.49,11.66,11.16,42424,48363514.0,4.48,3.05,0.34,4.9
2024-03-29,605081,11.41,11.73,11.85,11.32,41857,48850740.0,4.61,2.09,0.24,4.83
2024-04-01,605081,11.7,12.28,12.3,11.43,50494,60343788.0,7.42,4.69,0.55,5.83
2024-04-02,605081,12.23,11.88,12.25,11.82,40304,48405708.0,3.5,-3.26,-0.4,4.66
2024-04-03,605081,11.88,12.2,12.42,11.65,53226,64037858.0,6.48,2.69,0.32,6.15
2024-04-08,605081,11.95,11.62,12.1,11.42,61441,72074815.0,5.57,-4.75,-0.58,7.1
2024-04-09,605081,11.88,11.7,12.19,11.6,38638,45679628.0,5.08,0.69,0.08,4.46
2024-04-10,605081,11.55,11.2,11.69,11.1,30317,34308418.0,5.04,-4.27,-0.5,3.5
2024-04-11,605081,11.22,11.52,11.8,11.12,32344,37399500.0,6.07,2.86,0.32,3.74
2024-04-12,605081,11.41,12.39,12.65,11.4,95120,114555245.0,10.85,7.55,0.87,10.99
2024-04-15,605081,12.1,11.15,12.2,11.15,69757,81058217.0,8.47,-10.01,-1.24,8.06
2024-04-16,605081,10.76,10.04,10.76,10.04,14905,15069696.0,6.46,-9.96,-1.11,1.72
2024-04-17,605081,10.0,10.55,10.87,9.63,41070,42603688.0,12.35,5.08,0.51,4.74
2024-04-18,605081,10.57,10.09,10.57,9.89,33893,34348596.0,6.45,-4.36,-0.46,3.91
2024-04-19,605081,10.21,9.74,10.36,9.71,30026,29879151.0,6.44,-3.47,-0.35,3.47
2024-04-22,605081,9.6,9.32,9.74,8.99,32915,30543324.0,7.7,-4.31,-0.42,3.8
2024-04-23,605081,9.31,9.84,10.05,9.3,27300,26556799.0,8.05,5.58,0.52,3.15
2024-04-24,605081,9.92,9.99,10.17,9.69,23048,23093436.0,4.88,1.52,0.15,2.66
2024-04-25,605081,10.17,9.99,10.17,9.9,12209,12244424.0,2.7,0.0,0.0,1.41
2024-04-26,605081,9.85,10.15,10.15,9.85,15168,15233692.0,3.0,1.6,0.16,1.75
2024-04-29,605081,10.14,10.59,10.65,10.03,31748,32888154.0,6.11,4.33,0.44,3.67
2024-04-30,605081,10.8,10.43,10.81,10.16,45778,47342071.0,6.14,-1.51,-0.16,5.29
2024-05-06,605081,10.48,10.75,10.88,10.46,34080,36315886.0,4.03,3.07,0.32,3.94
2024-05-07,605081,10.77,11.14,11.29,10.71,31629,34694902.0,5.4,3.63,0.39,3.65
2024-05-08,605081,11.14,11.26,11.48,11.13,35604,40173214.0,3.14,1.08,0.12,4.11
2024-05-09,605081,11.36,11.69,11.85,11.1,37658,43752913.0,6.66,3.82,0.43,4.35
2024-05-10,605081,11.69,11.35,11.8,11.23,24124,27463509.0,4.88,-2.91,-0.34,2.79
2024-05-13,605081,11.25,11.77,12.06,11.16,63572,74599590.0,7.93,3.7,0.42,7.34
2024-05-14,605081,11.67,12.95,12.95,11.67,125059,158691124.0,10.88,10.03,1.18,14.44
2024-05-15,605081,12.93,13.33,13.78,12.7,135795,180408335.0,8.34,2.93,0.38,15.68
2024-05-16,605081,13.29,12.45,13.58,12.38,134317,174282165.0,9.0,-6.6,-0.88,15.51
2024-05-17,605081,12.88,12.62,12.88,12.36,66611,84033643.0,4.18,1.37,0.17,7.69
2024-05-20,605081,12.7,12.92,13.03,12.58,52003,66612148.0,3.57,2.38,0.3,6.01
2024-05-21,605081,12.92,13.07,13.15,12.8,39211,50899523.0,2.71,1.16,0.15,4.53
2024-05-22,605081,12.98,13.4,13.59,12.96,45730,61211400.0,4.82,2.52,0.33,5.28
2024-05-23,605081,13.4,12.81,13.4,12.75,36948,48000685.0,4.85,-4.4,-0.59,4.27
2024-05-24,605081,12.9,12.46,13.03,12.46,30879,39163927.0,4.45,-2.73,-0.35,3.57
2024-05-27,605081,12.46,12.77,12.85,12.46,30136,38214218.0,3.13,2.49,0.31,3.48
2024-05-28,605081,12.79,12.44,13.15,12.44,23194,29648838.0,5.56,-2.58,-0.33,2.68
2024-05-29,605081,12.4,12.31,12.73,12.22,21802,27111762.0,4.1,-1.05,-0.13,2.52
2024-05-30,605081,12.38,12.56,12.7,12.25,27460,34387968.0,3.66,2.03,0.25,3.17
2024-05-31,605081,12.49,12.51,12.87,12.37,26733,33887582.0,3.98,-0.4,-0.05,3.09
2024-06-03,605081,12.51,11.76,12.6,11.26,69794,81250036.0,10.71,-6.0,-0.75,8.06
2024-06-04,605081,11.52,11.31,11.76,11.21,41294,47097274.0,4.68,-3.83,-0.45,4.77
2024-06-05,605081,11.31,11.06,11.35,10.96,28639,31931892.0,3.45,-2.21,-0.25,3.31
2024-06-06,605081,11.19,9.95,11.2,9.95,52656,53850090.0,11.3,-10.04,-1.11,6.08
2024-06-07,605081,10.0,10.5,10.54,9.95,49159,50658579.0,5.93,5.53,0.55,5.68
2024-06-11,605081,10.66,11.55,11.55,10.18,50410,56275702.0,13.05,10.0,1.05,5.82
2024-06-12,605081,11.55,12.0,12.12,11.5,80789,96156676.0,5.37,3.9,0.45,9.33
2024-06-13,605081,11.88,11.88,12.18,11.7,48841,58217068.0,4.0,-1.0,-0.12,5.64
2024-06-14,605081,12.05,12.16,12.65,11.82,59160,73225604.0,6.99,2.36,0.28,6.83
2024-06-17,605081,12.14,12.67,13.38,12.14,84466,109046808.0,10.2,4.19,0.51,9.76
2024-06-18,605081,12.65,12.69,12.88,12.36,39996,50340823.0,4.1,0.16,0.02,4.62
2024-06-19,605081,12.69,12.11,12.93,12.11,37918,47430110.0,6.46,-4.57,-0.58,4.38
2024-06-20,605081,12.64,11.66,12.66,11.64,36679,43858172.0,8.42,-3.72,-0.45,4.24
2024-06-21,605081,11.31,11.44,11.66,11.3,18692,21429972.0,3.09,-1.89,-0.22,2.16
2024-06-24,605081,11.38,11.03,11.56,10.79,39251,43853777.0,6.73,-3.58,-0.41,4.53
2024-06-25,605081,11.02,11.28,11.7,10.82,38120,43018101.0,7.98,2.27,0.25,4.4
2024-06-26,605081,11.2,11.3,11.41,11.06,32079,36048992.0,3.1,0.18,0.02,3.71
2024-06-27,605081,11.2,11.06,11.52,10.96,29396,33050343.0,4.96,-2.12,-0.24,3.4
2024-06-28,605081,11.08,11.69,11.77,10.96,40807,46797821.0,7.32,5.7,0.63,4.71
2024-07-01,605081,11.62,12.18,12.22,11.27,49291,57693243.0,8.13,4.19,0.49,5.69
2024-07-02,605081,12.1,12.3,12.64,12.01,53886,66602577.0,5.17,0.99,0.12,6.22
2024-07-03,605081,12.4,12.93,12.97,12.15,58659,74619787.0,6.67,5.12,0.63,6.78
2024-07-04,605081,12.92,12.56,12.99,12.49,42556,54173835.0,3.87,-2.86,-0.37,4.92
2024-07-05,605081,12.67,12.83,12.92,12.31,32538,41378862.0,4.86,2.15,0.27,3.76
2024-07-08,605081,12.91,13.05,13.26,12.75,44026,57710980.0,3.98,1.71,0.22,5.09
2024-07-09,605081,13.1,13.8,13.8,12.91,54858,72821277.0,6.82,5.75,0.75,6.34
2024-07-10,605081,13.59,14.22,14.38,13.46,71763,101111573.0,6.67,3.04,0.42,8.29
2024-07-11,605081,13.59,13.93,14.2,13.5,65368,90270200.0,4.92,-2.04,-0.29,7.55
2024-07-12,605081,13.91,13.92,14.13,13.78,30730,42881239.0,2.51,-0.07,-0.01,3.55
2024-07-15,605081,13.97,12.9,14.07,12.79,77473,103889280.0,9.2,-7.33,-1.02,8.95
2024-07-16,605081,12.99,13.02,13.14,11.9,74451,93582814.0,9.61,0.93,0.12,8.6
2024-07-17,605081,12.88,12.95,13.47,12.8,39887,52404927.0,5.15,-0.54,-0.07,4.61
2024-07-18,605081,12.8,12.63,12.94,12.34,29047,36537366.0,4.63,-2.47,-0.32,3.35
2024-07-19,605081,12.7,12.9,13.03,12.2,38171,48348199.0,6.57,2.14,0.27,4.41
2024-07-22,605081,12.8,13.27,13.48,12.8,39766,52291582.0,5.27,2.87,0.37,4.59
2024-07-23,605081,13.27,12.86,13.76,12.7,57388,76322869.0,7.99,-3.09,-0.41,6.63
2024-07-24,605081,13.12,14.15,14.15,13.12,79969,111909801.0,8.01,10.03,1.29,9.24
2024-07-25,605081,14.43,14.18,15.57,14.0,182499,269266782.0,11.1,0.21,0.03,21.08
2024-07-26,605081,13.9,14.86,15.08,13.9,124838,180597475.0,8.32,4.8,0.68,14.42
2024-07-29,605081,14.58,14.7,14.89,14.36,85869,125462671.0,3.57,-1.08,-0.16,9.92
2024-07-30,605081,14.75,15.72,16.12,14.6,97820,150424298.0,10.34,6.94,1.02,11.3
2024-07-31,605081,15.55,16.14,16.48,15.5,101336,162224803.0,6.23,2.67,0.42,11.7
2024-08-01,605081,16.1,14.81,16.44,14.53,141969,216808273.0,11.83,-8.24,-1.33,16.4
2024-08-02,605081,14.55,14.7,15.07,14.45,60198,88846593.0,4.19,-0.74,-0.11,6.95
2024-08-05,605081,14.56,13.23,14.59,13.23,96135,129655693.0,9.25,-10.0,-1.47,11.1
2024-08-06,605081,12.38,13.0,13.09,11.92,116560,145214311.0,8.84,-1.74,-0.23,13.46
2024-08-07,605081,12.7,13.77,14.01,12.7,89787,121182248.0,10.08,5.92,0.77,10.37
2024-08-08,605081,13.55,13.68,14.24,13.43,53602,73903735.0,5.88,-0.65,-0.09,6.19
2024-08-09,605081,13.9,14.07,14.18,13.62,46599,64740498.0,4.09,2.85,0.39,4.11
2024-08-12,605081,14.06,14.59,14.71,13.93,51749,74598790.0,5.54,3.7,0.52,4.57
2024-08-13,605081,14.52,13.71,14.52,13.51,63878,88472033.0,6.92,-6.03,-0.88,5.64
2024-08-14,605081,13.72,14.25,14.5,13.62,46831,66098415.0,6.42,3.94,0.54,4.14
2024-08-15,605081,14.25,14.17,14.78,13.75,63865,91575545.0,7.23,-0.56,-0.08,5.64
2024-08-16,605081,14.15,12.75,14.15,12.75,106388,139550137.0,9.88,-10.02,-1.42,9.39
2024-08-19,605081,11.84,12.39,12.68,11.84,69080,84937063.0,6.59,-2.82,-0.36,6.1
2024-08-20,605081,12.4,12.08,12.6,11.79,45434,55236322.0,6.54,-2.5,-0.31,4.01
2024-08-21,605081,12.08,12.25,12.28,11.91,31409,37984377.0,3.06,1.41,0.17,2.77
2024-08-22,605081,12.25,11.82,12.32,11.8,29203,34915528.0,4.24,-3.51,-0.43,2.58
2024-08-23,605081,11.87,10.77,11.96,10.64,74409,81543280.0,11.17,-8.88,-1.05,6.57
2024-08-26,605081,10.87,11.55,11.59,10.75,52378,59111240.0,7.8,7.24,0.78,4.63
2024-08-27,605081,11.56,11.22,11.88,10.92,49125,55895893.0,8.31,-2.86,-0.33,4.34
2024-08-28,605081,11.33,11.03,11.33,10.7,28118,31152444.0,5.61,-1.69,-0.19,2.48
2024-08-29,605081,11.11,10.9,11.11,10.8,27863,30387880.0,2.81,-1.18,-0.13,2.46
2024-08-30,605081,10.96,11.18,11.32,10.79,37638,41936256.0,4.86,2.57,0.28,3.32
2024-09-02,605081,11.12,10.68,11.14,10.67,26704,29058984.0,4.2,-4.47,-0.5,2.36
2024-09-03,605081,10.7,10.9,11.03,10.51,30534,33040664.0,4.87,2.06,0.22,2.7
2024-09-04,605081,10.91,10.58,10.92,10.48,27517,29341362.0,4.04,-2.94,-0.32,2.43
2024-09-05,605081,10.55,10.79,10.81,10.53,19563,20979068.0,2.65,1.98,0.21,1.73
2024-09-06,605081,10.89,10.3,10.89,10.18,44818,46796898.0,6.58,-4.54,-0.49,3.96
2024-09-09,605081,10.34,10.92,11.2,10.09,46535,49269406.0,10.78,6.02,0.62,4.11
2024-09-10,605081,11.13,10.87,11.29,10.55,49123,53534511.0,6.78,-0.46,-0.05,4.34
2024-09-11,605081,11.59,11.74,11.9,11.11,108446,124472224.0,7.27,8.0,0.87,9.58
2024-09-12,605081,11.35,11.3,11.75,11.16,67357,77217103.0,5.03,-3.75,-0.44,5.95
2024-09-13,605081,11.29,11.28,11.52,10.95,51575,57872142.0,5.04,-0.18,-0.02,4.55
2024-09-18,605081,11.22,10.75,11.23,10.5,42534,45736428.0,6.47,-4.7,-0.53,3.76
2024-09-19,605081,10.72,10.88,10.99,10.61,27687,30071443.0,3.53,1.21,0.13,2.44
2024-09-20,605081,10.78,10.59,10.97,10.49,43676,46553341.0,4.41,-2.67,-0.29,3.86
2024-09-23,605081,10.72,10.2,10.72,10.12,53109,54685528.0,5.67,-3.68,-0.39,4.69
2024-09-24,605081,10.28,10.6,10.65,10.16,49786,51670054.0,4.8,3.92,0.4,4.4
2024-09-25,605081,10.67,11.5,11.66,10.67,100376,113692641.0,9.34,8.49,0.9,8.86
2024-09-26,605081,11.49,11.66,11.75,11.32,84494,97726935.0,3.74,1.39,0.16,7.46
2024-09-27,605081,12.0,12.28,12.45,11.9,53548,65474791.0,4.72,5.32,0.62,4.73
2024-09-30,605081,12.5,13.13,13.39,11.97,109884,139196990.0,11.56,6.92,0.85,9.7
2024-10-08,605081,14.4,12.94,14.4,12.39,153034,201945362.0,15.31,-1.45,-0.19,13.51
2024-10-09,605081,12.78,11.65,12.78,11.65,99061,119213869.0,8.73,-9.97,-1.29,8.75
2024-10-10,605081,11.65,11.95,12.31,11.48,61551,73916994.0,7.12,2.58,0.3,5.44
2024-10-11,605081,11.99,11.55,12.03,11.38,46323,54088072.0,5.44,-3.35,-0.4,4.09
2024-10-14,605081,11.56,11.65,11.79,11.45,48221,55875653.0,2.94,0.87,0.1,4.26
2024-10-15,605081,11.56,11.4,11.64,11.37,36565,41994232.0,2.32,-2.15,-0.25,3.23
2024-10-16,605081,11.26,11.4,11.58,11.2,33356,38194720.0,3.33,0.0,0.0,2.95
2024-10-17,605081,11.39,11.11,11.62,11.08,41299,46714741.0,4.74,-2.54,-0.29,3.65
2024-10-18,605081,11.1,11.53,11.69,10.95,67352,76444276.0,6.66,3.78,0.42,5.95
2024-10-21,605081,11.48,11.99,12.33,11.4,74640,88431313.0,8.07,3.99,0.46,6.59
2024-10-22,605081,11.83,12.01,12.03,11.6,54146,64005631.0,3.59,0.17,0.02,4.78
2024-10-23,605081,11.98,12.12,12.47,11.85,63578,77598923.0,5.16,0.92,0.11,5.61
2024-10-24,605081,12.03,12.11,12.23,11.98,41438,50129731.0,2.06,-0.08,-0.01,3.66
2024-10-25,605081,12.21,13.32,13.32,12.15,147697,190968823.0,9.66,9.99,1.21,13.04
2024-10-28,605081,13.67,14.09,14.35,13.5,169874,237765980.0,6.38,5.78,0.77,15.0
2024-10-29,605081,14.3,14.15,14.9,13.7,152954,218027077.0,8.52,0.43,0.06,13.51
2024-10-30,605081,14.0,14.17,14.44,13.69,103378,145461501.0,5.3,0.14,0.02,9.13
2024-10-31,605081,14.1,14.28,14.56,14.01,77543,110194693.0,3.88,0.78,0.11,6.85
2024-11-01,605081,14.23,13.4,14.23,13.0,91373,123236745.0,8.61,-6.16,-0.88,8.07
2024-11-04,605081,13.45,13.72,13.93,12.9,66639,90139864.0,7.69,2.39,0.32,5.88
2024-11-05,605081,13.78,13.69,14.03,13.5,83428,114964109.0,3.86,-0.22,-0.03,7.37
2024-11-06,605081,13.69,13.74,13.87,13.39,60378,82307648.0,3.51,0.37,0.05,5.33
2024-11-07,605081,13.7,14.1,14.15,13.6,73317,102233085.0,4.0,2.62,0.36,6.47
2024-11-08,605081,14.26,14.06,14.39,13.98,71686,101701670.0,2.91,-0.28,-0.04,6.33
2024-11-11,605081,13.85,14.28,14.48,13.3,73463,102607660.0,8.39,1.56,0.22,6.49
2024-11-12,605081,14.28,14.05,14.58,13.82,75892,107995848.0,5.32,-1.61,-0.23,6.7
2024-11-13,605081,14.0,14.11,14.37,13.79,43193,60605265.0,4.13,0.43,0.06,3.81
2024-11-14,605081,14.0,13.78,14.14,13.64,42198,58320456.0,3.54,-2.34,-0.33,3.73
2024-11-15,605081,13.69,13.6,14.21,13.6,45145,62545563.0,4.43,-1.31,-0.18,3.99
2024-11-18,605081,13.63,12.97,13.66,12.77,67108,87706431.0,6.54,-4.63,-0.63,5.93
2024-11-19,605081,13.0,13.29,13.3,12.82,28440,37171384.0,3.7,2.47,0.32,2.51
2024-11-20,605081,13.21,13.64,13.75,13.21,29554,40048131.0,4.06,2.63,0.35,2.61
2024-11-21,605081,13.64,13.36,13.76,13.19,38083,50940513.0,4.18,-2.05,-0.28,3.36
2024-11-22,605081,13.36,13.0,13.55,12.89,42964,56865313.0,4.94,-2.69,-0.36,3.79
2024-11-25,605081,12.9,13.1,13.29,12.75,33105,43248587.0,4.15,0.77,0.1,2.92
2024-11-26,605081,13.1,12.76,13.15,12.7,32561,41865384.0,3.44,-2.6,-0.34,2.88
2024-11-27,605081,12.75,13.3,13.44,12.27,61421,78770499.0,9.17,4.23,0.54,5.42
2024-11-28,605081,13.21,13.13,13.53,13.09,42065,56044194.0,3.31,-1.28,-0.17,3.71
2024-11-29,605081,13.18,13.2,13.47,13.13,36229,48039843.0,2.59,0.53,0.07,3.2
2024-12-02,605081,13.36,13.26,13.48,12.9,43535,57343745.0,4.39,0.45,0.06,3.84
2024-12-03,605081,13.31,13.44,13.45,13.2,35008,46758470.0,1.89,1.36,0.18,3.09
2024-12-04,605081,13.7,13.2,14.02,13.01,59231,80487123.0,7.51,-1.79,-0.24,5.23
2024-12-05,605081,13.37,13.32,13.42,13.02,37339,49497839.0,3.03,0.91,0.12,3.3
2024-12-06,605081,13.7,13.51,13.75,13.33,50137,67897108.0,3.15,1.43,0.19,4.43
2024-12-09,605081,13.48,13.29,13.64,12.95,62321,82132271.0,5.11,-1.63,-0.22,5.5
2024-12-10,605081,13.53,13.28,13.64,13.27,52554,70592350.0,2.78,-0.08,-0.01,4.64
2024-12-11,605081,13.32,13.56,13.82,13.3,63235,85864475.0,3.92,2.11,0.28,5.58
2024-12-12,605081,13.59,14.0,14.02,13.4,54885,75659821.0,4.57,3.24,0.44,4.85
2024-12-13,605081,13.88,13.36,13.95,13.31,50866,68774602.0,4.57,-4.57,-0.64,4.49
2024-12-16,605081,13.49,13.18,13.49,13.09,44325,58732298.0,2.99,-1.35,-0.18,3.91
2024-12-17,605081,13.29,12.13,13.31,12.1,72450,90444500.0,9.18,-7.97,-1.05,6.4
2024-12-18,605081,12.1,12.11,12.3,11.91,44255,53594491.0,3.22,-0.16,-0.02,3.91
2024-12-19,605081,11.97,11.92,12.08,11.7,37345,44333916.0,3.14,-1.57,-0.19,3.3
2024-12-20,605081,11.96,12.18,12.25,11.88,29087,35311299.0,3.1,2.18,0.26,2.57
2024-12-23,605081,12.19,11.1,12.2,11.01,74885,85574707.0,9.77,-8.87,-1.08,6.61
2024-12-24,605081,11.0,10.84,11.16,10.65,47997,52026975.0,4.59,-2.34,-0.26,4.24
2024-12-25,605081,10.72,10.47,10.8,10.22,33437,34883191.0,5.35,-3.41,-0.37,2.95
2024-12-26,605081,10.4,10.54,10.72,10.3,26675,28222764.0,4.01,0.67,0.07,2.36
2024-12-27,605081,10.55,11.08,11.34,10.51,42800,47066667.0,7.87,5.12,0.54,3.78
2024-12-30,605081,10.98,10.8,11.21,10.58,38517,41638784.0,5.69,-2.53,-0.28,3.4
2024-12-31,605081,10.75,10.48,10.9,10.47,32110,34164485.0,3.98,-2.96,-0.32,2.84
2025-01-02,605081,10.46,10.37,10.78,10.32,31373,33157611.0,4.39,-1.05,-0.11,2.77
2025-01-03,605081,10.37,10.0,10.45,9.91,33542,33819315.0,5.21,-3.57,-0.37,2.96
2025-01-06,605081,10.0,9.91,10.05,9.55,25557,25119520.0,5.0,-0.9,-0.09,2.26
2025-01-07,605081,9.91,10.11,10.12,9.85,23453,23454509.0,2.72,2.02,0.2,2.07
2025-01-08,605081,10.12,10.15,10.26,9.89,24607,24856462.0,3.66,0.4,0.04,2.17
2025-01-09,605081,10.15,10.36,10.45,10.1,25362,26104487.0,3.45,2.07,0.21,2.24
2025-01-10,605081,10.38,10.01,10.44,9.99,20242,20554385.0,4.34,-3.38,-0.35,1.79
2025-01-13,605081,10.2,10.12,10.21,9.73,15533,15612485.0,4.8,1.1,0.11,1.37
2025-01-14,605081,10.12,10.61,10.62,10.12,27953,29162956.0,4.94,4.84,0.49,2.47
2025-01-15,605081,10.73,10.6,10.74,10.42,21246,22504172.0,3.02,-0.09,-0.01,1.88
2025-01-16,605081,10.64,10.58,10.79,10.45,20540,21810238.0,3.21,-0.19,-0.02,1.81
2025-01-17,605081,10.48,10.26,10.51,10.16,28390,29159832.0,3.31,-3.02,-0.32,2.51
2025-01-20,605081,10.41,10.19,10.41,10.0,28296,28961400.0,4.0,-0.68,-0.07,2.5
2025-01-21,605081,10.12,9.9,10.21,9.85,37457,37282922.0,3.53,-2.85,-0.29,3.31
2025-01-22,605081,9.68,9.71,9.9,9.58,20630,20006141.0,3.23,-1.92,-0.19,1.82
2025-01-23,605081,9.72,9.63,9.96,9.62,24041,23603776.0,3.5,-0.82,-0.08,2.12
2025-01-24,605081,9.38,9.43,9.56,9.11,46244,43330957.0,4.67,-2.08,-0.2,4.08
2025-01-27,605081,8.49,8.53,9.03,8.49,93203,80351328.0,5.73,-9.54,-0.9,8.23
2025-02-05,605081,8.32,8.93,9.06,8.31,58091,51077545.0,8.79,4.69,0.4,5.13
2025-02-06,605081,8.93,9.06,9.1,8.86,37191,33492553.0,2.69,1.46,0.13,3.28
2025-02-07,605081,9.18,9.49,9.49,9.07,44455,41550204.0,4.64,4.75,0.43,3.93
2025-02-10,605081,9.7,9.74,9.77,9.49,32917,31665304.0,2.95,2.63,0.25,2.91
2025-02-11,605081,9.75,9.58,9.85,9.44,33795,32261576.0,4.21,-1.64,-0.16,2.98
2025-02-12,605081,9.57,9.57,9.69,9.44,23334,22264142.0,2.61,-0.1,-0.01,2.06
2025-02-13,605081,9.63,9.65,9.88,9.59,29483,28645557.0,3.03,0.84,0.08,2.6
2025-02-14,605081,9.61,9.52,9.76,9.41,23230,22135720.0,3.63,-1.35,-0.13,2.05
2025-02-17,605081,9.77,10.0,10.21,9.64,41832,41459974.0,5.99,5.04,0.48,3.69
2025-02-18,605081,10.01,9.6,10.07,9.57,29718,29038664.0,5.0,-4.0,-0.4,2.62
2025-02-19,605081,9.7,9.77,9.88,9.6,23348,22837321.0,2.92,1.77,0.17,2.06
2025-02-20,605081,9.77,9.83,9.95,9.77,20810,20466809.0,1.84,0.61,0.06,1.84
2025-02-21,605081,9.78,10.14,10.28,9.66,39114,39004343.0,6.31,3.15,0.31,3.45
2025-02-24,605081,10.14,10.46,10.54,9.97,47506,48347105.0,5.62,3.16,0.32,4.19
2025-02-25,605081,10.35,10.14,10.43,10.1,35358,36217961.0,3.15,-3.06,-0.32,3.12
2025-02-26,605081,10.2,10.08,10.25,10.03,25206,25537241.0,2.17,-0.59,-0.06,2.23
2025-02-27,605081,10.08,10.02,10.16,9.8,22322,22240181.0,3.57,-0.6,-0.06,1.97
2025-02-28,605081,9.91,9.76,10.0,9.71,19747,19435265.0,2.89,-2.59,-0.26,1.74
2025-03-03,605081,9.9,9.74,10.0,9.68,25599,25189284.0,3.28,-0.2,-0.02,2.26
2025-03-04,605081,9.69,9.59,9.74,9.39,30113,28700794.0,3.59,-1.54,-0.15,2.66
2025-03-05,605081,9.59,9.5,9.61,9.3,24905,23411375.0,3.23,-0.94,-0.09,2.2
2025-03-06,605081,9.5,9.71,9.71,9.4,27579,26548230.0,3.26,2.21,0.21,2.44
2025-03-07,605081,9.67,9.51,9.78,9.49,24269,23351548.0,2.99,-2.06,-0.2,2.14
2025-03-10,605081,9.6,10.46,10.46,9.53,62559,63328135.0,9.78,9.99,0.95,5.52
2025-03-11,605081,10.37,10.23,10.64,10.08,69174,71304197.0,5.35,-2.2,-0.23,6.11
2025-03-12,605081,10.3,10.56,10.68,10.23,46909,49111760.0,4.4,3.23,0.33,4.14
2025-03-13,605081,10.47,10.48,10.81,10.34,46229,48915322.0,4.45,-0.76,-0.08,4.08
2025-03-14,605081,10.49,10.64,10.75,10.35,35404,37281991.0,3.82,1.53,0.16,3.13
2025-03-17,605081,10.61,10.89,10.98,10.6,46689,50514816.0,3.57,2.35,0.25,4.12
2025-03-18,605081,10.85,10.96,11.1,10.72,36766,40199243.0,3.49,0.64,0.07,3.25
2025-03-19,605081,10.85,10.74,11.03,10.7,29832,32351472.0,3.01,-2.01,-0.22,2.63
2025-03-20,605081,10.69,10.54,10.78,10.5,22602,23911961.0,2.61,-1.86,-0.2,2.0
2025-03-21,605081,10.57,10.35,10.59,10.32,19762,20637302.0,2.56,-1.8,-0.19,1.75
2025-03-24,605081,10.31,11.39,11.39,10.24,58620,64648145.0,11.11,10.05,1.04,5.18
2025-03-25,605081,11.34,11.38,12.38,11.05,181285,211956359.0,11.68,-0.09,-0.01,16.01
2025-03-26,605081,11.03,11.17,11.4,10.67,98776,109993610.0,6.41,-1.85,-0.21,8.72
2025-03-27,605081,10.96,10.47,11.26,10.45,83421,89126816.0,7.25,-6.27,-0.7,7.37
2025-03-28,605081,10.54,9.75,10.54,9.62,87423,87485515.0,8.79,-6.88,-0.72,7.72
2025-04-08,605081,10.73,10.73,10.73,10.73,23969,25718887.0,0.0,10.05,0.98,2.12
2025-04-09,605081,11.8,11.8,11.8,11.8,14433,17030881.0,0.0,9.97,1.07,1.27
2025-04-10,605081,12.98,12.2,12.98,11.56,194079,237081621.0,12.03,3.39,0.4,17.14
2025-04-11,605081,11.25,11.08,11.96,10.98,133788,153930887.0,8.03,-9.18,-1.12,11.81
2025-04-14,605081,10.7,11.07,11.31,10.7,69365,76681541.0,5.51,-0.09,-0.01,6.13
2025-04-15,605081,11.0,11.52,11.8,10.85,83488,95237291.0,8.58,4.07,0.45,7.37
2025-04-16,605081,11.15,11.05,11.34,10.9,59813,66292168.0,3.82,-4.08,-0.47,5.28
2025-04-17,605081,11.06,10.7,11.11,10.61,45341,49423503.0,4.52,-3.17,-0.35,4.0
2025-04-18,605081,10.69,10.81,10.97,10.61,34854,37476934.0,3.36,1.03,0.11,3.08
2025-04-21,605081,10.77,10.71,10.77,10.3,41149,43077984.0,4.35,-0.93,-0.1,3.63
2025-04-22,605081,10.53,10.75,10.89,10.53,65008,69233242.0,3.36,0.37,0.04,5.74
2025-04-23,605081,10.3,10.51,10.79,10.3,61834,65286184.0,4.56,-2.23,-0.24,5.46
2025-04-24,605081,10.51,10.54,10.76,10.48,35678,37789156.0,2.66,0.29,0.03,3.15
2025-04-25,605081,10.54,10.58,10.66,10.4,36609,38600877.0,2.47,0.38,0.04,3.23
2025-04-29,605081,10.05,10.84,10.98,10.05,87373,90964296.0,8.79,2.46,0.26,7.72
2025-04-30,605081,10.68,11.25,11.33,10.68,37165,41423264.0,6.0,3.78,0.41,3.28
2025-05-06,605081,11.3,11.34,11.6,11.26,40887,46676272.0,3.02,0.8,0.09,3.61
2025-05-07,605081,11.36,11.5,11.74,11.36,24654,28515157.0,3.35,1.41,0.16,2.18
2025-05-08,605081,11.32,11.77,11.8,11.32,18096,21053791.0,4.17,2.35,0.27,1.6
2025-05-09,605081,11.55,11.65,11.78,11.55,14071,16412419.0,1.95,-1.02,-0.12,1.24
2025-05-12,605081,11.65,11.43,11.68,11.41,23063,26625952.0,2.32,-1.89,-0.22,2.04
2025-05-13,605081,11.45,11.28,11.51,11.01,26187,29339737.0,4.37,-1.31,-0.15,2.31
2025-05-14,605081,11.15,11.84,11.84,11.13,32951,38467555.0,6.29,4.96,0.56,2.91
2025-05-15,605081,12.02,11.98,12.36,11.83,37466,45164289.0,4.48,1.18,0.14,3.31
2025-05-16,605081,11.97,11.79,11.97,11.63,16440,19342719.0,2.84,-1.59,-0.19,1.45
2025-05-19,605081,11.88,11.96,12.3,11.86,22071,26535576.0,3.73,1.44,0.17,1.95
2025-05-20,605081,11.98,12.43,12.56,11.93,32635,40580036.0,5.27,3.93,0.47,2.88
2025-05-21,605081,12.41,13.05,13.05,12.41,34463,44467077.0,5.15,4.99,0.62,3.04
2025-05-22,605081,13.12,13.6,13.7,12.68,77572,103416643.0,7.82,4.21,0.55,6.85
2025-05-23,605081,13.58,13.36,13.78,13.1,36829,49473071.0,5.0,-1.76,-0.24,3.25
2025-05-26,605081,13.18,13.44,13.74,13.12,39129,52683989.0,4.64,0.6,0.08,3.46
2025-05-27,605081,14.11,14.11,14.11,14.11,12078,17042030.0,0.0,4.99,0.67,1.07
2025-05-28,605081,14.82,14.82,14.82,14.82,10567,15660694.0,0.0,5.03,0.71,0.93
2025-05-29,605081,15.0,14.1,15.0,14.08,120890,174655435.0,6.21,-4.86,-0.72,10.67
2025-05-30,605081,14.01,14.13,14.47,13.93,62420,88890826.0,3.83,0.21,0.03,5.51
2025-06-03,605081,14.59,13.96,14.6,13.72,53386,75323537.0,6.23,-1.2,-0.17,4.71
2025-06-04,605081,13.78,14.15,14.3,13.78,35875,50479334.0,3.72,1.36,0.19,3.17
2025-06-05,605081,14.11,13.63,14.11,13.5,53459,73603311.0,4.31,-3.67,-0.52,4.72
2025-06-06,605081,13.35,13.93,13.96,13.31,26761,36418362.0,4.77,2.2,0.3,2.36
2025-06-09,605081,13.75,13.64,13.75,13.34,42496,57398384.0,2.94,-2.08,-0.29,3.75
2025-06-10,605081,14.11,13.49,14.11,13.4,43134,59419871.0,5.21,-1.1,-0.15,3.81
2025-06-11,605081,13.35,13.83,13.97,13.35,36540,50172600.0,4.6,2.52,0.34,3.23
2025-06-12,605081,13.81,13.74,14.02,13.63,34700,47935966.0,2.82,-0.65,-0.09,3.06
2025-06-13,605081,13.73,13.48,13.98,13.33,27851,37851029.0,4.73,-1.89,-0.26,2.46
2025-06-16,605081,13.37,13.44,13.62,13.37,15470,20899943.0,1.85,-0.3,-0.04,1.37
2025-06-17,605081,13.41,13.29,13.69,13.23,20416,27475140.0,3.42,-1.12,-0.15,1.8
2025-06-18,605081,13.28,13.28,13.34,13.0,13994,18439393.0,2.56,-0.08,-0.01,1.24
2025-06-19,605081,13.22,13.0,13.53,12.94,22043,29153490.0,4.44,-2.11,-0.28,1.95
2025-06-20,605081,12.99,12.74,13.1,12.69,18140,23366862.0,3.15,-2.0,-0.26,1.6
2025-06-23,605081,12.71,12.96,12.96,12.53,11417,14655847.0,3.38,1.73,0.22,1.01
2025-06-24,605081,12.96,13.02,13.16,12.78,17369,22529976.0,2.93,0.46,0.06,1.53
2025-06-25,605081,12.96,12.66,13.04,12.62,19313,24643855.0,3.23,-2.76,-0.36,1.71
2025-06-26,605081,12.66,12.58,12.75,12.55,12664,16011025.0,1.58,-0.63,-0.08,1.12
2025-06-27,605081,12.62,12.74,12.86,12.5,15960,20211195.0,2.86,1.27,0.16,1.41
2025-06-30,605081,12.8,12.72,13.14,12.65,18301,23460441.0,3.85,-0.16,-0.02,1.62
2025-07-01,605081,12.64,12.69,12.73,12.48,14620,18445137.0,1.97,-0.24,-0.03,1.29
2025-07-02,605081,12.7,12.75,12.78,12.62,7570,9611876.0,1.26,0.47,0.06,0.67
2025-07-03,605081,12.77,12.93,13.28,12.7,17586,22769891.0,4.55,1.41,0.18,1.55
2025-07-04,605081,12.9,12.64,12.93,12.63,12003,15294282.0,2.32,-2.24,-0.29,1.06
2025-07-07,605081,12.6,12.42,12.6,12.41,11559,14415983.0,1.5,-1.74,-0.22,1.02
2025-07-08,605081,12.42,12.5,12.53,12.38,9823,12229990.0,1.21,0.64,0.08,0.87
2025-07-09,605081,12.46,12.35,12.58,12.27,15352,19072214.0,2.48,-1.2,-0.15,1.36
2025-07-10,605081,12.35,12.4,12.44,12.24,10307,12708321.0,1.62,0.4,0.05,0.91
2025-07-11,605081,12.31,12.15,12.43,12.0,25717,31233383.0,3.47,-2.02,-0.25,2.27
2025-07-14,605081,12.13,12.76,12.76,12.0,28044,35358197.0,6.26,5.02,0.61,2.48
2025-07-15,605081,12.63,12.47,12.81,12.3,29944,37409155.0,4.0,-2.27,-0.29,2.64
2025-07-16,605081,12.49,13.0,13.09,12.37,34889,45248803.0,5.77,4.25,0.53,3.08
2025-07-17,605081,12.95,13.02,13.13,12.76,16703,21690073.0,2.85,0.15,0.02,1.47
2025-07-18,605081,12.95,12.94,13.19,12.73,22950,29572023.0,3.53,-0.61,-0.08,2.03
2025-07-21,605081,12.91,12.93,13.2,12.86,14249,18495583.0,2.63,-0.08,-0.01,1.26
2025-07-22,605081,12.87,12.94,13.13,12.81,17693,22938465.0,2.47,0.08,0.01,1.56
2025-07-23,605081,12.98,13.05,13.16,12.81,16049,20897574.0,2.7,0.85,0.11,1.42
2025-07-24,605081,13.03,12.91,13.16,12.91,16924,22054648.0,1.92,-1.07,-0.14,1.49
2025-07-25,605081,12.96,12.89,12.96,12.77,11901,15270891.0,1.47,-0.15,-0.02,1.05
2025-07-28,605081,12.83,12.8,12.94,12.55,23545,29994170.0,3.03,-0.7,-0.09,2.08
2025-07-29,605081,12.76,12.78,12.86,12.65,11291,14350397.0,1.64,-0.16,-0.02,1.0
2025-07-30,605081,12.78,12.53,12.85,12.51,12254,15481705.0,2.66,-1.96,-0.25,1.08
2025-07-31,605081,12.53,12.46,12.63,12.28,16747,20793360.0,2.79,-0.56,-0.07,1.48
2025-08-01,605081,12.4,12.32,12.48,12.25,9580,11815680.0,1.85,-1.12,-0.14,0.85
2025-08-04,605081,12.18,12.26,12.3,12.11,11767,14372376.0,1.54,-0.49,-0.06,1.04
2025-08-05,605081,12.28,12.45,12.48,12.27,9457,11687033.0,1.71,1.55,0.19,0.84
2025-08-06,605081,12.4,12.42,12.64,12.29,21651,26935915.0,2.81,-0.24,-0.03,1.91
2025-08-07,605081,12.46,12.47,12.6,12.36,18285,22742362.0,1.93,0.4,0.05,1.61
2025-08-08,605081,12.48,12.41,12.54,12.2,19139,23677890.0,2.73,-0.48,-0.06,1.69
2025-08-11,605081,12.38,12.5,12.5,12.34,19089,23710019.0,1.29,0.73,0.09,1.69
2025-08-12,605081,12.5,12.59,12.67,12.47,21324,26772832.0,1.6,0.72,0.09,1.88
2025-08-13,605081,12.62,13.14,13.22,12.62,38533,50375275.0,4.77,4.37,0.55,3.4
2025-08-14,605081,13.07,13.0,13.18,12.77,33703,43711009.0,3.12,-1.07,-0.14,2.98
2025-08-15,605081,13.08,13.54,13.65,13.05,27327,36671788.0,4.62,4.15,0.54,2.41
2025-08-18,605081,13.68,13.49,13.69,13.35,18643,25104951.0,2.51,-0.37,-0.05,1.65
2025-08-19,605081,13.42,13.34,13.5,13.21,21524,28631130.0,2.15,-1.11,-0.15,1.9
2025-08-20,605081,13.34,13.35,13.54,13.23,10420,13916993.0,2.32,0.07,0.01,0.92
2025-08-21,605081,13.35,13.5,13.6,13.25,18649,25058600.0,2.62,1.12,0.15,1.65
2025-08-22,605081,13.5,13.51,13.62,13.38,16192,21814405.0,1.78,0.07,0.01,1.43
2025-08-25,605081,13.52,13.53,13.65,13.43,16713,22570030.0,1.63,0.15,0.02,1.48
2025-08-26,605081,13.47,13.81,13.98,13.47,21025,28850654.0,3.77,2.07,0.28,1.86
2025-08-27,605081,13.83,13.72,14.08,13.7,21876,30317887.0,2.75,-0.65,-0.09,1.93
2025-08-28,605081,13.6,13.76,14.02,13.49,23680,32393306.0,3.86,0.29,0.04,2.09
2025-08-29,605081,13.68,13.7,13.76,13.55,11259,15381432.0,1.53,-0.44,-0.06,0.99
2025-09-01,605081,13.7,13.7,13.8,13.2,18614,25128349.0,4.38,0.0,0.0,1.64
2025-09-02,605081,13.62,13.57,13.85,13.35,24773,33528753.0,3.65,-0.95,-0.13,2.19
2025-09-03,605081,13.57,13.35,13.73,13.3,13855,18611728.0,3.17,-1.62,-0.22,1.22
2025-09-04,605081,13.3,13.29,13.43,13.02,17082,22572060.0,3.07,-0.45,-0.06,1.51
2025-09-05,605081,13.2,13.23,13.44,13.11,13583,17991328.0,2.48,-0.45,-0.06,1.2
2025-09-08,605081,13.17,13.4,13.44,13.07,15787,20895420.0,2.8,1.28,0.17,1.39
2025-09-09,605081,13.26,13.62,13.67,13.26,19688,26504041.0,3.06,1.64,0.22,1.74
2025-09-10,605081,13.62,13.53,13.64,13.3,22697,30513484.0,2.5,-0.66,-0.09,2.0
2025-09-11,605081,13.5,13.53,13.54,13.39,9379,12634873.0,1.11,0.0,0.0,0.83
2025-09-12,605081,13.52,13.44,13.52,13.36,10226,13709400.0,1.18,-0.67,-0.09,0.9
2025-09-15,605081,13.43,13.31,13.47,13.22,12792,17004878.0,1.86,-0.97,-0.13,1.13
2025-09-16,605081,13.26,13.33,13.41,13.23,12365,16441861.0,1.35,0.15,0.02,1.09
2025-09-17,605081,13.33,13.38,13.54,13.26,14580,19509594.0,2.1,0.38,0.05,1.29
2025-09-18,605081,13.44,13.16,13.44,12.91,18342,24232980.0,3.96,-1.64,-0.22,1.62
2025-09-19,605081,13.17,13.05,13.17,12.88,14622,18983197.0,2.2,-0.84,-0.11,1.29
2025-09-22,605081,13.0,12.65,13.0,12.64,10651,13585795.0,2.76,-3.07,-0.4,0.94
2025-09-23,605081,12.51,12.29,12.65,12.2,14139,17521592.0,3.56,-2.85,-0.36,1.25
2025-09-24,605081,12.26,12.33,12.49,12.06,8343,10258648.0,3.5,0.33,0.04,0.74
2025-09-25,605081,12.2,12.51,12.67,12.2,8222,10191332.0,3.81,1.46,0.18,0.73
2025-09-26,605081,12.52,12.64,12.7,12.31,6563,8263715.0,3.12,1.04,0.13,0.58
2025-09-29,605081,12.8,12.64,12.92,12.54,6175,7846310.0,3.01,0.0,0.0,0.55
2025-09-30,605081,12.77,12.63,12.79,12.54,5408,6835419.0,1.98,-0.08,-0.01,0.48
2025-10-09,605081,12.63,12.52,12.77,12.35,9092,11333198.0,3.33,-0.87,-0.11,0.8
2025-10-10,605081,12.52,12.57,12.76,12.45,4727,5989730.0,2.48,0.4,0.05,0.42
2025-10-13,605081,12.14,11.94,12.61,11.94,21948,26421838.0,5.33,-5.01,-0.63,1.94
2025-10-14,605081,12.0,11.9,12.1,11.78,12057,14358758.0,2.68,-0.34,-0.04,1.06
2025-10-15,605081,11.88,11.83,11.97,11.82,3953,4691962.0,1.26,-0.59,-0.07,0.35
2025-10-16,605081,11.86,11.77,11.9,11.65,9687,11407200.0,2.11,-0.51,-0.06,0.86
2025-10-17,605081,11.7,11.56,11.82,11.51,6305,7355035.0,2.63,-1.78,-0.21,0.56
2025-10-20,605081,11.6,11.56,11.62,11.29,10318,11849033.0,2.85,0.0,0.0,0.91
2025-10-21,605081,11.55,11.68,11.69,11.48,5575,6471668.0,1.82,1.04,0.12,0.49
2025-10-22,605081,11.68,11.89,11.96,11.63,9935,11754871.0,2.83,1.8,0.21,0.88
2025-10-23,605081,11.89,11.97,12.0,11.8,6399,7623716.0,1.68,0.67,0.08,0.57
2025-10-24,605081,11.96,12.19,12.34,11.96,5482,6666477.0,3.17,1.84,0.22,0.48
2025-10-27,605081,12.16,11.93,12.18,11.87,8846,10633439.0,2.54,-2.13,-0.26,0.78
2025-10-28,605081,11.92,11.82,11.96,11.74,8618,10174463.0,1.84,-0.92,-0.11,0.76
2025-10-29,605081,11.69,11.23,11.8,11.23,23556,26579218.0,4.82,-4.99,-0.59,2.08
2025-10-30,605081,11.05,11.33,11.4,11.05,14582,16321032.0,3.12,0.89,0.1,1.29
2025-10-31,605081,11.24,11.48,11.5,11.2,6740,7691010.0,2.65,1.32,0.15,0.6
2025-11-03,605081,11.44,10.92,11.44,10.91,36485,39976119.0,4.62,-4.88,-0.56,3.22
2025-11-04,605081,10.82,10.63,10.89,10.37,54920,57621565.0,4.76,-2.66,-0.29,4.85
2025-11-05,605081,10.46,11.16,11.16,10.41,35535,38962043.0,7.06,4.99,0.53,3.14
2025-11-06,605081,11.25,11.11,11.25,10.76,22260,24433579.0,4.39,-0.45,-0.05,1.97
2025-11-07,605081,11.08,10.91,11.23,10.84,11457,12677675.0,3.51,-1.8,-0.2,1.01
2025-11-10,605081,10.85,10.8,10.99,10.65,19960,21545997.0,3.12,-1.01,-0.11,1.76
2025-11-11,605081,10.71,10.56,10.87,10.48,26007,27672318.0,3.61,-2.22,-0.24,2.3
2025-11-12,605081,10.49,10.42,10.67,10.18,27593,28534064.0,4.64,-1.33,-0.14,2.44
2025-11-13,605081,10.35,10.44,10.53,10.21,13923,14468901.0,3.07,0.19,0.02,1.23
2025-11-14,605081,10.41,10.55,10.7,10.39,20985,22242741.0,2.97,1.05,0.11,1.85
2025-11-17,605081,10.48,10.57,10.62,10.4,12406,13069524.0,2.09,0.19,0.02,1.1
2025-11-18,605081,10.57,10.37,10.57,10.22,17809,18444414.0,3.31,-1.89,-0.2,1.57
2025-11-19,605081,10.21,10.02,10.27,9.91,34809,35065462.0,3.47,-3.38,-0.35,3.07
2025-11-20,605081,10.09,10.08,10.36,9.93,23424,23759952.0,4.29,0.6,0.06,2.07
2025-11-21,605081,10.02,9.62,10.12,9.6,26710,26167978.0,5.16,-4.56,-0.46,2.36
2025-11-24,605081,9.61,9.62,9.76,9.56,19686,19052433.0,2.08,0.0,0.0,1.74
2025-11-25,605081,9.62,9.56,9.79,9.51,30807,29696170.0,2.91,-0.62,-0.06,2.72
2025-11-26,605081,9.53,9.32,9.62,9.24,34545,32513841.0,3.97,-2.51,-0.24,3.05
2025-11-27,605081,9.21,9.79,9.79,9.21,47218,45395899.0,6.22,5.04,0.47,4.17
2025-11-28,605081,9.7,9.98,10.28,9.6,60020,60607355.0,6.95,1.94,0.19,5.3
2025-12-01,605081,9.78,10.48,10.48,9.72,48638,49875415.0,7.62,5.01,0.5,4.29
2025-12-02,605081,10.72,10.42,10.91,10.28,55388,58538979.0,6.01,-0.57,-0.06,4.89
2025-12-03,605081,10.48,10.21,10.78,10.21,36660,38148988.0,5.47,-2.02,-0.21,3.24
2025-12-04,605081,10.2,10.03,10.57,10.02,27949,28583594.0,5.39,-1.76,-0.18,2.47
2025-12-05,605081,9.98,10.53,10.53,9.97,48240,50029251.0,5.58,4.99,0.5,4.26
2025-12-08,605081,10.5,10.22,10.6,10.05,44229,45665351.0,5.22,-2.94,-0.31,3.91
2025-12-09,605081,10.2,10.12,10.32,10.02,22329,22709978.0,2.94,-0.98,-0.1,1.97
2025-12-10,605081,10.1,10.2,10.48,10.05,22550,23145609.0,4.25,0.79,0.08,1.99
2025-12-11,605081,10.25,10.27,10.34,9.93,28793,29135608.0,4.02,0.69,0.07,2.54
2025-12-12,605081,10.25,10.78,10.78,10.17,45030,48171009.0,5.94,4.97,0.51,3.98
2025-12-15,605081,10.81,10.98,11.2,10.78,42410,46396713.0,3.9,1.86,0.2,3.74
2025-12-16,605081,10.95,10.67,11.09,10.66,24159,26153469.0,3.92,-2.82,-0.31,2.13
2025-12-17,605081,10.92,10.94,11.12,10.75,27985,30555419.0,3.47,2.53,0.27,2.47
2025-12-18,605081,10.86,10.7,10.94,10.6,22973,24713677.0,3.11,-2.19,-0.24,2.03
2025-12-19,605081,10.59,10.57,10.82,10.53,26265,27989982.0,2.71,-1.21,-0.13,2.32
2025-12-22,605081,10.63,10.05,10.74,10.04,53464,54992669.0,6.62,-4.92,-0.52,4.72
2025-12-23,605081,10.0,9.94,10.06,9.64,33535,33129602.0,4.18,-1.09,-0.11,2.96
2025-12-24,605081,9.87,9.88,10.03,9.83,18882,18721436.0,2.01,-0.6,-0.06,1.67
2025-12-25,605081,9.87,10.06,10.24,9.79,28540,28695613.0,4.55,1.82,0.18,2.52
2025-12-26,605081,10.05,9.9,10.06,9.8,30528,30296798.0,2.58,-1.59,-0.16,2.7
2025-12-29,605081,9.85,9.9,9.92,9.55,30698,29864028.0,3.74,0.0,0.0,2.71
2025-12-30,605081,9.9,10.4,10.4,9.83,76331,78926179.0,5.76,5.05,0.5,6.74
2025-12-31,605081,10.3,10.73,10.78,10.23,48636,50845808.0,5.29,3.17,0.33,4.29
2026-01-05,605081,10.65,10.59,10.82,10.48,30906,32908135.0,3.17,-1.3,-0.14,2.73
2026-01-06,605081,10.58,10.46,10.79,10.43,31174,32907102.0,3.4,-1.23,-0.13,2.75
2026-01-07,605081,10.5,10.59,10.6,10.33,37837,39532536.0,2.58,1.24,0.13,3.34
2026-01-08,605081,10.6,11.12,11.12,10.57,46282,51211497.0,5.19,5.0,0.53,4.09
2026-01-09,605081,11.44,10.85,11.44,10.8,40588,44942940.0,5.76,-2.43,-0.27,3.58
2026-01-12,605081,10.9,10.78,11.09,10.78,30342,33000973.0,2.86,-0.65,-0.07,2.68
2026-01-13,605081,10.74,10.82,10.96,10.65,18033,19478944.0,2.88,0.37,0.04,1.59
2026-01-14,605081,10.8,10.61,10.91,10.58,30451,32714119.0,3.05,-1.94,-0.21,2.69
2026-01-15,605081,10.51,10.36,10.56,10.25,22982,23894607.0,2.92,-2.36,-0.25,2.03
2026-01-16,605081,10.35,10.05,10.47,10.05,18412,18931486.0,4.05,-2.99,-0.31,1.63
2026-01-19,605081,10.08,10.43,10.52,10.05,24133,24838082.0,4.68,3.78,0.38,2.13
2026-01-20,605081,10.41,10.3,10.74,10.26,31851,33403354.0,4.6,-1.25,-0.13,2.81
2026-01-21,605081,10.16,10.82,10.82,10.16,43885,47049110.0,6.41,5.05,0.52,3.88
2026-01-22,605081,10.95,11.16,11.35,10.9,43516,48481360.0,4.16,3.14,0.34,3.84
2026-01-23,605081,11.15,11.27,11.31,11.04,23355,26113156.0,2.42,0.99,0.11,2.06
2026-01-26,605081,11.32,11.83,11.83,11.13,59332,69349081.0,6.21,4.97,0.56,5.24
2026-01-27,605081,11.9,11.89,12.06,11.61,39251,46403919.0,3.8,0.51,0.06,3.47
2026-01-28,605081,11.94,11.55,12.23,11.48,33278,39485250.0,6.31,-2.86,-0.34,2.94
2026-01-29,605081,11.66,11.2,12.13,11.18,47293,55865220.0,8.23,-3.03,-0.35,4.18
2026-01-30,605081,11.14,11.15,11.7,11.11,44296,50129338.0,5.27,-0.45,-0.05,3.91
2026-02-02,605081,10.96,10.59,11.23,10.59,49485,53040000.0,5.74,-5.02,-0.56,4.37
2026-02-03,605081,10.51,10.51,10.66,10.32,27627,28893285.0,3.21,-0.76,-0.08,2.44
2026-02-04,605081,10.53,10.4,10.66,10.27,23623,24656462.0,3.71,-1.05,-0.11,2.09
2026-02-05,605081,10.4,10.01,10.64,9.98,41098,42219881.0,6.35,-3.75,-0.39,3.63
2026-02-06,605081,10.0,9.93,10.06,9.82,21417,21323265.0,2.4,-0.8,-0.08,1.89
2026-02-09,605081,9.95,9.95,10.1,9.85,21432,21316464.0,2.52,0.2,0.02,1.89
2026-02-10,605081,9.91,9.88,9.99,9.83,21485,21293997.0,1.61,-0.7,-0.07,1.9
2026-02-11,605081,9.8,9.81,10.0,9.78,18227,17972933.0,2.23,-0.71,-0.07,1.61
2026-02-12,605081,9.81,9.73,9.86,9.66,15366,14989749.0,2.04,-0.82,-0.08,1.36
2026-02-13,605081,9.72,9.9,10.05,9.68,14438,14248241.0,3.8,1.75,0.17,1.27
2026-02-24,605081,9.9,10.0,10.27,9.89,16980,17054799.0,3.84,1.01,0.1,1.5
2026-02-25,605081,9.98,10.14,10.16,9.98,15066,15205013.0,1.8,1.4,0.14,1.33
2026-02-26,605081,10.14,10.65,10.65,10.08,14500,15217662.0,5.62,5.03,0.51,1.28
2026-02-27,605081,10.88,10.99,11.1,10.68,37715,41070511.0,3.94,3.19,0.34,3.33
2026-03-02,605081,10.56,10.44,10.66,10.44,30221,31701333.0,2.0,-5.0,-0.55,2.67
2026-03-03,605081,10.32,9.92,10.43,9.92,31663,31631614.0,4.89,-4.98,-0.52,2.8
2026-03-04,605081,9.68,9.54,9.91,9.46,21859,21152762.0,4.54,-3.83,-0.38,1.93
2026-03-05,605081,9.66,9.8,9.92,9.6,17094,16673087.0,3.35,2.73,0.26,1.51
2026-03-06,605081,9.76,9.93,9.95,9.7,16051,15757750.0,2.55,1.33,0.13,1.42
2026-03-09,605081,9.79,9.8,9.85,9.57,17883,17385905.0,2.82,-1.31,-0.13,1.58
2026-03-10,605081,9.82,10.26,10.29,9.82,18204,18429805.0,4.8,4.69,0.46,1.61
2026-03-11,605081,10.29,9.95,10.35,9.91,21474,21603110.0,4.29,-3.02,-0.31,1.9
2026-03-12,605081,9.97,9.79,10.01,9.76,17667,17447327.0,2.51,-1.61,-0.16,1.56
2026-03-13,605081,9.78,9.53,9.83,9.53,19868,19267275.0,3.06,-2.66,-0.26,1.75
2026-03-16,605081,9.53,9.65,9.69,9.53,15641,15002587.0,1.68,1.26,0.12,1.38
2026-03-17,605081,9.7,9.41,9.85,9.4,22826,21954043.0,4.66,-2.49,-0.24,2.02
2026-03-18,605081,9.42,9.73,9.8,9.31,19328,18383889.0,5.21,3.4,0.32,1.71
2026-03-19,605081,9.72,9.51,9.72,9.45,10595,10107211.0,2.77,-2.26,-0.22,0.94
2026-03-20,605081,9.55,9.03,9.55,9.03,11273,10309342.0,5.47,-5.05,-0.48,1.0
2026-03-23,605081,8.58,8.58,8.58,8.58,2689,2307162.0,0.0,-4.98,-0.45,0.24
2026-03-24,605081,8.15,8.15,8.15,8.15,3122,2544430.0,0.0,-5.01,-0.43,0.28
2026-03-25,605081,7.82,7.8,8.4,7.74,103229,81930318.0,8.1,-4.29,-0.35,9.12
2026-03-26,605081,7.41,7.43,7.69,7.41,78615,58796416.0,3.59,-4.74,-0.37,6.94
2026-03-27,605081,7.43,7.8,7.8,7.43,15549,11981282.0,4.98,4.98,0.37,1.37
2026-03-30,605081,8.17,7.64,8.19,7.55,32967,26125836.0,8.21,-2.05,-0.16,2.91
2026-03-31,605081,7.21,7.21,7.44,7.21,39323,28569864.0,3.03,-5.01,-0.38,3.47
2026-04-01,605081,7.39,6.85,7.39,6.85,33989,23675510.0,7.49,-4.99,-0.36,3.0
2026-04-02,605081,6.62,6.51,6.73,6.51,35786,23472122.0,3.21,-4.96,-0.34,3.16
2026-04-03,605081,6.25,6.18,6.28,6.18,15923,9858923.0,1.54,-5.07,-0.33,1.41
2026-04-07,605081,5.87,6.28,6.33,5.87,43743,26505301.0,7.44,1.62,0.1,3.86
2026-04-08,605081,6.39,6.59,6.59,6.2,15221,9779648.0,6.21,4.94,0.31,1.34
2026-04-09,605081,6.62,6.26,6.92,6.26,57334,38255151.0,10.02,-5.01,-0.33,5.06
2026-04-10,605081,6.15,6.09,6.4,6.06,27466,17006461.0,5.43,-2.72,-0.17,2.43
2026-04-13,605081,6.05,6.3,6.39,5.98,36497,22936053.0,6.73,3.45,0.21,3.22
2026-04-14,605081,6.26,6.56,6.61,6.21,29666,19037202.0,6.35,4.13,0.26,2.62
2026-04-15,605081,6.85,6.89,6.89,6.7,11850,8139916.0,2.9,5.03,0.33,1.05
2026-04-16,605081,7.23,7.23,7.23,7.23,10072,7282056.0,0.0,4.93,0.34,0.89
2026-04-17,605081,7.59,7.57,7.59,7.2,68408,51620441.0,5.39,4.7,0.34,6.04
