日期,股票代码,开盘,收盘,最高,最低,成交量,成交额,振幅,涨跌幅,涨跌额,换手率
2021-03-30,605186,20.5,20.67,20.93,20.05,25606,53822709.0,4.29,0.83,0.17,7.53
2021-03-31,605186,20.56,20.42,20.86,20.32,21465,45286065.0,2.61,-1.21,-0.25,6.31
2021-04-01,605186,20.32,20.7,21.34,20.07,33209,70475061.0,6.22,1.37,0.28,9.77
2021-04-02,605186,20.77,21.19,22.32,20.62,41809,91263323.0,8.21,2.37,0.49,12.3
2021-04-06,605186,21.07,21.09,21.71,20.85,28752,62220470.0,4.06,-0.47,-0.1,8.46
2021-04-07,605186,21.3,22.28,23.19,21.14,66178,149238924.0,9.72,5.64,1.19,19.46
2021-04-08,605186,22.03,21.83,22.48,21.8,45542,102732015.0,3.05,-2.02,-0.45,13.39
2021-04-09,605186,21.69,22.4,22.49,21.51,34437,77654103.0,4.49,2.61,0.57,10.13
2021-04-12,605186,22.21,21.14,22.21,20.41,51249,111141070.0,8.04,-5.63,-1.26,15.07
2021-04-13,605186,20.9,21.71,23.17,20.73,44032,98467980.0,11.54,2.7,0.57,12.95
2021-04-14,605186,21.13,23.11,23.49,21.12,81794,189281141.0,10.92,6.45,1.4,24.06
2021-04-15,605186,22.52,22.72,22.89,22.28,43149,99554288.0,2.64,-1.69,-0.39,12.69
2021-04-16,605186,22.76,22.07,22.76,21.79,39160,88646983.0,4.27,-2.86,-0.65,11.52
2021-04-19,605186,21.99,21.95,22.33,21.51,31786,71177596.0,3.72,-0.54,-0.12,9.35
2021-04-20,605186,21.41,21.38,22.09,21.19,35858,78959690.0,4.1,-2.6,-0.57,10.55
2021-04-21,605186,21.03,21.24,21.67,21.03,23449,51037217.0,2.99,-0.65,-0.14,6.9
2021-04-22,605186,21.41,20.31,21.69,19.07,38134,81738142.0,12.34,-4.38,-0.93,11.22
2021-04-23,605186,20.16,19.64,20.28,19.48,26047,52852317.0,3.94,-3.3,-0.67,7.66
2021-04-26,605186,19.61,19.62,19.96,19.51,15528,31436365.0,2.29,-0.1,-0.02,4.57
2021-04-27,605186,19.61,18.75,19.61,18.73,24764,48337306.0,4.49,-4.43,-0.87,7.28
2021-04-28,605186,18.86,18.95,19.03,18.7,12994,25157422.0,1.76,1.07,0.2,3.82
2021-04-29,605186,18.81,18.88,19.01,18.63,13035,25162770.0,2.01,-0.37,-0.07,3.83
2021-04-30,605186,18.82,18.0,18.88,17.94,20445,38405630.0,4.98,-4.66,-0.88,6.01
2021-05-06,605186,18.0,18.77,18.95,18.0,19950,38157414.0,5.28,4.28,0.77,5.87
2021-05-07,605186,18.73,18.55,19.09,18.46,18687,35926649.0,3.36,-1.17,-0.22,5.5
2021-05-10,605186,18.36,18.12,18.49,18.11,12480,23324931.0,2.05,-2.32,-0.43,3.67
2021-05-11,605186,18.09,18.42,18.49,17.91,11470,21604540.0,3.2,1.66,0.3,3.37
2021-05-12,605186,18.32,18.26,18.41,18.09,11397,21291271.0,1.74,-0.87,-0.16,3.35
2021-05-13,605186,18.16,18.33,18.46,18.0,10198,19160541.0,2.52,0.38,0.07,3.0
2021-05-14,605186,18.31,18.61,18.7,18.3,12799,24408531.0,2.18,1.53,0.28,3.76
2021-05-17,605186,18.68,18.53,18.71,18.3,10324,19563166.0,2.2,-0.43,-0.08,3.04
2021-05-18,605186,18.52,18.45,18.53,18.21,8973,16904709.0,1.73,-0.43,-0.08,2.64
2021-05-19,605186,18.35,18.46,18.64,18.34,8902,16873944.0,1.63,0.05,0.01,2.62
2021-05-20,605186,18.36,18.2,18.43,18.11,10101,18888672.0,1.73,-1.41,-0.26,2.97
2021-05-21,605186,18.16,18.12,18.37,18.11,7544,14099372.0,1.43,-0.44,-0.08,2.22
2021-05-24,605186,18.14,18.35,18.42,18.12,7675,14396436.0,1.66,1.27,0.23,2.26
2021-05-25,605186,18.34,20.23,20.23,18.29,48736,97350860.0,10.57,10.25,1.88,14.33
2021-05-26,605186,20.49,22.3,22.3,20.24,107954,239042988.0,10.18,10.23,2.07,31.75
2021-05-27,605186,22.17,24.58,24.58,21.81,84160,203241951.0,12.42,10.22,2.28,24.75
2021-05-28,605186,27.09,27.09,27.09,27.09,11560,31882701.0,0.0,10.21,2.51,3.4
2021-05-31,605186,28.79,29.85,29.85,27.31,136418,407039616.0,9.38,10.19,2.76,40.12
2021-06-01,605186,29.92,32.88,32.88,29.17,150959,476617920.0,12.43,10.15,3.03,44.4
2021-06-02,605186,35.8,36.22,36.22,34.84,92556,336678784.0,4.2,10.16,3.34,27.22
2021-06-03,605186,34.54,37.01,39.34,33.66,173902,639784816.0,15.68,2.18,0.79,51.15
2021-06-04,605186,35.21,33.26,36.16,33.26,110659,386645264.0,7.84,-10.13,-3.75,32.55
2021-06-07,605186,33.01,36.64,36.64,31.74,119343,408246832.0,14.73,10.16,3.38,35.1
2021-06-08,605186,35.17,35.44,38.84,34.71,118645,438807008.0,11.27,-3.28,-1.2,34.9
2021-06-09,605186,35.08,33.86,36.51,33.52,85796,302935312.0,8.44,-4.46,-1.58,25.23
2021-06-10,605186,33.86,34.57,34.57,31.53,62033,209709195.0,8.98,2.1,0.71,18.24
2021-06-11,605186,34.7,32.21,34.86,32.21,50015,169601905.0,7.67,-6.83,-2.36,14.71
2021-06-15,605186,32.23,29.62,32.87,28.94,59560,182126068.0,12.2,-8.04,-2.59,17.52
2021-06-16,605186,29.47,30.51,31.01,28.81,38848,117634249.0,7.43,3.0,0.89,11.43
2021-06-17,605186,29.76,31.07,32.1,29.46,38431,121427809.0,8.65,1.84,0.56,11.3
2021-06-18,605186,31.49,34.23,34.23,31.42,32343,109486527.0,9.04,10.17,3.16,9.51
2021-06-21,605186,36.12,34.03,36.28,32.11,63501,219199267.0,12.18,-0.58,-0.2,18.68
2021-06-22,605186,33.06,35.25,36.01,33.06,58460,206197290.0,8.67,3.59,1.22,17.19
2021-06-23,605186,34.5,33.31,34.71,32.11,52000,174622994.0,7.38,-5.5,-1.94,15.29
2021-06-24,605186,32.77,34.64,34.64,30.51,57010,187572178.0,12.4,3.99,1.33,16.77
2021-06-25,605186,33.86,34.19,35.61,32.65,40462,139998064.0,8.55,-1.3,-0.45,11.9
2021-06-28,605186,33.66,35.31,37.39,33.59,43634,158856270.0,11.11,3.28,1.12,12.83
2021-06-29,605186,36.11,34.58,36.43,34.01,29725,105765671.0,6.85,-2.07,-0.73,8.74
2021-06-30,605186,34.51,33.79,35.17,33.18,23664,81575215.0,5.75,-2.28,-0.79,6.96
2021-07-01,605186,34.41,36.42,37.22,33.61,76666,283311424.0,10.68,7.78,2.63,22.55
2021-07-02,605186,36.91,37.01,39.39,33.17,68288,243892865.0,17.08,1.62,0.59,20.08
2021-07-05,605186,38.61,40.76,40.76,38.51,63468,258687571.0,6.08,10.13,3.75,18.67
2021-07-06,605186,41.52,41.22,44.89,40.71,98080,428156592.0,10.26,1.13,0.46,28.85
2021-07-07,605186,40.02,45.39,45.39,39.42,67851,293284176.0,14.48,10.12,4.17,19.96
2021-07-08,605186,44.96,44.11,46.03,43.31,61516,275142880.0,5.99,-2.82,-1.28,18.09
2021-07-09,605186,43.64,43.69,45.73,41.69,46671,207249698.0,9.16,-0.95,-0.42,13.73
2021-07-12,605186,43.3,44.91,45.51,41.71,40716,180115709.0,8.7,2.79,1.22,11.98
2021-07-13,605186,44.49,41.71,44.49,41.71,33516,143868088.0,6.19,-7.13,-3.2,9.86
2021-07-14,605186,41.71,39.89,42.2,39.73,32435,133624854.0,5.92,-4.36,-1.82,9.54
2021-07-15,605186,40.02,39.51,40.12,38.31,24818,98454207.0,4.54,-0.95,-0.38,7.3
2021-07-16,605186,39.81,39.08,40.81,38.9,16446,65909762.0,4.83,-1.09,-0.43,4.84
2021-07-19,605186,39.3,41.75,42.31,38.01,36758,151243504.0,11.0,6.83,2.67,10.81
2021-07-20,605186,40.81,39.29,41.86,39.21,29707,120821375.0,6.35,-5.89,-2.46,8.74
2021-07-21,605186,39.3,40.21,40.31,38.82,22927,92006898.0,3.79,2.34,0.92,6.74
2021-07-22,605186,40.66,36.44,40.66,36.14,50333,189947550.0,11.24,-9.38,-3.77,14.8
2021-07-23,605186,35.85,35.43,36.2,34.02,27943,98989132.0,5.98,-2.77,-1.01,8.22
2021-07-26,605186,35.25,32.16,35.25,31.85,39365,131552418.0,9.6,-9.23,-3.27,11.58
2021-07-27,605186,31.53,30.78,32.72,30.51,22223,71691685.0,6.87,-4.29,-1.38,6.54
2021-07-28,605186,30.5,29.51,30.94,27.65,31703,93987579.0,10.69,-4.13,-1.27,9.32
2021-07-29,605186,29.92,32.51,32.51,29.92,15969,51491380.0,8.78,10.17,3.0,4.7
2021-07-30,605186,33.61,35.81,35.81,32.8,54794,191589323.0,9.26,10.15,3.3,16.12
2021-08-02,605186,36.4,36.3,37.67,35.4,44343,162835282.0,6.34,1.37,0.49,13.04
2021-08-03,605186,36.46,36.46,37.46,35.75,29011,107386793.0,4.71,0.44,0.16,8.53
2021-08-04,605186,36.01,39.81,40.01,36.01,40294,158347689.0,10.97,9.19,3.35,11.85
2021-08-05,605186,39.51,40.09,41.39,38.58,31361,127440628.0,7.06,0.7,0.28,9.22
2021-08-06,605186,40.89,38.04,40.89,37.31,32871,128419756.0,8.93,-5.11,-2.05,9.67
2021-08-09,605186,39.3,37.67,39.31,35.33,33654,126514005.0,10.46,-0.97,-0.37,9.9
2021-08-10,605186,39.21,37.92,40.14,37.01,40588,158355745.0,8.31,0.66,0.25,11.94
2021-08-11,605186,37.91,36.42,37.91,35.79,27742,103121336.0,5.59,-3.96,-1.5,8.16
2021-08-12,605186,37.16,36.59,37.84,35.71,19165,71755907.0,5.85,0.47,0.17,5.64
2021-08-13,605186,37.16,36.4,38.33,36.2,17751,66729526.0,5.82,-0.52,-0.19,5.22
2021-08-16,605186,36.82,36.52,36.82,34.51,20770,74732566.0,6.35,0.33,0.12,6.11
2021-08-17,605186,35.77,35.55,36.31,34.95,19768,71052173.0,3.72,-2.66,-0.97,5.81
2021-08-18,605186,35.22,34.31,35.69,33.51,17668,61665653.0,6.13,-3.49,-1.24,5.2
2021-08-19,605186,33.82,37.79,37.79,33.51,35988,133107057.0,12.47,10.14,3.48,10.58
2021-08-20,605186,38.21,37.68,38.88,36.81,38548,147760372.0,5.48,-0.29,-0.11,11.34
2021-08-23,605186,37.51,39.12,39.91,36.82,36392,143615152.0,8.2,3.82,1.44,10.7
2021-08-24,605186,39.11,40.36,41.99,38.29,33200,135938049.0,9.46,3.17,1.24,9.76
2021-08-25,605186,40.09,40.42,40.95,38.22,25157,99654411.0,6.76,0.15,0.06,7.4
2021-08-26,605186,40.52,40.84,42.17,39.27,21508,88617830.0,7.17,1.04,0.42,6.33
2021-08-27,605186,40.92,40.57,41.53,39.36,15501,63200229.0,5.31,-0.66,-0.27,4.56
2021-08-30,605186,40.27,37.95,41.52,37.82,24826,96704919.0,9.12,-6.46,-2.62,7.3
2021-08-31,605186,38.72,37.02,38.91,36.47,13775,51522403.0,6.43,-2.45,-0.93,4.05
2021-09-01,605186,37.0,37.3,37.37,35.8,12473,45915563.0,4.24,0.76,0.28,3.67
2021-09-02,605186,37.3,38.07,39.14,36.21,14779,56811990.0,7.86,2.06,0.77,4.35
2021-09-03,605186,38.32,40.32,41.02,38.1,17956,71660311.0,7.67,5.91,2.25,5.28
2021-09-06,605186,40.82,40.82,42.23,38.92,18564,75626911.0,8.21,1.24,0.5,5.46
2021-09-07,605186,41.12,39.56,41.58,39.38,12360,49813964.0,5.39,-3.09,-1.26,3.64
2021-09-08,605186,39.57,39.06,39.68,38.42,7880,30901146.0,3.19,-1.26,-0.5,2.32
2021-09-09,605186,39.22,37.13,39.22,37.1,12799,48697462.0,5.43,-4.94,-1.93,3.76
2021-09-10,605186,37.82,38.42,39.22,37.13,9624,37220695.0,5.63,3.47,1.29,2.83
2021-09-13,605186,38.57,38.85,39.92,38.42,14259,56506879.0,3.9,1.12,0.43,4.19
2021-09-14,605186,39.67,42.76,42.76,39.25,24756,103958810.0,9.03,10.06,3.91,7.28
2021-09-15,605186,44.72,40.2,44.72,39.97,30378,126132277.0,11.11,-5.99,-2.56,8.93
2021-09-16,605186,40.3,38.72,40.66,38.43,17943,70443600.0,5.55,-3.68,-1.48,5.28
2021-09-17,605186,37.21,37.52,38.88,37.21,15380,58308565.0,4.31,-3.1,-1.2,4.52
2021-09-22,605186,36.92,36.42,37.33,35.02,18009,65318450.0,6.16,-2.93,-1.1,5.3
2021-09-23,605186,35.74,36.66,37.22,35.74,9329,34349083.0,4.06,0.66,0.24,2.74
2021-09-24,605186,36.7,35.41,36.7,35.23,8354,29922341.0,4.01,-3.41,-1.25,2.46
2021-09-27,605186,35.41,32.66,35.41,32.64,17611,59356711.0,7.82,-7.77,-2.75,5.18
2021-09-28,605186,32.57,32.71,34.45,31.84,16710,56275287.0,7.99,0.15,0.05,4.91
2021-09-29,605186,31.92,31.92,33.04,30.77,13716,44003614.0,6.94,-2.42,-0.79,4.03
2021-09-30,605186,32.62,33.97,34.07,32.02,10336,34791465.0,6.42,6.42,2.05,3.04
2021-10-08,605186,34.02,33.9,34.59,33.17,7407,25284831.0,4.18,-0.21,-0.07,2.18
2021-10-11,605186,34.59,34.47,35.9,33.68,8758,30722587.0,6.55,1.68,0.57,2.58
2021-10-12,605186,34.75,35.85,36.31,34.55,14211,51134512.0,5.11,4.0,1.38,4.18
2021-10-13,605186,35.72,37.83,38.22,34.73,21620,80880982.0,9.74,5.52,1.98,6.36
2021-10-14,605186,37.09,38.47,39.02,37.09,13891,53853511.0,5.1,1.69,0.64,4.09
2021-10-15,605186,38.87,39.71,42.35,38.06,24828,100657109.0,11.15,3.22,1.24,7.3
2021-10-18,605186,39.55,39.32,41.22,38.45,17622,70334570.0,6.98,-0.98,-0.39,5.18
2021-10-19,605186,39.57,40.4,41.2,38.88,18885,76791063.0,5.9,2.75,1.08,5.55
2021-10-20,605186,41.02,38.95,41.02,38.72,14540,57547137.0,5.69,-3.59,-1.45,4.28
2021-10-21,605186,39.7,39.2,40.66,38.5,15629,62497002.0,5.55,0.64,0.25,4.6
2021-10-22,605186,39.87,38.12,39.94,37.64,11633,44742771.0,5.87,-2.76,-1.08,3.42
2021-10-25,605186,38.59,36.56,38.83,35.72,20025,73929229.0,8.16,-4.09,-1.56,5.89
2021-10-26,605186,36.39,40.24,40.24,35.72,32807,126538424.0,12.36,10.07,3.68,9.65
2021-10-27,605186,39.83,37.69,39.91,37.43,23621,90966244.0,6.16,-6.34,-2.55,6.95
2021-10-28,605186,37.68,35.62,38.02,35.02,21487,77961523.0,7.96,-5.49,-2.07,6.32
2021-10-29,605186,35.4,36.27,36.92,35.05,11902,43559961.0,5.25,1.82,0.65,3.5
2021-11-01,605186,36.25,36.55,38.55,35.57,21631,80241382.0,8.22,0.77,0.28,6.36
2021-11-02,605186,35.57,36.47,37.67,35.57,15326,56770317.0,5.75,-0.22,-0.08,4.51
2021-11-03,605186,36.09,37.28,37.89,36.02,15846,58985804.0,5.13,2.22,0.81,4.66
2021-11-04,605186,37.58,37.91,38.54,36.8,17375,66240452.0,4.67,1.69,0.63,5.11
2021-11-05,605186,37.91,37.82,38.69,36.87,15450,58743338.0,4.8,-0.24,-0.09,4.54
2021-11-08,605186,38.02,37.62,38.23,36.51,13615,51128609.0,4.55,-0.53,-0.2,4.0
2021-11-09,605186,37.22,37.04,39.05,36.73,16739,63425839.0,6.17,-1.54,-0.58,4.92
2021-11-10,605186,36.9,38.77,39.26,36.82,28795,111353962.0,6.59,4.67,1.73,8.47
2021-11-11,605186,38.41,35.67,38.71,35.63,33603,123698111.0,7.94,-8.0,-3.1,9.88
2021-11-12,605186,35.12,36.22,36.44,35.05,13315,48325353.0,3.9,1.54,0.55,3.92
2021-11-15,605186,36.31,38.87,39.67,35.98,34578,133981888.0,10.19,7.32,2.65,10.17
2021-11-16,605186,39.38,39.11,39.59,36.45,30358,116835017.0,8.08,0.62,0.24,8.93
2021-11-17,605186,39.03,39.78,40.18,37.92,23565,92348451.0,5.78,1.71,0.67,6.93
2021-11-18,605186,39.19,39.22,39.6,37.82,20561,80233977.0,4.47,-1.41,-0.56,6.05
2021-11-19,605186,39.11,38.33,39.12,37.87,12210,47115527.0,3.19,-2.27,-0.89,3.59
2021-11-22,605186,38.46,38.08,38.88,37.83,10259,39446049.0,2.74,-0.65,-0.25,3.02
2021-11-23,605186,37.79,39.22,39.61,36.73,22417,86876282.0,7.56,2.99,1.14,6.59
2021-11-24,605186,39.47,43.17,43.17,38.65,25858,108128733.0,11.52,10.07,3.95,7.61
2021-11-25,605186,44.08,44.87,47.02,43.52,57970,262647583.0,8.11,3.94,1.7,17.05
2021-11-26,605186,44.98,42.87,45.22,41.83,44446,193858683.0,7.56,-4.46,-2.0,13.07
2021-11-29,605186,41.64,41.45,42.2,40.3,28465,118507530.0,4.43,-3.31,-1.42,8.37
2021-11-30,605186,41.55,40.88,42.12,40.22,20165,82968218.0,4.58,-1.38,-0.57,5.93
2021-12-01,605186,40.6,39.35,40.88,38.71,34964,138727863.0,5.31,-3.74,-1.53,10.28
2021-12-02,605186,39.42,38.12,39.42,38.02,17467,67654531.0,3.56,-3.13,-1.23,5.14
2021-12-03,605186,38.42,38.22,38.92,37.58,16893,64917533.0,3.52,0.26,0.1,4.97
2021-12-06,605186,38.37,37.56,38.67,36.84,14783,55792390.0,4.79,-1.73,-0.66,4.35
2021-12-07,605186,37.52,39.89,39.92,37.02,25445,99593653.0,7.72,6.2,2.33,7.48
2021-12-08,605186,39.6,39.29,39.86,38.45,18549,72980100.0,3.53,-1.5,-0.6,5.46
2021-12-09,605186,39.22,38.76,39.29,38.12,14126,55032285.0,2.98,-1.35,-0.53,4.15
2021-12-10,605186,38.35,38.5,39.51,38.27,9713,37882439.0,3.2,-0.67,-0.26,2.86
2021-12-13,605186,38.5,38.62,38.86,38.02,6527,25292747.0,2.18,0.31,0.12,1.92
2021-12-14,605186,38.66,37.88,38.66,37.73,10457,40145648.0,2.41,-1.92,-0.74,3.08
2021-12-15,605186,37.85,37.19,38.22,37.16,7521,28567273.0,2.8,-1.82,-0.69,2.21
2021-12-16,605186,37.22,36.88,37.52,36.17,11452,42386409.0,3.63,-0.83,-0.31,3.37
2021-12-17,605186,36.97,37.8,38.62,35.84,16640,62265792.0,7.54,2.49,0.92,4.89
2021-12-20,605186,37.72,36.72,38.09,36.72,7707,28862606.0,3.62,-2.86,-1.08,2.27
2021-12-21,605186,36.38,36.64,37.04,35.74,8764,32147600.0,3.54,-0.22,-0.08,2.58
2021-12-22,605186,36.6,37.23,37.71,36.29,10549,39512510.0,3.88,1.61,0.59,1.58
2021-12-23,605186,37.57,36.75,38.36,36.6,11301,42433503.0,4.73,-1.29,-0.48,1.7
2021-12-24,605186,36.15,35.52,37.22,35.12,12300,44288573.0,5.71,-3.35,-1.23,1.85
2021-12-27,605186,35.22,35.54,36.38,34.14,11617,41538961.0,6.31,0.06,0.02,1.74
2021-12-28,605186,35.72,34.78,35.85,34.63,7426,26183144.0,3.43,-2.14,-0.76,1.11
2021-12-29,605186,34.78,35.0,35.41,34.09,9768,34285379.0,3.8,0.63,0.22,1.47
2021-12-30,605186,35.0,36.35,37.02,34.26,16865,61015169.0,7.89,3.86,1.35,2.53
2021-12-31,605186,36.32,35.98,36.32,35.62,5691,20581489.0,1.93,-1.02,-0.37,0.85
2022-01-04,605186,35.82,35.17,36.22,34.62,14468,51196505.0,4.45,-2.25,-0.81,2.17
2022-01-05,605186,35.12,34.79,35.55,33.82,11538,40102157.0,4.92,-1.08,-0.38,1.73
2022-01-06,605186,34.72,38.3,38.3,34.02,42466,159918258.0,12.3,10.09,3.51,6.37
2022-01-07,605186,38.78,36.54,39.22,36.54,26981,102642596.0,7.0,-4.6,-1.76,4.05
2022-01-10,605186,36.89,37.49,37.8,36.22,13785,51194060.0,4.32,2.6,0.95,2.07
2022-01-11,605186,37.61,39.11,39.47,37.24,19438,75792574.0,5.95,4.32,1.62,2.92
2022-01-12,605186,39.6,39.15,40.05,38.44,12784,50722814.0,4.12,0.1,0.04,1.92
2022-01-13,605186,40.16,39.22,40.27,38.82,12158,48489264.0,3.7,0.18,0.07,1.82
2022-01-14,605186,38.86,41.02,41.22,38.86,21043,86171318.0,6.02,4.59,1.8,3.16
2022-01-17,605186,41.49,40.48,41.49,39.92,12442,50666491.0,3.83,-1.32,-0.54,1.87
2022-01-18,605186,40.42,40.26,41.67,39.52,16202,66350045.0,5.31,-0.54,-0.22,2.43
2022-01-19,605186,40.3,38.57,40.34,37.92,11901,46509507.0,6.01,-4.2,-1.69,1.79
2022-01-20,605186,38.47,37.05,38.92,36.24,17929,66959980.0,6.95,-3.94,-1.52,2.69
2022-01-21,605186,36.43,35.7,37.38,35.38,10467,37979671.0,5.4,-3.64,-1.35,1.57
2022-01-24,605186,35.11,36.72,37.07,35.11,7499,27401355.0,5.49,2.86,1.02,1.13
2022-01-25,605186,36.87,35.93,38.08,35.9,11181,42013992.0,5.94,-2.15,-0.79,1.68
2022-01-26,605186,35.93,34.9,36.34,34.46,7796,27681130.0,5.23,-2.87,-1.03,1.17
2022-01-27,605186,34.84,33.25,35.23,33.22,7938,27298861.0,5.76,-4.73,-1.65,1.19
2022-01-28,605186,33.38,33.65,34.38,33.05,5525,18846307.0,4.0,1.2,0.4,0.83
2022-02-07,605186,34.11,32.98,34.61,32.82,8040,27107503.0,5.32,-1.99,-0.67,1.21
2022-02-08,605186,32.99,32.57,33.2,31.98,8592,28198709.0,3.7,-1.24,-0.41,1.29
2022-02-09,605186,32.67,33.24,33.3,31.96,7278,24044574.0,4.11,2.06,0.67,1.09
2022-02-10,605186,33.02,32.6,34.0,32.57,8913,29711549.0,4.3,-1.93,-0.64,1.34
2022-02-11,605186,32.24,32.13,33.09,30.83,20985,68050151.0,6.93,-1.44,-0.47,3.15
2022-02-14,605186,32.52,30.56,32.52,30.05,15507,48107522.0,7.69,-4.89,-1.57,2.33
2022-02-15,605186,30.73,30.63,30.95,29.55,11616,35580232.0,4.58,0.23,0.07,1.74
2022-02-16,605186,30.63,31.07,31.88,30.58,10992,34419100.0,4.24,1.44,0.44,1.65
2022-02-17,605186,31.29,30.72,31.29,30.62,7535,23454344.0,2.16,-1.13,-0.35,1.13
2022-02-18,605186,30.82,31.15,31.58,30.43,6916,21634749.0,3.74,1.4,0.43,1.04
2022-02-21,605186,31.16,30.95,31.39,30.65,6970,21785943.0,2.38,-0.64,-0.2,1.05
2022-02-22,605186,31.01,30.33,31.01,30.03,4951,15192877.0,3.17,-2.0,-0.62,0.74
2022-02-23,605186,30.32,31.53,31.65,30.3,7803,24583912.0,4.45,3.96,1.2,1.17
2022-02-24,605186,31.53,31.9,32.7,31.15,15014,48614713.0,4.92,1.17,0.37,2.25
2022-02-25,605186,32.03,33.83,34.67,32.03,19813,67183958.0,8.28,6.05,1.93,2.97
2022-02-28,605186,33.85,33.0,34.22,32.18,12405,41251663.0,6.03,-2.45,-0.83,1.86
2022-03-01,605186,32.92,33.05,33.34,32.43,9344,30934676.0,2.76,0.15,0.05,1.4
2022-03-02,605186,33.05,33.02,33.61,32.45,8724,28984623.0,3.51,-0.09,-0.03,1.31
2022-03-03,605186,33.02,33.29,33.37,32.65,7451,24845624.0,2.18,0.82,0.27,1.12
2022-03-04,605186,32.96,32.89,34.32,32.82,11878,40408751.0,4.51,-1.2,-0.4,1.78
2022-03-07,605186,32.57,31.97,33.17,31.62,9089,29425914.0,4.71,-2.8,-0.92,1.36
2022-03-08,605186,32.05,34.0,34.01,30.6,23681,77900316.0,10.67,6.35,2.03,3.55
2022-03-09,605186,33.75,33.11,33.75,32.4,11689,38942450.0,3.97,-2.62,-0.89,1.75
2022-03-10,605186,33.62,32.62,34.27,32.42,25431,86300895.0,5.59,-1.48,-0.49,3.82
2022-03-11,605186,31.94,31.78,32.59,31.29,9211,29621524.0,3.99,-2.58,-0.84,1.38
2022-03-14,605186,31.75,31.5,32.07,30.92,7394,23567925.0,3.62,-0.88,-0.28,1.11
2022-03-15,605186,31.5,30.08,31.5,29.91,9172,28171990.0,5.05,-4.51,-1.42,1.38
2022-03-16,605186,30.49,30.77,30.9,29.39,6570,20038662.0,5.02,2.29,0.69,0.99
2022-03-17,605186,31.1,32.45,33.12,30.77,10853,35386936.0,7.64,5.46,1.68,1.63
2022-03-18,605186,32.42,32.12,32.56,31.46,5360,17299767.0,3.39,-1.02,-0.33,0.8
2022-03-21,605186,31.62,33.31,33.42,31.62,10970,36602023.0,5.6,3.7,1.19,1.65
2022-03-22,605186,33.18,32.01,33.18,31.89,9933,32373511.0,3.87,-3.9,-1.3,1.49
2022-03-23,605186,31.96,32.34,32.52,31.53,5719,18517783.0,3.09,1.03,0.33,0.86
2022-03-24,605186,31.85,32.12,32.37,31.57,4132,13355389.0,2.47,-0.68,-0.22,0.62
2022-03-25,605186,31.92,31.87,32.13,31.12,5498,17553653.0,3.14,-0.78,-0.25,0.83
2022-03-28,605186,31.34,30.92,31.85,30.82,4031,12678551.0,3.23,-2.98,-0.95,0.6
2022-03-29,605186,30.82,30.27,31.41,29.82,6035,18498930.0,5.14,-2.1,-0.65,0.91
2022-03-30,605186,29.84,30.32,30.57,29.84,6054,18471514.0,2.41,0.17,0.05,0.91
2022-03-31,605186,30.33,29.92,31.06,28.73,13164,39528788.0,7.68,-1.32,-0.4,1.98
2022-04-01,605186,29.72,29.25,30.02,29.2,4289,12750517.0,2.74,-2.24,-0.67,0.64
2022-04-06,605186,29.21,28.14,29.49,27.72,11155,31743371.0,6.05,-3.79,-1.11,1.67
2022-04-07,605186,28.1,27.92,29.15,27.62,7452,21147966.0,5.44,-0.78,-0.22,1.12
2022-04-08,605186,27.92,26.93,28.1,26.72,8829,24335458.0,4.94,-3.55,-0.99,1.33
2022-04-11,605186,26.93,26.09,26.93,25.73,6140,16212374.0,4.46,-3.12,-0.84,0.92
2022-04-12,605186,26.01,25.9,26.42,25.89,8763,23115006.0,2.03,-0.73,-0.19,1.32
2022-04-13,605186,25.81,24.78,25.81,24.36,14062,35304314.0,5.6,-4.32,-1.12,2.11
2022-04-14,605186,24.76,25.01,25.18,24.25,13878,34704665.0,3.75,0.93,0.23,2.08
2022-04-15,605186,24.7,24.38,25.07,24.01,10008,24640983.0,4.24,-2.52,-0.63,1.5
2022-04-18,605186,24.44,25.32,25.76,24.09,9443,24023078.0,6.85,3.86,0.94,1.42
2022-04-19,605186,25.3,25.5,26.7,25.04,12737,33489943.0,6.56,0.71,0.18,1.91
2022-04-20,605186,25.95,25.97,26.85,25.5,12527,33331069.0,5.29,1.84,0.47,1.88
2022-04-21,605186,26.07,24.92,26.38,24.72,9971,25658817.0,6.39,-4.04,-1.05,1.5
2022-04-22,605186,24.93,24.72,25.17,24.12,6214,15496759.0,4.21,-0.8,-0.2,0.93
2022-04-25,605186,25.27,23.63,25.27,23.31,7580,18359938.0,7.93,-4.41,-1.09,1.14
2022-04-26,605186,23.63,22.02,23.72,21.72,6299,14471596.0,8.46,-6.81,-1.61,0.95
2022-04-27,605186,22.02,22.45,22.64,20.24,12062,26309239.0,10.9,1.95,0.43,1.81
2022-04-28,605186,22.28,23.38,23.46,22.23,7300,16980056.0,5.48,4.14,0.93,1.1
2022-04-29,605186,23.08,23.2,24.09,22.53,13856,32498884.0,6.67,-0.77,-0.18,2.08
2022-05-05,605186,23.18,25.55,25.55,22.83,13050,32760255.0,11.72,10.13,2.35,1.96
2022-05-06,605186,25.54,26.09,27.12,24.86,19923,52982180.0,8.85,2.11,0.54,2.99
2022-05-09,605186,26.36,26.14,26.73,25.29,12526,32921866.0,5.52,0.19,0.05,1.88
2022-05-10,605186,25.48,26.47,26.79,25.48,8380,22271925.0,5.01,1.26,0.33,1.26
2022-05-11,605186,26.47,27.92,29.14,26.46,15687,44590015.0,10.12,5.48,1.45,2.35
2022-05-12,605186,27.7,27.92,28.34,27.32,8216,23098198.0,3.65,0.0,0.0,1.23
2022-05-13,605186,27.88,27.41,28.47,27.32,7075,19703130.0,4.12,-1.83,-0.51,1.06
2022-05-16,605186,27.42,26.72,27.62,26.72,7249,19879960.0,3.28,-2.52,-0.69,1.09
2022-05-17,605186,26.88,26.62,27.19,26.18,7362,19802212.0,3.78,-0.37,-0.1,1.1
2022-05-18,605186,26.62,26.72,27.02,26.43,6417,17342430.0,2.22,0.38,0.1,0.96
2022-05-19,605186,26.77,26.64,26.98,26.22,4969,13364900.0,2.84,-0.3,-0.08,0.75
2022-05-20,605186,26.72,27.27,27.3,26.64,4680,12797586.0,2.48,2.36,0.63,0.7
2022-05-23,605186,26.9,27.4,27.88,26.88,4584,12689206.0,3.67,0.48,0.13,0.69
2022-05-24,605186,27.5,25.81,27.54,25.72,5781,15624937.0,6.64,-5.8,-1.59,0.87
2022-05-25,605186,25.72,26.6,26.77,25.53,6180,16466641.0,4.8,3.06,0.79,0.93
2022-05-26,605186,26.4,26.46,26.77,25.97,4389,11711845.0,3.01,-0.53,-0.14,0.66
2022-05-27,605186,26.76,26.46,26.76,26.27,3166,8471130.0,1.85,0.0,0.0,0.48
2022-05-30,605186,26.56,26.82,26.87,26.3,2725,7326396.0,2.15,1.36,0.36,0.41
2022-05-31,605186,27.21,26.57,27.22,25.99,4780,12804488.0,4.59,-0.93,-0.25,0.72
2022-06-01,605186,26.69,27.62,28.02,26.24,9878,27111824.0,6.7,3.95,1.05,1.48
2022-06-02,605186,27.62,26.82,27.71,26.61,7249,19698687.0,3.98,-2.9,-0.8,1.09
2022-06-06,605186,27.06,28.46,28.5,26.97,10364,29324291.0,5.7,6.11,1.64,1.56
2022-06-07,605186,28.32,27.85,29.01,27.78,6871,19462482.0,4.32,-2.14,-0.61,1.03
2022-06-08,605186,27.66,29.37,30.42,27.52,23175,68051123.0,10.41,5.46,1.52,3.48
2022-06-09,605186,29.12,28.55,29.73,28.51,9532,27844468.0,4.15,-2.79,-0.82,1.43
2022-06-10,605186,28.56,28.53,29.19,27.8,8758,25265206.0,4.87,-0.07,-0.02,1.31
2022-06-13,605186,28.19,28.64,28.79,27.92,10756,30789217.0,3.05,0.39,0.11,1.61
2022-06-14,605186,28.48,28.68,28.89,28.02,6658,19136177.0,3.04,0.14,0.04,1.0
2022-06-15,605186,28.69,29.22,29.77,27.52,20618,59479596.0,7.85,1.88,0.54,3.09
2022-06-16,605186,28.93,30.07,31.21,28.92,17524,53407859.0,7.84,2.91,0.85,2.63
2022-06-17,605186,29.51,30.26,30.55,29.45,9805,29967657.0,3.66,0.63,0.19,1.47
2022-06-20,605186,30.26,29.53,30.9,29.39,7697,23094971.0,4.99,-2.41,-0.73,1.16
2022-06-21,605186,29.56,28.87,29.56,28.36,13261,38621194.0,4.06,-2.24,-0.66,1.99
2022-06-22,605186,29.05,28.9,30.08,28.2,9693,28503379.0,6.51,0.1,0.03,1.45
2022-06-23,605186,29.32,29.92,30.28,28.92,8492,25468064.0,4.71,3.53,1.02,1.27
2022-06-24,605186,29.84,31.06,31.46,29.77,8327,25931259.0,5.65,3.81,1.14,1.25
2022-06-27,605186,31.28,30.89,31.42,30.52,8915,27781575.0,2.9,-0.55,-0.17,1.34
2022-06-28,605186,30.89,30.51,31.0,30.38,5614,17361053.0,2.01,-1.23,-0.38,0.84
2022-06-29,605186,30.56,29.42,30.56,29.32,7400,22191412.0,4.06,-3.57,-1.09,1.11
2022-06-30,605186,29.47,30.46,31.09,29.47,9654,29729928.0,5.51,3.54,1.04,1.45
2022-07-01,605186,30.42,30.77,31.29,30.18,8953,27845532.0,3.64,1.02,0.31,1.34
2022-07-04,605186,31.05,30.5,31.05,30.04,7055,21628249.0,3.28,-0.88,-0.27,1.06
2022-07-05,605186,30.23,30.55,30.8,29.62,5885,17937961.0,3.87,0.16,0.05,0.88
2022-07-06,605186,30.24,30.08,31.0,29.85,4264,13056250.0,3.76,-1.54,-0.47,0.64
2022-07-07,605186,29.83,29.22,30.39,29.21,4260,12748481.0,3.92,-2.86,-0.86,0.64
2022-07-08,605186,29.23,28.92,29.67,28.77,6501,19074326.0,3.08,-1.03,-0.3,0.98
2022-07-11,605186,28.57,28.92,29.39,28.04,4855,14039463.0,4.67,0.0,0.0,0.73
2022-07-12,605186,28.92,28.32,29.01,27.92,9312,26680921.0,3.77,-2.07,-0.6,1.4
2022-07-13,605186,28.23,27.63,28.55,27.44,5136,14476044.0,3.92,-2.44,-0.69,0.77
2022-07-14,605186,27.54,27.31,28.31,26.99,7400,20582809.0,4.78,-1.16,-0.32,1.11
2022-07-15,605186,27.11,27.68,28.49,26.89,7733,21661827.0,5.86,1.35,0.37,1.16
2022-07-18,605186,27.6,28.06,28.12,27.22,4639,12995223.0,3.25,1.37,0.38,0.7
2022-07-19,605186,28.27,28.52,28.56,27.27,9075,25659420.0,4.6,1.64,0.46,1.36
2022-07-20,605186,28.53,31.4,31.4,28.53,15972,49285616.0,10.06,10.1,2.88,2.4
2022-07-21,605186,30.77,33.31,34.02,30.77,36835,122392384.0,10.35,6.08,1.91,5.53
2022-07-22,605186,33.38,32.49,33.81,31.96,15482,51618166.0,5.55,-2.46,-0.82,2.32
2022-07-25,605186,32.16,30.52,32.33,30.1,14791,46247449.0,6.86,-6.06,-1.97,2.22
2022-07-26,605186,30.47,30.47,30.8,29.73,12857,39195753.0,3.51,-0.16,-0.05,1.93
2022-07-27,605186,30.84,31.85,32.0,30.02,17578,55107752.0,6.5,4.53,1.38,2.64
2022-07-28,605186,32.51,32.56,33.88,31.87,25178,83843990.0,6.31,2.23,0.71,3.78
2022-07-29,605186,32.48,31.08,32.75,31.08,9804,31362220.0,5.13,-4.55,-1.48,1.47
2022-08-01,605186,31.99,32.36,33.22,30.22,13890,44751572.0,9.65,4.12,1.28,2.08
2022-08-02,605186,31.94,31.14,31.99,30.88,9013,28501694.0,3.43,-3.77,-1.22,1.35
2022-08-03,605186,31.65,30.48,32.47,30.23,7815,24539831.0,7.19,-2.12,-0.66,1.17
2022-08-04,605186,30.7,31.63,32.24,30.7,14196,45082526.0,5.05,3.77,1.15,2.13
2022-08-05,605186,33.72,32.01,33.72,30.72,14494,46509457.0,9.48,1.2,0.38,2.18
2022-08-08,605186,32.0,32.92,33.67,31.26,10697,35477177.0,7.53,2.84,0.91,1.61
2022-08-09,605186,33.68,32.64,35.15,32.12,11169,37151695.0,9.2,-0.85,-0.28,1.68
2022-08-10,605186,32.59,32.53,33.33,31.82,9136,29896158.0,4.63,-0.34,-0.11,1.37
2022-08-11,605186,32.54,32.5,33.18,32.12,9016,29705634.0,3.26,-0.09,-0.03,1.35
2022-08-12,605186,32.56,31.63,33.05,31.54,6926,22366241.0,4.65,-2.68,-0.87,1.04
2022-08-15,605186,31.62,33.55,34.17,30.94,13576,45054639.0,10.21,6.07,1.92,2.04
2022-08-16,605186,33.78,33.65,33.78,32.68,13495,45148264.0,3.28,0.3,0.1,2.03
2022-08-17,605186,33.66,34.09,34.3,33.53,12262,41934695.0,2.29,1.31,0.44,1.84
2022-08-18,605186,34.09,35.62,36.28,33.72,14740,52445000.0,7.51,4.49,1.53,2.21
2022-08-19,605186,35.6,35.6,36.35,34.73,9327,33349035.0,4.55,-0.06,-0.02,1.4
2022-08-22,605186,35.27,34.41,35.98,34.07,9714,34044912.0,5.37,-3.34,-1.19,1.46
2022-08-23,605186,34.12,34.41,36.49,34.12,14300,50744406.0,6.89,0.0,0.0,2.15
2022-08-24,605186,34.22,31.77,34.32,31.42,20351,66192259.0,8.43,-7.67,-2.64,3.05
2022-08-25,605186,31.86,31.55,32.19,31.01,6918,21875152.0,3.71,-0.69,-0.22,1.04
2022-08-26,605186,31.56,33.39,33.66,31.51,8817,29247127.0,6.81,5.83,1.84,1.32
2022-08-29,605186,32.99,32.87,33.61,31.84,4412,14632963.0,5.3,-1.56,-0.52,0.66
2022-08-30,605186,33.28,32.27,33.28,31.7,3387,11011957.0,4.81,-1.83,-0.6,0.51
2022-08-31,605186,32.26,33.72,35.52,31.77,38785,133885582.0,11.62,4.49,1.45,5.82
2022-09-01,605186,31.43,31.83,33.15,31.39,26583,86151950.0,5.22,-5.6,-1.89,3.99
2022-09-02,605186,31.23,32.66,33.61,31.23,13090,43075610.0,7.48,2.61,0.83,1.96
2022-09-05,605186,32.61,31.05,32.77,30.89,11740,37234903.0,5.76,-4.93,-1.61,1.76
2022-09-06,605186,31.08,32.01,32.25,30.09,10865,34391656.0,6.96,3.09,0.96,1.63
2022-09-07,605186,32.11,31.53,32.64,31.34,5291,16976474.0,4.06,-1.5,-0.48,0.79
2022-09-08,605186,31.33,33.72,34.7,31.33,35121,118280570.0,10.69,6.95,2.19,5.27
2022-09-09,605186,33.8,33.72,34.06,32.41,16066,53914690.0,4.89,0.0,0.0,2.41
2022-09-13,605186,33.71,33.92,34.58,33.21,10945,37511753.0,4.06,0.59,0.2,1.64
2022-09-14,605186,33.41,33.3,33.99,32.97,8408,28176765.0,3.01,-1.83,-0.62,1.26
2022-09-15,605186,33.95,32.61,33.95,31.91,8767,28714085.0,6.13,-2.07,-0.69,1.32
2022-09-16,605186,32.33,31.47,33.01,31.32,8243,26631405.0,5.18,-3.5,-1.14,1.24
2022-09-19,605186,31.47,31.61,32.58,31.02,9813,31211923.0,4.96,0.44,0.14,1.47
2022-09-20,605186,31.66,32.4,32.71,30.81,5749,18537294.0,6.01,2.5,0.79,0.86
2022-09-21,605186,32.16,31.33,32.55,30.64,9177,28999928.0,5.9,-3.3,-1.07,1.38
2022-09-22,605186,31.1,30.61,31.96,30.39,6717,20975169.0,5.01,-2.3,-0.72,1.01
2022-09-23,605186,30.74,29.42,30.8,29.07,9350,27940244.0,5.65,-3.89,-1.19,1.4
2022-09-26,605186,29.14,29.48,30.13,28.9,4669,13929617.0,4.18,0.2,0.06,0.7
2022-09-27,605186,29.66,32.45,32.45,29.48,18826,59173953.0,10.07,10.07,2.97,2.83
2022-09-28,605186,32.57,31.81,33.49,31.64,14781,48445184.0,5.7,-1.97,-0.64,2.22
2022-09-29,605186,32.44,34.46,35.01,32.44,57848,200920108.0,8.08,8.33,2.65,8.68
2022-09-30,605186,34.63,33.16,35.01,32.64,42091,142791022.0,6.88,-3.77,-1.3,6.32
2022-10-10,605186,33.83,36.31,36.5,33.18,47238,171395956.0,10.01,9.5,3.15,7.09
2022-10-11,605186,35.93,35.01,36.21,34.52,33437,118056944.0,4.65,-3.58,-1.3,5.02
2022-10-12,605186,35.01,36.18,36.81,33.84,26938,94922995.0,8.48,3.34,1.17,4.04
2022-10-13,605186,35.51,38.71,39.47,35.51,32466,122944544.0,10.95,6.99,2.53,4.87
2022-10-14,605186,38.95,42.6,42.6,37.62,39651,163733413.0,12.86,10.05,3.89,5.95
2022-10-17,605186,42.31,43.27,45.6,41.98,41388,180623403.0,8.5,1.57,0.67,6.21
2022-10-18,605186,43.11,43.81,44.71,41.53,23380,102577630.0,7.35,1.25,0.54,3.51
2022-10-19,605186,44.01,41.72,44.41,39.9,39491,163767385.0,10.29,-4.77,-2.09,5.93
2022-10-20,605186,41.19,40.31,41.56,39.58,47829,194666894.0,4.75,-3.38,-1.41,7.18
2022-10-21,605186,39.66,41.61,42.31,38.94,39887,162915321.0,8.36,3.23,1.3,5.99
2022-10-24,605186,40.99,37.61,42.78,37.43,70201,275302234.0,12.86,-9.61,-4.0,10.54
2022-10-25,605186,37.25,35.8,37.25,33.84,66469,235663465.0,9.07,-4.81,-1.81,9.98
2022-10-26,605186,35.58,38.21,38.81,35.27,41128,155402203.0,9.89,6.73,2.41,6.17
2022-10-27,605186,37.21,36.2,38.2,36.11,35465,131150571.0,5.47,-5.26,-2.01,5.32
2022-10-28,605186,36.2,35.48,36.91,34.43,28321,100912204.0,6.85,-1.99,-0.72,4.25
2022-10-31,605186,35.03,36.5,37.01,34.93,19927,72582112.0,5.86,2.87,1.02,2.99
2022-11-01,605186,36.79,36.68,37.19,34.73,21810,78785211.0,6.74,0.49,0.18,3.27
2022-11-02,605186,36.45,35.92,37.26,35.53,29643,108347647.0,4.72,-2.07,-0.76,4.45
2022-11-03,605186,35.21,38.04,38.69,35.11,29429,109885676.0,9.97,5.9,2.12,4.42
2022-11-04,605186,38.04,37.8,38.3,36.98,21935,82728179.0,3.47,-0.63,-0.24,3.29
2022-11-07,605186,37.33,37.37,38.5,36.92,21310,80690495.0,4.18,-1.14,-0.43,3.2
2022-11-08,605186,37.66,38.56,39.24,36.74,26923,103658859.0,6.69,3.18,1.19,4.04
2022-11-09,605186,38.01,39.4,40.3,37.82,21340,84323333.0,6.43,2.18,0.84,3.2
2022-11-10,605186,39.4,40.28,42.27,39.08,33659,138355430.0,8.1,2.23,0.88,5.05
2022-11-11,605186,40.88,39.49,40.93,39.09,26431,105435845.0,4.57,-1.96,-0.79,3.97
2022-11-14,605186,39.08,38.66,40.31,38.41,21059,82707636.0,4.81,-2.1,-0.83,3.16
2022-11-15,605186,39.07,38.81,40.41,38.18,17555,68705708.0,5.77,0.39,0.15,2.63
2022-11-16,605186,39.34,38.47,40.41,37.7,27290,107653826.0,6.98,-0.88,-0.34,4.1
2022-11-17,605186,38.09,37.41,38.68,36.66,28031,105602452.0,5.25,-2.76,-1.06,4.21
2022-11-18,605186,38.12,38.3,40.39,37.76,38785,152746033.0,7.03,2.38,0.89,5.82
2022-11-21,605186,37.38,38.15,38.81,37.06,22541,85791136.0,4.57,-0.39,-0.15,3.38
2022-11-22,605186,38.31,36.38,38.31,36.12,16296,60492588.0,5.74,-4.64,-1.77,2.45
2022-11-23,605186,36.21,36.68,36.76,35.61,12313,44718560.0,3.16,0.82,0.3,1.85
2022-11-24,605186,36.16,36.71,37.26,36.16,11507,42421849.0,3.0,0.08,0.03,1.73
2022-11-25,605186,36.96,35.95,36.96,35.41,15488,55905707.0,4.22,-2.07,-0.76,2.32
2022-11-28,605186,35.31,35.8,36.81,35.14,13864,50129290.0,4.65,-0.42,-0.15,2.08
2022-11-29,605186,35.6,34.51,36.79,34.21,40562,143710372.0,7.21,-3.6,-1.29,6.09
2022-11-30,605186,34.81,33.93,34.99,33.84,29792,102806416.0,3.33,-1.68,-0.58,4.47
2022-12-01,605186,34.02,34.85,35.01,33.82,22565,78138799.0,3.51,2.71,0.92,3.39
2022-12-02,605186,34.67,34.69,35.21,34.27,13702,47885716.0,2.7,-0.46,-0.16,2.06
2022-12-05,605186,34.81,34.57,35.71,33.92,28223,98552966.0,5.16,-0.35,-0.12,4.24
2022-12-06,605186,35.2,36.0,36.82,33.87,41341,147872090.0,8.53,4.14,1.43,6.2
2022-12-07,605186,35.81,38.03,39.01,35.62,41066,155793211.0,9.42,5.64,2.03,6.16
2022-12-08,605186,37.8,36.16,38.27,35.89,25655,94702668.0,6.26,-4.92,-1.87,3.85
2022-12-09,605186,36.45,37.28,39.8,36.45,37699,143609435.0,9.26,3.1,1.12,5.66
2022-12-12,605186,37.93,36.41,39.56,36.0,50023,189716635.0,9.55,-2.33,-0.87,7.51
2022-12-13,605186,36.12,35.26,36.55,34.51,26848,94836920.0,5.6,-3.16,-1.15,4.03
2022-12-14,605186,35.26,34.31,35.26,34.09,21263,73633260.0,3.32,-2.69,-0.95,3.19
2022-12-15,605186,34.18,33.51,34.31,33.37,19597,66310069.0,2.74,-2.33,-0.8,2.94
2022-12-16,605186,33.51,32.49,33.56,32.07,14988,49254474.0,4.45,-3.04,-1.02,2.25
2022-12-19,605186,32.47,30.97,32.47,30.63,19476,61116640.0,5.66,-4.68,-1.52,2.92
2022-12-20,605186,30.97,31.21,31.35,30.33,12705,39607617.0,3.29,0.77,0.24,1.91
2022-12-21,605186,31.22,30.71,31.4,30.44,6982,21574497.0,3.08,-1.6,-0.5,1.05
2022-12-22,605186,30.7,31.46,31.53,30.26,13090,40765106.0,4.14,2.44,0.75,1.96
2022-12-23,605186,32.69,31.31,32.69,29.9,17689,55384757.0,8.87,-0.48,-0.15,2.65
2022-12-26,605186,31.29,31.11,32.25,30.51,19917,63268262.0,5.56,-0.64,-0.2,2.99
2022-12-27,605186,30.74,31.19,31.35,30.46,15655,48802463.0,2.86,0.26,0.08,2.35
2022-12-28,605186,31.0,30.24,31.61,30.19,13028,40492209.0,4.55,-3.05,-0.95,1.96
2022-12-29,605186,30.43,31.12,31.37,30.43,13641,42742786.0,3.11,2.91,0.88,2.05
2022-12-30,605186,31.32,29.91,31.32,29.21,21794,65720821.0,6.78,-3.89,-1.21,3.27
2023-01-03,605186,29.85,31.81,32.9,29.85,24752,78842886.0,10.2,6.35,1.9,3.71
2023-01-04,605186,32.42,31.81,32.42,31.12,7462,23828765.0,4.09,0.0,0.0,1.12
2023-01-05,605186,31.63,34.12,34.81,31.63,45092,152921181.0,10.0,7.26,2.31,6.77
2023-01-06,605186,34.49,33.89,34.6,33.52,13949,47775260.0,3.17,-0.67,-0.23,2.09
2023-01-09,605186,33.75,34.42,35.03,33.65,15217,52810217.0,4.07,1.56,0.53,2.28
2023-01-10,605186,34.38,34.5,34.68,33.88,8118,28038929.0,2.32,0.23,0.08,1.22
2023-01-11,605186,34.21,33.96,34.71,33.89,9034,30975634.0,2.38,-1.57,-0.54,1.36
2023-01-12,605186,34.21,33.89,34.51,33.71,7530,25773086.0,2.36,-0.21,-0.07,1.13
2023-01-13,605186,33.8,34.26,34.38,32.92,9212,31537594.0,4.31,1.09,0.37,1.38
2023-01-16,605186,34.26,33.73,34.81,33.61,14085,48330771.0,3.5,-1.55,-0.53,2.11
2023-01-17,605186,33.73,33.2,34.11,32.81,11595,38919194.0,3.85,-1.57,-0.53,1.74
2023-01-18,605186,33.46,33.18,33.76,32.98,8791,29404980.0,2.35,-0.06,-0.02,1.32
2023-01-19,605186,33.01,34.81,35.7,32.94,16039,55853080.0,8.32,4.91,1.63,2.41
2023-01-20,605186,34.72,34.42,35.12,34.22,8048,27917297.0,2.59,-1.12,-0.39,1.21
2023-01-30,605186,34.68,33.63,34.81,33.35,14879,50447884.0,4.24,-2.3,-0.79,2.23
2023-01-31,605186,33.63,32.83,33.98,32.77,16565,55152400.0,3.6,-2.38,-0.8,2.49
2023-02-01,605186,32.9,32.81,33.14,31.99,23092,75360180.0,3.5,-0.06,-0.02,3.47
2023-02-02,605186,32.89,32.6,33.33,32.31,26498,86890165.0,3.11,-0.64,-0.21,3.98
2023-02-03,605186,32.42,32.12,32.47,31.68,18510,59486155.0,2.42,-1.47,-0.48,2.78
2023-02-06,605186,32.18,31.1,32.18,30.07,32922,102671387.0,6.57,-3.18,-1.02,4.94
2023-02-07,605186,31.1,30.89,31.27,30.53,18181,56410065.0,2.38,-0.68,-0.21,2.73
2023-02-08,605186,30.69,30.73,31.34,30.63,20003,62184171.0,2.3,-0.52,-0.16,3.0
2023-02-09,605186,30.66,30.86,31.05,30.49,16224,50269490.0,1.82,0.42,0.13,2.43
2023-02-10,605186,30.88,30.88,31.09,30.68,18508,57465823.0,1.33,0.06,0.02,2.78
2023-02-13,605186,30.99,32.45,32.62,30.84,50140,161608050.0,5.76,5.08,1.57,7.52
2023-02-14,605186,32.44,32.1,32.44,30.81,30344,97386437.0,5.02,-1.08,-0.35,4.55
2023-02-15,605186,31.81,31.45,32.1,31.41,15793,50306004.0,2.15,-2.02,-0.65,2.37
2023-02-16,605186,31.51,31.66,33.15,31.23,44885,146221238.0,6.1,0.67,0.21,6.74
2023-02-17,605186,32.41,31.79,32.58,31.39,31844,102322546.0,3.76,0.41,0.13,4.78
2023-02-20,605186,31.35,31.01,31.76,29.99,27407,84190156.0,5.57,-2.45,-0.78,4.11
2023-02-21,605186,30.93,30.36,31.11,30.09,26530,81406976.0,3.29,-2.1,-0.65,3.98
2023-02-22,605186,30.29,30.39,30.8,30.06,17340,53129286.0,2.44,0.1,0.03,2.6
2023-02-23,605186,30.39,30.72,30.96,30.32,14363,44216662.0,2.11,1.09,0.33,2.16
2023-02-24,605186,30.53,30.33,30.86,30.22,8669,26557156.0,2.08,-1.27,-0.39,1.3
2023-02-27,605186,30.33,29.86,30.46,29.84,12597,38056946.0,2.04,-1.55,-0.47,1.89
2023-02-28,605186,29.86,30.14,30.41,29.83,7979,24210648.0,1.94,0.94,0.28,1.2
2023-03-01,605186,30.19,30.03,30.31,29.91,9742,29441507.0,1.33,-0.36,-0.11,1.46
2023-03-02,605186,30.07,31.62,31.99,30.07,54798,172230715.0,6.39,5.29,1.59,8.22
2023-03-03,605186,31.37,31.78,32.31,31.04,26073,83082354.0,4.02,0.51,0.16,3.91
2023-03-06,605186,31.78,30.69,32.07,30.36,35611,111194877.0,5.38,-3.43,-1.09,5.34
2023-03-07,605186,30.61,29.79,30.89,29.76,21054,63776313.0,3.68,-2.93,-0.9,3.16
2023-03-08,605186,29.8,30.05,30.11,29.47,14200,42587519.0,2.15,0.87,0.26,2.13
2023-03-09,605186,30.14,29.56,30.14,29.56,11331,33978238.0,1.93,-1.63,-0.49,1.7
2023-03-10,605186,29.52,28.71,29.55,28.69,13658,40001852.0,2.91,-2.88,-0.85,2.05
2023-03-13,605186,29.19,30.1,30.55,28.89,29259,88604398.0,5.78,4.84,1.39,4.39
2023-03-14,605186,30.08,29.02,30.44,28.45,24426,71572411.0,6.61,-3.59,-1.08,3.67
2023-03-15,605186,29.06,28.63,29.57,28.53,14785,43080295.0,3.58,-1.34,-0.39,2.22
2023-03-16,605186,28.53,28.37,28.8,28.32,13324,38168599.0,1.68,-0.91,-0.26,2.0
2023-03-17,605186,28.51,28.29,28.7,27.81,17080,48596081.0,3.14,-0.28,-0.08,2.56
2023-03-20,605186,28.29,30.21,31.11,27.91,52958,159479576.0,11.31,6.79,1.92,7.95
2023-03-21,605186,31.31,31.71,32.0,30.32,59366,187353856.0,5.56,4.97,1.5,8.91
2023-03-22,605186,31.59,31.66,31.85,31.16,26451,83940114.0,2.18,-0.16,-0.05,3.97
2023-03-23,605186,31.75,32.99,34.01,31.32,59612,196539178.0,8.5,4.2,1.33,8.95
2023-03-24,605186,33.52,32.69,34.3,32.31,34117,113300071.0,6.03,-0.91,-0.3,5.12
2023-03-27,605186,32.81,32.11,34.29,31.42,46977,155427104.0,8.78,-1.77,-0.58,7.05
2023-03-28,605186,33.2,33.11,34.3,31.82,62307,208107737.0,7.72,3.11,1.0,9.35
2023-03-29,605186,33.28,35.55,36.15,32.91,88453,309305314.0,9.79,7.37,2.44,13.27
2023-03-30,605186,35.56,32.81,35.56,32.49,67426,229303571.0,8.64,-7.71,-2.74,10.12
2023-03-31,605186,32.81,36.11,36.11,32.81,58101,202268552.0,10.06,10.06,3.3,8.72
2023-04-03,605186,37.01,37.96,39.74,35.8,113691,428562439.0,10.91,5.12,1.85,17.06
2023-04-04,605186,38.4,41.42,41.78,37.96,95403,387733220.0,10.06,9.11,3.46,14.32
2023-04-06,605186,39.81,40.32,42.59,39.81,68742,283680345.0,6.71,-2.66,-1.1,10.32
2023-04-07,605186,40.8,40.75,41.17,39.13,56496,227263356.0,5.06,1.07,0.43,8.48
2023-04-10,605186,40.81,39.38,44.0,38.76,70457,291480342.0,12.86,-3.36,-1.37,10.57
2023-04-11,605186,39.61,40.01,40.92,38.71,44970,179461852.0,5.61,1.6,0.63,6.75
2023-04-12,605186,40.39,43.21,44.03,40.01,78357,334733368.0,10.05,8.0,3.2,11.76
2023-04-13,605186,42.64,43.66,44.97,41.83,58608,256022911.0,7.27,1.04,0.45,8.8
2023-04-14,605186,43.12,43.25,43.83,41.41,50262,216052577.0,5.54,-0.94,-0.41,7.54
2023-04-17,605186,43.42,44.5,46.48,43.42,59734,270174951.0,7.08,2.89,1.25,8.96
2023-04-18,605186,45.2,44.3,45.21,42.81,32341,143214599.0,5.39,-0.45,-0.2,4.85
2023-04-19,605186,43.37,43.46,44.81,42.61,37854,165398770.0,4.97,-1.9,-0.84,5.68
2023-04-20,605186,43.61,44.55,46.46,43.46,65429,293740018.0,6.9,2.51,1.09,9.82
2023-04-21,605186,45.3,45.91,46.45,44.55,64032,293097312.0,4.26,3.05,1.36,9.61
2023-04-24,605186,45.71,44.31,46.71,43.91,47145,214634053.0,6.1,-3.49,-1.6,7.08
2023-04-25,605186,44.3,43.03,44.78,41.07,80887,347409535.0,8.37,-2.89,-1.28,12.14
2023-04-26,605186,42.81,41.9,43.44,41.38,37928,161156059.0,4.79,-2.63,-1.13,5.69
2023-04-27,605186,42.21,44.35,45.89,41.81,50531,226300897.0,9.74,5.85,2.45,7.58
2023-04-28,605186,43.65,46.63,48.4,43.21,44752,205174971.0,11.7,5.14,2.28,6.72
2023-05-04,605186,46.56,47.1,48.01,45.42,38672,182224175.0,5.55,1.01,0.47,5.8
2023-05-05,605186,47.51,45.21,47.55,45.01,27391,125746085.0,5.39,-4.01,-1.89,4.11
2023-05-08,605186,46.81,47.21,49.75,43.81,70043,326286446.0,13.14,4.42,2.0,10.51
2023-05-09,605186,45.6,44.05,47.49,43.91,51075,234745022.0,7.58,-6.69,-3.16,7.67
2023-05-10,605186,44.72,43.19,44.72,42.44,50684,219813715.0,5.18,-1.95,-0.86,7.61
2023-05-11,605186,43.18,42.81,45.59,42.71,57767,255235265.0,6.67,-0.88,-0.38,8.67
2023-05-12,605186,42.81,42.31,43.47,41.14,46776,198025374.0,5.44,-1.17,-0.5,7.02
2023-05-15,605186,43.11,41.17,43.11,40.58,25334,105020227.0,5.98,-2.69,-1.14,3.8
2023-05-16,605186,41.17,40.42,42.03,39.81,25293,103723484.0,5.39,-1.82,-0.75,3.8
2023-05-17,605186,40.41,39.84,42.81,39.64,46176,188699836.0,7.84,-1.43,-0.58,6.93
2023-05-18,605186,39.83,39.37,40.21,38.87,30003,119193187.0,3.36,-1.18,-0.47,4.5
2023-05-19,605186,38.87,41.02,41.82,38.87,33454,136224223.0,7.49,4.19,1.65,5.02
2023-05-22,605186,40.86,40.02,41.41,39.51,15574,62903916.0,4.63,-2.44,-1.0,2.34
2023-05-23,605186,40.09,39.32,40.5,39.11,17943,71310482.0,3.47,-1.75,-0.7,2.69
2023-05-24,605186,39.2,41.27,42.11,38.71,39510,161789747.0,8.65,4.96,1.95,5.93
2023-05-25,605186,40.87,40.11,41.94,39.49,32024,130367487.0,5.94,-2.81,-1.16,4.81
2023-05-26,605186,39.75,42.54,43.27,39.53,40902,171744608.0,9.32,6.06,2.43,6.14
2023-05-29,605186,42.81,41.78,43.11,41.32,29335,124060283.0,4.21,-1.79,-0.76,4.4
2023-05-30,605186,41.77,43.81,44.39,41.12,42648,183495187.0,7.83,4.86,2.03,6.4
2023-05-31,605186,43.81,45.21,45.81,43.63,51036,230817268.0,4.98,3.2,1.4,7.66
2023-06-01,605186,44.81,43.81,46.69,43.71,34955,157243686.0,6.59,-3.1,-1.4,5.25
2023-06-02,605186,44.03,43.32,44.29,43.12,17052,74495176.0,2.67,-1.12,-0.49,2.56
2023-06-05,605186,43.46,44.46,45.04,42.95,32113,142494369.0,4.82,2.63,1.14,4.82
2023-06-06,605186,44.51,44.31,46.61,43.31,42255,191937613.0,7.42,-0.34,-0.15,6.34
2023-06-07,605186,43.57,45.51,46.27,42.81,32665,147792580.0,7.81,2.71,1.2,4.9
2023-06-08,605186,45.81,45.11,46.0,43.82,15874,71118357.0,4.79,-0.88,-0.4,2.38
2023-06-09,605186,45.11,47.02,48.94,45.09,53415,253441888.0,8.53,4.23,1.91,8.02
2023-06-12,605186,47.01,46.54,47.23,45.33,34626,160474880.0,4.04,-1.02,-0.48,5.2
2023-06-13,605186,47.66,46.46,49.35,44.87,31990,151318526.0,9.63,-0.17,-0.08,4.8
2023-06-14,605186,46.8,51.13,51.13,46.06,87836,442831056.0,10.91,10.05,4.67,13.18
2023-06-15,605186,51.05,50.53,52.08,49.81,55980,285911026.0,4.44,-1.17,-0.6,8.4
2023-06-16,605186,50.22,50.21,50.92,49.47,32187,162197498.0,2.87,-0.63,-0.32,4.83
2023-06-19,605186,50.18,54.13,55.25,49.22,78590,421005557.0,12.01,7.81,3.92,11.79
2023-06-20,605186,54.9,53.7,56.42,51.97,60216,325583811.0,8.22,-0.79,-0.43,9.04
2023-06-21,605186,53.7,54.59,55.36,51.14,39074,210342554.0,7.86,1.66,0.89,5.86
2023-06-26,605186,54.46,50.74,55.97,50.09,46084,241003490.0,10.77,-7.05,-3.85,6.92
2023-06-27,605186,51.45,49.92,51.45,48.81,32984,165127613.0,5.2,-1.62,-0.82,4.95
2023-06-28,605186,50.23,48.31,50.23,47.2,30475,147552211.0,6.07,-3.23,-1.61,4.57
2023-06-29,605186,48.38,48.91,49.67,47.51,36281,177391671.0,4.47,1.24,0.6,5.45
2023-06-30,605186,48.81,49.31,50.81,48.16,36946,183018357.0,5.42,0.82,0.4,5.54
2023-07-03,605186,50.57,50.51,50.57,47.23,31699,156029025.0,6.77,2.43,1.2,4.76
2023-07-04,605186,50.01,51.42,52.09,48.59,25003,127321199.0,6.93,1.8,0.91,3.75
2023-07-05,605186,51.19,51.81,52.1,50.49,15055,77529871.0,3.13,0.76,0.39,2.26
2023-07-06,605186,50.93,51.79,52.11,50.17,18194,93623966.0,3.74,-0.04,-0.02,2.73
2023-07-07,605186,51.35,50.76,51.35,49.51,13397,67813337.0,3.55,-1.99,-1.03,2.01
2023-07-10,605186,50.5,48.54,50.5,47.01,31461,151556326.0,6.88,-4.37,-2.22,4.72
2023-07-11,605186,47.81,47.31,47.99,45.93,30962,145644590.0,4.24,-2.53,-1.23,4.65
2023-07-12,605186,46.82,44.3,46.89,43.44,53062,237458029.0,7.29,-6.36,-3.01,7.96
2023-07-13,605186,43.76,43.34,44.11,42.41,38839,168020991.0,3.84,-2.17,-0.96,5.83
2023-07-14,605186,43.14,44.71,45.31,42.41,33707,148913323.0,6.69,3.16,1.37,5.06
2023-07-17,605186,44.03,44.64,44.66,43.11,21391,94589152.0,3.47,-0.16,-0.07,3.21
2023-07-18,605186,44.3,44.31,45.51,43.81,20849,93062015.0,3.81,-0.74,-0.33,3.13
2023-07-19,605186,44.29,43.72,44.29,43.18,13396,58732785.0,2.51,-1.33,-0.59,2.01
2023-07-20,605186,44.49,43.27,44.57,42.94,10342,45248476.0,3.73,-1.03,-0.45,1.55
2023-07-21,605186,42.78,43.26,43.36,42.52,6935,29914194.0,1.94,-0.02,-0.01,1.04
2023-07-24,605186,42.4,44.81,45.05,42.39,22293,99238050.0,6.15,3.58,1.55,3.35
2023-07-25,605186,45.28,43.81,45.55,42.81,26719,117901528.0,6.11,-2.23,-1.0,4.01
2023-07-26,605186,44.33,45.09,46.11,44.33,27239,123841591.0,4.06,2.92,1.28,4.09
2023-07-27,605186,45.09,44.46,45.61,43.81,19185,85820183.0,3.99,-1.4,-0.63,2.88
2023-07-28,605186,43.98,44.81,44.81,43.41,17089,75736596.0,3.15,0.79,0.35,2.56
2023-07-31,605186,44.35,41.0,44.41,40.31,50424,206936579.0,9.15,-8.5,-3.81,7.57
2023-08-01,605186,40.63,40.27,40.8,39.57,27061,109045226.0,3.0,-1.78,-0.73,4.06
2023-08-02,605186,40.27,39.33,40.38,38.91,26817,106177410.0,3.65,-2.33,-0.94,4.02
2023-08-03,605186,40.32,39.13,40.32,38.44,24368,95793770.0,4.78,-0.51,-0.2,3.66
2023-08-04,605186,39.08,39.6,39.81,38.69,14934,58651964.0,2.86,1.2,0.47,2.24
2023-08-07,605186,39.19,38.77,39.41,37.31,27189,104706937.0,5.3,-2.1,-0.83,4.08
2023-08-08,605186,38.56,38.56,38.56,37.65,21828,83433880.0,2.35,-0.54,-0.21,3.28
2023-08-09,605186,38.06,38.56,39.08,37.55,20018,77208762.0,3.97,0.0,0.0,3.0
2023-08-10,605186,38.2,38.66,38.78,37.69,15801,60708902.0,2.83,0.26,0.1,2.37
2023-08-11,605186,38.66,39.47,40.05,38.23,26569,104638643.0,4.71,2.1,0.81,3.99
2023-08-14,605186,39.31,38.52,39.46,37.01,31623,120941552.0,6.21,-2.41,-0.95,4.75
2023-08-15,605186,38.57,36.81,38.57,36.76,23560,88384808.0,4.7,-4.44,-1.71,3.54
2023-08-16,605186,36.91,37.14,37.96,36.39,21176,79556938.0,4.27,0.9,0.33,3.18
2023-08-17,605186,37.31,37.81,38.0,36.62,15661,59063910.0,3.72,1.8,0.67,2.35
2023-08-18,605186,37.56,35.81,37.91,35.81,19613,72228390.0,5.55,-5.29,-2.0,2.94
2023-08-21,605186,35.91,35.56,36.71,35.36,16991,61472563.0,3.77,-0.7,-0.25,2.55
2023-08-22,605186,35.91,36.11,36.16,34.61,19288,68701016.0,4.36,1.55,0.55,2.89
2023-08-23,605186,35.62,34.79,35.76,34.46,10713,37713721.0,3.6,-3.66,-1.32,1.61
2023-08-24,605186,35.08,34.81,35.47,34.07,12475,43721763.0,4.02,0.06,0.02,1.87
2023-08-25,605186,34.84,34.42,34.9,33.95,11244,38777810.0,2.73,-1.12,-0.39,1.69
2023-08-28,605186,36.52,33.42,36.57,33.2,22033,75191361.0,9.79,-2.91,-1.0,3.31
2023-08-29,605186,33.39,34.79,34.95,32.95,32631,111676904.0,5.98,4.1,1.37,4.9
2023-08-30,605186,34.79,35.17,35.58,34.49,15836,55913120.0,3.13,1.09,0.38,2.38
2023-08-31,605186,35.31,36.09,36.29,34.91,25014,89991779.0,3.92,2.62,0.92,3.75
2023-09-01,605186,36.25,35.71,36.35,35.44,15109,54108817.0,2.52,-1.05,-0.38,2.27
2023-09-04,605186,35.72,35.46,35.9,34.99,14482,51366068.0,2.55,-0.7,-0.25,2.17
2023-09-05,605186,35.08,34.9,35.8,34.76,11312,39742138.0,2.93,-1.58,-0.56,1.7
2023-09-06,605186,34.57,35.37,35.5,34.41,15083,53028207.0,3.12,1.35,0.47,2.26
2023-09-07,605186,35.4,34.59,35.47,34.31,10374,36089290.0,3.28,-2.21,-0.78,1.56
2023-09-08,605186,34.03,35.22,35.28,34.02,12802,44677832.0,3.64,1.82,0.63,1.92
2023-09-11,605186,35.3,37.03,37.6,34.65,31895,117180315.0,8.38,5.14,1.81,4.79
2023-09-12,605186,37.2,36.3,37.2,35.8,20920,75846074.0,3.78,-1.97,-0.73,3.14
2023-09-13,605186,36.1,34.99,36.38,34.65,13899,49037889.0,4.77,-3.61,-1.31,2.09
2023-09-14,605186,34.97,34.45,35.08,34.0,11754,40622784.0,3.09,-1.54,-0.54,1.76
2023-09-15,605186,34.45,34.45,34.88,33.61,17910,61476673.0,3.69,0.0,0.0,2.69
2023-09-18,605186,34.38,35.07,35.07,33.57,14752,51321055.0,4.35,1.8,0.62,2.21
2023-09-19,605186,35.69,38.59,38.59,35.07,64275,239206689.0,10.04,10.04,3.52,9.65
2023-09-20,605186,38.86,40.18,41.65,38.08,85279,340155669.0,9.25,4.12,1.59,12.8
2023-09-21,605186,38.9,40.48,40.59,38.58,46860,185601029.0,5.0,0.75,0.3,7.03
2023-09-22,605186,40.41,40.45,41.05,39.47,39978,161154409.0,3.9,-0.07,-0.03,6.0
2023-09-25,605186,40.39,39.98,40.64,39.45,30977,124161560.0,2.94,-1.16,-0.47,4.65
2023-09-26,605186,39.68,40.2,41.05,38.89,38907,155799050.0,5.4,0.55,0.22,5.84
2023-09-27,605186,39.85,39.67,40.59,39.56,24186,96953469.0,2.56,-1.32,-0.53,3.63
2023-09-28,605186,39.99,39.37,40.9,39.0,16919,66899221.0,4.79,-0.76,-0.3,2.54
2023-10-09,605186,39.6,38.45,39.9,37.73,16460,63233617.0,5.51,-2.34,-0.92,2.47
2023-10-10,605186,38.5,38.14,38.69,37.51,15228,57853898.0,3.07,-0.81,-0.31,2.29
2023-10-11,605186,37.87,38.29,39.37,37.31,25967,99108821.0,5.4,0.39,0.15,3.9
2023-10-12,605186,38.08,37.04,38.11,35.92,24455,90783048.0,5.72,-3.26,-1.25,3.67
2023-10-13,605186,36.75,36.4,37.4,35.8,22107,80726451.0,4.32,-1.73,-0.64,3.32
2023-10-16,605186,36.58,36.22,36.7,35.75,9947,35979296.0,2.61,-0.49,-0.18,1.49
2023-10-17,605186,36.71,39.0,39.34,35.67,30418,115334713.0,10.13,7.68,2.78,4.57
2023-10-18,605186,38.68,38.9,39.29,37.26,25107,96492951.0,5.21,-0.26,-0.1,3.77
2023-10-19,605186,38.23,39.68,40.19,37.97,29324,115754414.0,5.71,2.01,0.78,4.4
2023-10-20,605186,39.14,39.3,40.19,39.0,17350,68845724.0,3.0,-0.96,-0.38,2.6
2023-10-23,605186,38.9,36.69,38.9,35.77,26163,96157419.0,7.96,-6.64,-2.61,3.93
2023-10-24,605186,36.69,34.88,36.7,34.05,25265,88834505.0,7.22,-4.93,-1.81,3.79
2023-10-25,605186,35.4,35.71,36.19,34.64,17589,62272862.0,4.44,2.38,0.83,2.64
2023-10-26,605186,35.4,34.33,35.45,33.7,19448,66967727.0,4.9,-3.86,-1.38,2.92
2023-10-27,605186,34.4,36.12,37.39,33.43,32991,115149498.0,11.54,5.21,1.79,4.95
2023-10-30,605186,35.83,36.33,37.51,35.28,25488,93546088.0,6.17,0.58,0.21,3.83
2023-10-31,605186,36.61,36.21,36.9,35.41,16324,59035034.0,4.1,-0.33,-0.12,2.45
2023-11-01,605186,36.64,36.84,36.93,35.82,13511,49571927.0,3.07,1.74,0.63,2.03
2023-11-02,605186,36.75,35.43,37.1,35.33,10581,38324895.0,4.8,-3.83,-1.41,1.59
2023-11-03,605186,35.44,37.35,37.7,35.44,19128,70860446.0,6.38,5.42,1.92,2.87
2023-11-06,605186,37.45,39.0,39.58,37.21,22470,87304613.0,6.35,4.42,1.65,3.37
2023-11-07,605186,39.1,38.95,39.46,38.15,16373,63242564.0,3.36,-0.13,-0.05,2.46
2023-11-08,605186,39.78,38.45,39.78,38.0,13436,51831498.0,4.57,-1.28,-0.5,2.02
2023-11-09,605186,38.35,37.91,38.65,37.8,8085,30850097.0,2.21,-1.4,-0.54,1.21
2023-11-10,605186,37.8,38.78,39.13,37.5,14236,55111479.0,4.3,2.29,0.87,2.14
2023-11-13,605186,38.78,38.79,39.68,38.05,15360,59549236.0,4.2,0.03,0.01,2.31
2023-11-14,605186,38.7,39.15,39.5,38.42,12613,49349996.0,2.78,0.93,0.36,1.89
2023-11-15,605186,39.08,40.33,40.45,38.6,26578,105355915.0,4.73,3.01,1.18,3.99
2023-11-16,605186,40.05,41.01,42.1,39.91,24488,100884697.0,5.43,1.69,0.68,3.68
2023-11-17,605186,40.69,43.35,44.2,39.77,56446,235238529.0,10.8,5.71,2.34,8.47
2023-11-20,605186,43.15,43.11,44.03,42.6,28900,125618735.0,3.3,-0.55,-0.24,4.34
2023-11-21,605186,43.03,41.74,43.05,41.4,19775,83705573.0,3.83,-3.18,-1.37,2.97
2023-11-22,605186,41.71,42.35,42.9,40.78,15311,64624000.0,5.08,1.46,0.61,2.3
2023-11-23,605186,41.8,43.06,43.56,41.4,29819,126312213.0,5.1,1.68,0.71,4.48
2023-11-24,605186,42.81,42.16,43.16,41.7,15799,67035890.0,3.39,-2.09,-0.9,2.37
2023-11-27,605186,42.09,42.73,43.1,41.2,18157,77112254.0,4.51,1.35,0.57,2.72
2023-11-28,605186,42.48,43.45,43.48,42.25,17866,77038668.0,2.88,1.68,0.72,2.68
2023-11-29,605186,43.34,44.06,44.3,42.9,20153,88654416.0,3.22,1.4,0.61,3.02
2023-11-30,605186,44.25,42.96,44.7,42.3,14733,64258686.0,5.45,-2.5,-1.1,2.21
2023-12-01,605186,43.2,43.78,43.9,42.2,16134,69759661.0,3.96,1.91,0.82,2.42
2023-12-04,605186,43.57,43.21,44.11,42.96,12351,53778684.0,2.63,-1.3,-0.57,1.85
2023-12-05,605186,44.45,41.48,44.45,41.2,19873,85433759.0,7.52,-4.0,-1.73,2.98
2023-12-06,605186,41.37,43.42,44.46,41.26,21652,93323892.0,7.71,4.68,1.94,3.25
2023-12-07,605186,43.55,43.02,43.6,41.74,13025,55980397.0,4.28,-0.92,-0.4,1.95
2023-12-08,605186,43.2,42.92,44.0,42.78,11411,49471375.0,2.84,-0.23,-0.1,1.71
2023-12-11,605186,42.96,43.41,43.61,42.11,15482,66639698.0,3.49,1.14,0.49,2.32
2023-12-12,605186,43.42,42.78,43.84,42.4,10017,43153627.0,3.32,-1.45,-0.63,1.5
2023-12-13,605186,42.4,44.43,46.29,42.4,34208,153991420.0,9.09,3.86,1.65,5.13
2023-12-14,605186,44.29,43.13,44.61,42.9,19835,86386096.0,3.85,-2.93,-1.3,2.98
2023-12-15,605186,43.2,42.28,43.39,41.9,8399,35880993.0,3.45,-1.97,-0.85,1.26
2023-12-18,605186,41.82,40.56,41.91,40.2,12199,50042639.0,4.04,-4.07,-1.72,1.83
2023-12-19,605186,40.9,41.19,41.54,40.06,9753,39937872.0,3.65,1.55,0.63,1.46
2023-12-20,605186,41.23,39.6,41.4,39.6,10197,41066909.0,4.37,-3.86,-1.59,1.53
2023-12-21,605186,39.6,39.38,40.46,38.4,8316,32754783.0,5.2,-0.56,-0.22,1.25
2023-12-22,605186,39.54,40.38,42.26,39.16,17374,71015625.0,7.87,2.54,1.0,1.28
2023-12-25,605186,40.55,41.13,41.82,39.96,11096,45837584.0,4.61,1.86,0.75,0.82
2023-12-26,605186,41.45,40.77,41.85,39.8,12959,53027402.0,4.98,-0.88,-0.36,0.95
2023-12-27,605186,40.55,40.5,40.86,39.4,9914,39759544.0,3.58,-0.66,-0.27,0.73
2023-12-28,605186,40.58,40.29,41.14,39.71,8026,32407533.0,3.53,-0.52,-0.21,0.59
2023-12-29,605186,40.26,41.64,41.89,39.98,12550,52049684.0,4.74,3.35,1.35,0.92
2024-01-02,605186,41.78,39.84,41.88,39.8,10405,42088814.0,5.0,-4.32,-1.8,0.77
2024-01-03,605186,39.7,39.5,40.15,38.78,5827,23006407.0,3.44,-0.85,-0.34,0.43
2024-01-04,605186,39.68,38.9,39.7,38.77,8855,34655748.0,2.35,-1.52,-0.6,0.65
2024-01-05,605186,38.9,37.57,39.25,37.47,8019,30626444.0,4.58,-3.42,-1.33,0.59
2024-01-08,605186,37.77,35.84,37.9,35.6,11178,40982242.0,6.12,-4.6,-1.73,0.82
2024-01-09,605186,35.97,35.32,36.3,34.9,10547,37441088.0,3.91,-1.45,-0.52,0.78
2024-01-10,605186,35.32,33.95,35.32,33.95,12652,43698425.0,3.88,-3.88,-1.37,0.93
2024-01-11,605186,34.04,34.8,35.2,33.84,13879,48075259.0,4.01,2.5,0.85,1.02
2024-01-12,605186,34.65,34.08,34.82,34.08,6358,21917781.0,2.13,-2.07,-0.72,0.47
2024-01-15,605186,33.9,33.84,34.68,33.67,7137,24380463.0,2.96,-0.7,-0.24,0.52
2024-01-16,605186,34.07,33.87,34.34,33.4,6397,21638449.0,2.78,0.09,0.03,0.47
2024-01-17,605186,33.74,32.4,33.84,32.28,16517,54409661.0,4.61,-4.34,-1.47,1.21
2024-01-18,605186,33.1,35.65,35.65,31.9,52660,182974275.0,11.57,10.03,3.25,3.87
2024-01-19,605186,36.3,34.55,36.3,34.55,29063,102469402.0,4.91,-3.09,-1.1,2.14
2024-01-22,605186,34.55,31.8,34.88,31.45,21105,70007980.0,9.93,-7.96,-2.75,1.55
2024-01-23,605186,31.5,31.38,32.28,30.51,21926,68932111.0,5.57,-1.32,-0.42,1.61
2024-01-24,605186,31.86,31.28,31.94,29.9,21232,65417271.0,6.5,-0.32,-0.1,1.56
2024-01-25,605186,31.02,33.51,33.7,30.99,21837,71455640.0,8.66,7.13,2.23,1.61
2024-01-26,605186,33.51,33.56,34.4,32.93,19945,67344899.0,4.39,0.15,0.05,1.47
2024-01-29,605186,33.4,32.1,34.1,32.03,16788,55151235.0,6.17,-4.35,-1.46,1.23
2024-01-30,605186,31.9,31.05,32.39,31.0,7803,24761371.0,4.33,-3.27,-1.05,0.57
2024-01-31,605186,31.05,29.55,32.23,29.51,18161,55837110.0,8.76,-4.83,-1.5,1.34
2024-02-01,605186,29.56,30.78,30.86,28.2,20381,60750499.0,9.0,4.16,1.23,1.5
2024-02-02,605186,30.77,31.72,33.56,30.51,40862,131563313.0,9.91,3.05,0.94,3.0
2024-02-05,605186,31.56,32.62,34.9,29.13,37090,118114638.0,18.19,2.84,0.9,2.73
2024-02-06,605186,31.9,33.9,34.23,30.77,29239,95367614.0,10.61,3.92,1.28,2.15
2024-02-07,605186,33.4,33.75,34.69,32.64,31871,108122224.0,6.05,-0.44,-0.15,2.34
2024-02-08,605186,33.74,36.35,36.9,33.06,27048,96368314.0,11.38,7.7,2.6,1.99
2024-02-19,605186,37.34,37.7,38.15,36.04,27749,104392978.0,5.8,3.71,1.35,2.04
2024-02-20,605186,38.3,36.18,39.56,34.93,47574,173918017.0,12.28,-4.03,-1.52,3.5
2024-02-21,605186,35.46,35.56,36.18,34.43,24073,85132974.0,4.84,-1.71,-0.62,1.77
2024-02-22,605186,35.4,39.11,39.13,34.95,53685,203446073.0,11.75,9.98,3.55,3.95
2024-02-23,605186,39.31,38.85,39.31,37.52,33841,130642459.0,4.58,-0.66,-0.26,2.49
2024-02-26,605186,39.08,39.32,41.39,38.41,31093,123299638.0,7.67,1.21,0.47,2.29
2024-02-27,605186,39.17,39.9,39.9,36.96,32710,125442486.0,7.48,1.48,0.58,2.41
2024-02-28,605186,39.32,36.54,39.86,35.9,31758,120824919.0,9.92,-8.42,-3.36,2.34
2024-02-29,605186,36.69,38.03,38.25,35.9,19776,74370238.0,6.43,4.08,1.49,1.45
2024-03-01,605186,38.1,37.98,38.56,37.1,19283,73089022.0,3.84,-0.13,-0.05,1.42
2024-03-04,605186,37.34,36.8,38.1,36.59,20801,77292522.0,3.98,-3.11,-1.18,1.53
2024-03-05,605186,36.62,36.12,36.85,35.9,14750,53788444.0,2.58,-1.85,-0.68,1.08
2024-03-06,605186,38.22,39.74,39.74,37.91,53063,208678354.0,5.07,10.02,3.62,3.9
2024-03-07,605186,40.65,41.72,43.33,38.95,74831,304938486.0,11.02,4.98,1.98,5.5
2024-03-08,605186,42.26,43.9,44.34,40.81,52911,225297401.0,8.46,5.23,2.18,3.89
2024-03-11,605186,43.8,44.36,44.64,43.1,35163,154682955.0,3.51,1.05,0.46,2.59
2024-03-12,605186,44.4,44.3,45.7,43.41,28468,126828689.0,5.16,-0.14,-0.06,2.09
2024-03-13,605186,44.3,42.4,44.3,41.39,47376,201572477.0,6.57,-4.29,-1.9,3.48
2024-03-14,605186,42.35,42.9,43.0,41.4,31484,133234739.0,3.77,1.18,0.5,2.31
2024-03-15,605186,42.59,43.2,43.2,41.9,19080,81406164.0,3.03,0.7,0.3,1.4
2024-03-18,605186,43.65,44.44,45.0,43.4,29558,130529412.0,3.7,2.87,1.24,2.17
2024-03-19,605186,44.1,42.18,44.1,42.18,27221,117239391.0,4.32,-5.09,-2.26,2.0
2024-03-20,605186,42.27,43.25,43.28,41.85,21114,90248849.0,3.39,2.54,1.07,1.55
2024-03-21,605186,43.15,42.32,43.4,42.0,14279,60896062.0,3.24,-2.15,-0.93,1.05
2024-03-22,605186,43.08,41.9,43.08,41.16,21909,91925348.0,4.54,-0.99,-0.42,1.61
2024-03-25,605186,41.27,39.44,41.56,39.23,27555,111772912.0,5.56,-5.87,-2.46,2.03
2024-03-26,605186,39.53,38.65,39.97,38.03,16856,65695501.0,4.92,-2.0,-0.79,1.24
2024-03-27,605186,38.39,36.75,38.79,36.71,14875,56179484.0,5.38,-4.92,-1.9,1.09
2024-03-28,605186,36.9,38.05,39.07,36.11,26406,100118844.0,8.05,3.54,1.3,1.94
2024-03-29,605186,37.9,37.92,38.08,37.15,10485,39480217.0,2.44,-0.34,-0.13,0.77
2024-04-01,605186,38.39,40.51,40.64,37.94,23859,94725432.0,7.12,6.83,2.59,1.75
2024-04-02,605186,41.05,39.61,41.05,39.16,14138,56649123.0,4.67,-2.22,-0.9,1.04
2024-04-03,605186,39.47,39.31,39.97,38.87,11096,43670609.0,2.78,-0.76,-0.3,0.82
2024-04-08,605186,38.94,37.87,39.08,37.83,12657,48593262.0,3.18,-3.66,-1.44,0.93
2024-04-09,605186,37.82,38.8,39.1,37.4,11258,43182724.0,4.49,2.46,0.93,0.83
2024-04-10,605186,38.7,37.74,38.98,37.4,9272,35443813.0,4.07,-2.73,-1.06,0.68
2024-04-11,605186,37.5,38.19,38.9,37.42,10667,40865143.0,3.92,1.19,0.45,0.78
2024-04-12,605186,38.29,37.88,39.1,37.7,12679,48640145.0,3.67,-0.81,-0.31,0.93
2024-04-15,605186,37.5,38.19,39.4,37.38,18072,69749490.0,5.33,0.82,0.31,1.33
2024-04-16,605186,37.92,34.67,37.92,34.45,20320,73000535.0,9.09,-9.22,-3.52,1.49
2024-04-17,605186,34.88,35.83,36.98,34.88,18385,66528740.0,6.06,3.35,1.16,1.35
2024-04-18,605186,35.62,35.22,36.17,34.66,15533,55113927.0,4.21,-1.7,-0.61,1.14
2024-04-19,605186,34.5,35.65,36.1,33.2,29377,102281413.0,8.23,1.22,0.43,2.16
2024-04-22,605186,35.3,34.84,35.99,34.66,15256,53949887.0,3.73,-2.27,-0.81,1.12
2024-04-23,605186,34.84,35.85,36.6,34.49,17257,61587736.0,6.06,2.9,1.01,1.27
2024-04-24,605186,35.95,35.48,36.51,34.3,19291,67711975.0,6.16,-1.03,-0.37,1.42
2024-04-25,605186,35.48,34.9,35.59,34.82,13001,45730114.0,2.17,-1.63,-0.58,0.96
2024-04-26,605186,35.45,34.88,36.48,34.46,30075,107052273.0,5.79,-0.06,-0.02,2.21
2024-04-29,605186,34.87,34.7,35.4,34.25,23342,81508037.0,3.3,-0.52,-0.18,1.72
2024-04-30,605186,33.91,35.78,36.7,33.9,44692,158912089.0,8.07,3.11,1.08,3.29
2024-05-06,605186,35.74,35.99,36.55,35.31,23414,84393278.0,3.47,0.59,0.21,1.72
2024-05-07,605186,35.9,37.1,37.18,35.89,25164,92975874.0,3.58,3.08,1.11,1.85
2024-05-08,605186,37.05,35.58,37.15,35.51,23473,85096233.0,4.42,-4.1,-1.52,1.73
2024-05-09,605186,35.69,36.43,37.0,35.69,16817,61292468.0,3.68,2.39,0.85,1.24
2024-05-10,605186,36.61,35.64,36.69,35.46,13994,50188167.0,3.38,-2.17,-0.79,1.03
2024-05-13,605186,35.29,34.41,35.64,33.95,17212,59870597.0,4.74,-3.45,-1.23,1.27
2024-05-14,605186,34.47,33.28,34.74,33.26,20755,70457212.0,4.3,-3.28,-1.13,1.53
2024-05-15,605186,33.56,34.2,34.95,33.11,22969,78672076.0,5.53,2.76,0.92,1.69
2024-05-16,605186,34.04,32.6,34.28,32.11,25648,85334605.0,6.35,-4.68,-1.6,1.89
2024-05-17,605186,32.56,32.0,32.8,31.82,16264,52270153.0,3.01,-1.84,-0.6,1.2
2024-05-20,605186,32.09,32.39,32.49,31.9,13478,43541998.0,1.84,1.22,0.39,0.99
2024-05-21,605186,32.39,32.56,32.78,31.83,14914,48275474.0,2.93,0.52,0.17,1.1
2024-05-22,605186,32.66,32.33,32.66,31.98,8681,28049199.0,2.09,-0.71,-0.23,0.64
2024-05-23,605186,32.1,31.52,32.29,31.48,11433,36425080.0,2.51,-2.51,-0.81,0.84
2024-05-24,605186,31.54,30.63,31.59,30.5,12055,37510188.0,3.46,-2.82,-0.89,0.89
2024-05-27,605186,30.63,31.12,31.16,29.62,27319,82880341.0,5.03,1.6,0.49,2.01
2024-05-28,605186,31.8,32.74,33.5,31.13,43254,140540844.0,7.62,5.21,1.62,3.18
2024-05-29,605186,32.61,31.7,32.9,31.48,34151,110006383.0,4.34,-3.18,-1.04,2.51
2024-05-30,605186,31.51,30.2,31.51,30.1,26877,82807627.0,4.45,-4.73,-1.5,1.98
2024-05-31,605186,30.21,30.01,30.6,29.78,17766,53573059.0,2.72,-0.63,-0.19,1.31
2024-06-03,605186,30.01,28.92,30.16,28.6,18702,54890483.0,5.2,-3.63,-1.09,1.38
2024-06-04,605186,28.9,28.59,29.03,28.45,16239,46667636.0,2.01,-1.14,-0.33,1.19
2024-06-05,605186,28.57,27.12,28.6,26.54,33960,92832541.0,7.21,-5.14,-1.47,2.5
2024-06-06,605186,27.15,25.79,27.3,25.64,28415,74581853.0,6.12,-4.9,-1.33,2.09
2024-06-07,605186,25.91,26.3,26.36,25.26,19756,51430529.0,4.27,1.98,0.51,1.45
2024-06-11,605186,25.94,27.33,27.54,25.91,24531,66250435.0,6.2,3.92,1.03,1.8
2024-06-12,605186,27.33,26.9,27.75,26.81,15070,41118437.0,3.44,-1.57,-0.43,1.11
2024-06-13,605186,26.91,27.1,27.78,26.87,19675,53828731.0,3.38,0.74,0.2,1.45
2024-06-14,605186,27.1,26.41,27.1,26.16,18640,49556678.0,3.47,-2.55,-0.69,1.37
2024-06-17,605186,26.33,25.55,26.35,25.43,22232,57222297.0,3.48,-3.26,-0.86,1.63
2024-06-18,605186,25.34,25.04,25.6,24.57,26309,66174032.0,4.03,-2.0,-0.51,1.93
2024-06-19,605186,24.9,25.4,25.56,24.9,16030,40815443.0,2.64,1.44,0.36,1.18
2024-06-20,605186,25.45,24.13,25.45,23.9,21944,53823506.0,6.1,-5.0,-1.27,1.61
2024-06-21,605186,24.06,23.45,24.09,23.33,19602,46488976.0,3.15,-2.82,-0.68,1.44
2024-06-24,605186,23.36,21.96,23.36,21.9,33944,76491815.0,6.23,-6.35,-1.49,2.5
2024-06-25,605186,22.14,21.68,22.14,21.36,26501,57662870.0,3.55,-1.28,-0.28,1.95
2024-06-26,605186,21.96,22.61,22.61,21.35,32139,71131743.0,5.81,4.29,0.93,2.36
2024-06-27,605186,22.62,22.34,22.91,22.2,20790,47055470.0,3.14,-1.19,-0.27,1.53
2024-06-28,605186,21.9,22.36,23.22,21.43,27133,61809549.0,8.01,0.09,0.02,2.0
2024-07-01,605186,22.12,21.88,22.5,21.52,24795,54455644.0,4.38,-2.15,-0.48,1.82
2024-07-02,605186,21.77,21.45,21.92,21.3,19235,41725199.0,2.83,-1.97,-0.43,1.41
2024-07-03,605186,21.25,21.35,22.04,21.1,19790,43075135.0,4.38,-0.47,-0.1,1.46
2024-07-04,605186,21.27,20.39,21.61,20.38,19825,41461924.0,5.76,-4.5,-0.96,1.46
2024-07-05,605186,20.46,21.13,21.4,19.99,22084,45859464.0,6.92,3.63,0.74,1.62
2024-07-08,605186,21.4,19.89,21.4,19.77,26740,54329099.0,7.71,-5.87,-1.24,1.97
2024-07-09,605186,19.9,19.71,20.19,19.39,20482,40754024.0,4.02,-0.9,-0.18,1.51
2024-07-10,605186,19.88,19.85,20.35,19.6,16648,33535746.0,3.81,0.71,0.14,1.22
2024-07-11,605186,19.9,20.53,20.9,19.9,22168,45650130.0,5.04,3.43,0.68,1.63
2024-07-12,605186,20.5,20.02,20.64,19.98,19604,39884584.0,3.21,-2.48,-0.51,1.44
2024-07-15,605186,19.97,19.22,20.05,19.12,20170,39324947.0,4.65,-4.0,-0.8,1.48
2024-07-16,605186,19.2,19.26,19.36,18.89,12908,24827527.0,2.45,0.21,0.04,0.95
2024-07-17,605186,19.4,21.2,21.2,19.37,20661,42729018.0,9.5,10.07,1.94,1.52
2024-07-18,605186,21.65,21.21,22.48,21.04,93417,203988029.0,6.79,0.05,0.01,6.87
2024-07-19,605186,21.2,21.5,21.71,20.59,65597,139420351.0,5.28,1.37,0.29,4.82
2024-07-22,605186,21.2,20.91,21.85,20.81,45953,97498620.0,4.84,-2.74,-0.59,3.38
2024-07-23,605186,20.64,20.56,21.26,20.45,48050,100033898.0,3.87,-1.67,-0.35,3.53
2024-07-24,605186,20.4,19.95,20.76,19.81,38189,77108085.0,4.62,-2.97,-0.61,2.81
2024-07-25,605186,19.65,19.93,20.14,19.5,24689,49200563.0,3.21,-0.1,-0.02,1.82
2024-07-26,605186,19.76,19.98,20.08,19.72,24451,48848747.0,1.81,0.25,0.05,1.8
2024-07-29,605186,19.9,20.06,20.4,19.58,28455,57096939.0,4.1,0.4,0.08,2.09
2024-07-30,605186,19.8,20.52,21.05,19.8,35129,72212901.0,6.23,2.29,0.46,2.58
2024-07-31,605186,20.65,21.52,21.65,20.35,48026,102483162.0,6.34,4.87,1.0,3.53
2024-08-01,605186,21.4,21.52,22.17,21.24,41316,89745195.0,4.32,0.0,0.0,3.04
2024-08-02,605186,21.41,21.53,22.35,21.26,41581,91094095.0,5.07,0.05,0.01,3.06
2024-08-05,605186,21.46,20.79,22.09,20.79,51835,111774453.0,6.04,-3.44,-0.74,3.81
2024-08-06,605186,21.16,21.5,21.52,20.91,33970,72461646.0,2.93,3.42,0.71,2.5
2024-08-07,605186,21.6,21.83,22.06,21.17,32422,70650126.0,4.14,1.53,0.33,2.38
2024-08-08,605186,21.83,21.34,21.96,21.28,29296,63270962.0,3.11,-2.24,-0.49,2.15
2024-08-09,605186,21.33,21.0,21.58,20.98,18464,39346575.0,2.81,-1.59,-0.34,1.36
2024-08-12,605186,20.9,20.85,21.13,20.57,16054,33623323.0,2.67,-0.71,-0.15,1.18
2024-08-13,605186,20.8,20.7,20.82,20.2,14304,29487855.0,2.97,-0.72,-0.15,1.05
2024-08-14,605186,20.53,20.25,20.78,20.25,12876,26455661.0,2.56,-2.17,-0.45,0.95
2024-08-15,605186,20.2,20.25,20.64,19.87,15790,32115230.0,3.8,0.0,0.0,1.16
2024-08-16,605186,20.22,20.43,20.68,20.02,22130,45405468.0,3.26,0.89,0.18,1.63
2024-08-19,605186,20.4,19.34,20.5,19.31,33211,66191054.0,5.82,-5.34,-1.09,2.44
2024-08-20,605186,19.3,18.17,19.36,18.08,38841,72600951.0,6.62,-6.05,-1.17,2.86
2024-08-21,605186,18.16,18.28,18.49,18.06,21359,39295015.0,2.37,0.61,0.11,1.57
2024-08-22,605186,18.4,18.08,18.46,18.0,17441,31853607.0,2.52,-1.09,-0.2,1.28
2024-08-23,605186,18.12,17.53,18.18,17.48,15345,27214599.0,3.87,-3.04,-0.55,1.13
2024-08-26,605186,17.53,17.74,17.96,17.39,21548,38184475.0,3.25,1.2,0.21,1.58
2024-08-27,605186,17.67,17.67,17.89,17.46,13707,24257156.0,2.42,-0.39,-0.07,1.01
2024-08-28,605186,17.55,17.33,17.71,17.24,13497,23529398.0,2.66,-1.92,-0.34,0.99
2024-08-29,605186,17.29,17.77,17.89,17.24,16265,28678790.0,3.75,2.54,0.44,1.2
2024-08-30,605186,17.85,18.24,18.41,17.65,19989,36243936.0,4.28,2.64,0.47,1.47
2024-09-02,605186,18.38,17.91,18.7,17.89,21134,38367119.0,4.44,-1.81,-0.33,1.55
2024-09-03,605186,17.83,18.14,18.29,17.69,16328,29534992.0,3.35,1.28,0.23,1.2
2024-09-04,605186,18.13,18.16,18.34,17.8,14246,25839578.0,2.98,0.11,0.02,1.05
2024-09-05,605186,18.2,18.46,18.55,18.18,15544,28560687.0,2.04,1.65,0.3,1.14
2024-09-06,605186,18.48,18.06,18.52,18.04,12914,23461128.0,2.6,-2.17,-0.4,0.95
2024-09-09,605186,18.1,18.19,18.36,17.93,14466,26220064.0,2.38,0.72,0.13,1.06
2024-09-10,605186,18.2,18.22,18.34,17.82,14784,26724388.0,2.86,0.16,0.03,1.09
2024-09-11,605186,18.23,18.22,18.47,18.0,12286,22404456.0,2.58,0.0,0.0,0.9
2024-09-12,605186,18.3,18.16,18.51,18.07,10442,19112413.0,2.41,-0.33,-0.06,0.77
2024-09-13,605186,18.16,17.36,18.32,17.34,19431,34327040.0,5.4,-4.41,-0.8,1.43
2024-09-18,605186,17.35,17.03,17.58,16.62,22407,38175520.0,5.53,-1.9,-0.33,1.65
2024-09-19,605186,17.0,17.47,17.64,17.0,17530,30488252.0,3.76,2.58,0.44,1.29
2024-09-20,605186,17.48,17.19,17.54,17.01,13320,22935555.0,3.03,-1.6,-0.28,0.98
2024-09-23,605186,17.31,17.21,17.5,17.05,14194,24577799.0,2.62,0.12,0.02,1.04
2024-09-24,605186,17.18,18.08,18.1,17.17,22822,40441075.0,5.4,5.06,0.87,1.68
2024-09-25,605186,18.25,18.37,18.88,18.19,26095,48339273.0,3.82,1.6,0.29,1.92
2024-09-26,605186,18.29,19.13,19.2,18.12,30818,57946960.0,5.88,4.14,0.76,2.27
2024-09-27,605186,19.29,20.21,20.39,19.16,25296,49965609.0,6.43,5.65,1.08,1.86
2024-09-30,605186,20.99,22.22,22.23,20.4,69901,150056425.0,9.05,9.95,2.01,5.14
2024-10-08,605186,24.44,23.1,24.44,21.52,100672,231175990.0,13.14,3.96,0.88,7.4
2024-10-09,605186,22.68,20.85,22.95,20.84,68686,150555944.0,9.13,-9.74,-2.25,5.05
2024-10-10,605186,20.85,21.23,21.98,20.85,54681,117358669.0,5.42,1.82,0.38,4.02
2024-10-11,605186,21.21,19.84,21.22,19.5,43145,87323011.0,8.1,-6.55,-1.39,3.17
2024-10-14,605186,19.88,20.58,20.65,19.64,37409,75613584.0,5.09,3.73,0.74,2.75
2024-10-15,605186,20.6,20.21,20.94,20.17,30350,62314116.0,3.74,-1.8,-0.37,2.23
2024-10-16,605186,20.0,20.45,21.85,19.96,42599,88193142.0,9.35,1.19,0.24,3.13
2024-10-17,605186,20.41,20.0,20.58,19.97,38861,78852006.0,2.98,-2.2,-0.45,2.86
2024-10-18,605186,19.81,20.63,21.13,19.79,49380,100823303.0,6.7,3.15,0.63,3.63
2024-10-21,605186,20.99,20.6,21.0,20.44,43902,90709252.0,2.71,-0.15,-0.03,3.23
2024-10-22,605186,20.61,20.84,21.2,20.2,46096,95290506.0,4.85,1.17,0.24,3.39
2024-10-23,605186,20.92,20.62,21.05,20.51,35248,73222400.0,2.59,-1.06,-0.22,2.59
2024-10-24,605186,20.43,20.38,20.75,20.36,21914,44888780.0,1.89,-1.16,-0.24,1.61
2024-10-25,605186,20.46,21.04,21.4,20.37,39286,81924717.0,5.05,3.24,0.66,2.89
2024-10-28,605186,21.04,22.09,22.35,20.9,72819,157319533.0,6.89,4.99,1.05,5.35
2024-10-29,605186,22.13,21.37,22.57,21.28,75537,164793374.0,5.84,-3.26,-0.72,5.55
2024-10-30,605186,21.37,21.04,21.75,20.75,40326,85691127.0,4.68,-1.54,-0.33,2.97
2024-10-31,605186,20.87,21.9,22.3,20.65,71295,153458298.0,7.84,4.09,0.86,5.24
2024-11-01,605186,21.88,23.29,24.09,21.39,137736,315364597.0,12.33,6.35,1.39,10.13
2024-11-04,605186,22.92,25.62,25.62,22.88,96760,239616454.0,11.76,10.0,2.33,7.11
2024-11-05,605186,25.87,26.3,27.58,25.86,205290,548272561.0,6.71,2.65,0.68,15.09
2024-11-06,605186,26.3,27.95,28.85,25.99,168232,458074983.0,10.87,6.27,1.65,12.37
2024-11-07,605186,27.07,26.89,27.07,26.21,89824,239409498.0,3.08,-3.79,-1.06,6.6
2024-11-08,605186,26.89,26.41,27.19,26.0,70453,186223912.0,4.43,-1.79,-0.48,5.18
2024-11-11,605186,26.1,26.34,26.39,25.07,74588,192266287.0,5.0,-0.27,-0.07,5.48
2024-11-12,605186,26.2,26.62,27.19,26.0,71976,190648702.0,4.52,1.06,0.28,5.29
2024-11-13,605186,27.5,27.19,28.48,27.0,94241,260719183.0,5.56,2.14,0.57,6.93
2024-11-14,605186,26.93,25.01,26.93,25.0,58363,151291177.0,7.1,-8.02,-2.18,4.29
2024-11-15,605186,24.83,24.14,25.3,24.04,33919,83821889.0,5.04,-3.48,-0.87,2.49
2024-11-18,605186,24.39,22.98,24.41,22.87,35530,83025740.0,6.38,-4.81,-1.16,2.61
2024-11-19,605186,22.98,23.66,23.68,22.64,30302,70179117.0,4.53,2.96,0.68,2.23
2024-11-20,605186,23.6,24.2,24.55,23.55,35588,86213068.0,4.23,2.28,0.54,2.62
2024-11-21,605186,23.97,23.77,24.17,23.42,26181,62255098.0,3.1,-1.78,-0.43,1.93
2024-11-22,605186,23.67,21.93,23.76,21.77,52801,119840758.0,8.37,-7.74,-1.84,3.88
2024-11-25,605186,22.11,22.21,22.35,21.7,30214,66551243.0,2.96,1.28,0.28,2.22
2024-11-26,605186,22.07,21.99,22.55,21.98,25845,57515877.0,2.57,-0.99,-0.22,1.9
2024-11-27,605186,21.77,21.69,21.96,20.9,56517,119909050.0,4.82,-1.36,-0.3,4.16
2024-11-28,605186,21.64,21.55,21.87,21.46,41407,89746131.0,1.89,-0.65,-0.14,3.04
2024-11-29,605186,21.49,22.6,23.5,21.27,64973,145117802.0,10.35,4.87,1.05,4.78
2024-12-02,605186,22.6,22.86,22.86,22.41,41010,93070866.0,1.99,1.15,0.26,3.02
2024-12-03,605186,22.86,22.74,22.87,22.47,30257,68609133.0,1.75,-0.52,-0.12,2.22
2024-12-04,605186,22.59,22.4,23.04,22.39,35013,79274540.0,2.86,-1.5,-0.34,2.57
2024-12-05,605186,22.49,22.76,23.1,22.38,35961,81862344.0,3.21,1.61,0.36,2.64
2024-12-06,605186,22.75,23.33,23.74,22.25,61151,141004728.0,6.55,2.5,0.57,4.5
2024-12-09,605186,23.36,25.18,25.34,23.36,97802,238312637.0,8.49,7.93,1.85,7.19
2024-12-10,605186,25.58,24.6,25.71,24.56,82095,205792449.0,4.57,-2.3,-0.58,6.04
2024-12-11,605186,24.47,24.4,24.84,24.19,38137,92971456.0,2.64,-0.81,-0.2,2.8
2024-12-12,605186,24.48,25.15,25.97,24.36,67173,169546247.0,6.6,3.07,0.75,4.94
2024-12-13,605186,24.86,23.82,24.86,23.81,54903,133183378.0,4.17,-5.29,-1.33,4.04
2024-12-16,605186,23.81,23.87,24.03,23.45,28230,67143584.0,2.43,0.21,0.05,2.08
2024-12-17,605186,23.71,22.51,24.18,22.3,38395,88999010.0,7.88,-5.7,-1.36,2.82
2024-12-18,605186,22.55,22.2,22.69,21.85,29496,65471056.0,3.73,-1.38,-0.31,2.17
2024-12-19,605186,21.98,21.96,22.33,21.6,34241,74956421.0,3.29,-1.08,-0.24,2.52
2024-12-20,605186,21.88,22.33,22.55,21.76,24703,55081545.0,3.6,1.68,0.37,1.82
2024-12-23,605186,22.32,21.0,22.39,20.96,35279,75679085.0,6.4,-5.96,-1.33,2.59
2024-12-24,605186,21.09,21.28,21.32,20.61,24202,50789873.0,3.38,1.33,0.28,1.78
2024-12-25,605186,21.23,21.66,21.99,21.23,27880,60131501.0,3.57,1.79,0.38,2.05
2024-12-26,605186,21.43,21.56,21.75,21.41,16760,36211451.0,1.57,-0.46,-0.1,1.23
2024-12-27,605186,21.55,21.33,21.77,21.19,21337,45897971.0,2.69,-1.07,-0.23,1.57
2024-12-30,605186,21.3,21.15,21.56,21.12,13946,29686905.0,2.06,-0.84,-0.18,1.03
2024-12-31,605186,21.12,20.11,21.24,20.11,24991,51327932.0,5.34,-4.92,-1.04,1.84
2025-01-02,605186,20.1,19.23,20.15,19.09,24432,47811217.0,5.27,-4.38,-0.88,1.8
2025-01-03,605186,19.4,18.28,19.4,18.24,28025,52677621.0,6.03,-4.94,-0.95,2.06
2025-01-06,605186,18.23,18.18,18.55,17.81,17169,31268230.0,4.05,-0.55,-0.1,1.26
2025-01-07,605186,18.26,18.56,18.58,18.12,17689,32467119.0,2.53,2.09,0.38,1.3
2025-01-08,605186,18.55,18.49,18.66,17.95,20064,36848796.0,3.83,-0.38,-0.07,1.48
2025-01-09,605186,18.45,18.56,18.72,18.39,13396,24894400.0,1.78,0.38,0.07,0.99
2025-01-10,605186,18.5,17.95,18.61,17.92,18365,33455249.0,3.72,-3.29,-0.61,1.35
2025-01-13,605186,17.59,18.23,18.29,17.54,17406,31319890.0,4.18,1.56,0.28,1.28
2025-01-14,605186,18.28,19.0,19.0,18.28,23521,44083102.0,3.95,4.22,0.77,1.73
2025-01-15,605186,19.11,19.03,19.35,18.88,17862,34095297.0,2.47,0.16,0.03,1.31
2025-01-16,605186,19.17,18.97,19.35,18.81,17782,33890730.0,2.84,-0.32,-0.06,1.31
2025-01-17,605186,18.96,18.9,19.04,18.71,11923,22502674.0,1.74,-0.37,-0.07,0.88
2025-01-20,605186,19.0,19.09,19.2,18.84,11790,22482861.0,1.9,1.01,0.19,0.87
2025-01-21,605186,19.22,18.87,19.23,18.66,11209,21087474.0,2.99,-1.15,-0.22,0.82
2025-01-22,605186,18.8,18.71,19.29,18.56,12747,24003018.0,3.87,-0.85,-0.16,0.94
2025-01-23,605186,18.86,18.98,19.43,18.86,20819,39876577.0,3.05,1.44,0.27,1.53
2025-01-24,605186,18.85,19.37,19.37,18.8,16180,31038140.0,3.0,2.05,0.39,1.19
2025-01-27,605186,19.36,20.1,21.0,19.32,36318,73406046.0,8.67,3.77,0.73,2.67
2025-02-05,605186,20.1,20.53,20.85,20.1,31229,64003449.0,3.73,2.14,0.43,2.3
2025-02-06,605186,20.52,20.88,21.2,20.16,31982,66002450.0,5.07,1.7,0.35,2.35
2025-02-07,605186,20.88,20.98,21.49,20.68,37230,78182895.0,3.88,0.48,0.1,2.74
2025-02-10,605186,21.04,23.08,23.08,21.0,52338,116560505.0,9.91,10.01,2.1,3.85
2025-02-11,605186,23.08,22.44,23.7,22.36,95266,217222170.0,5.81,-2.77,-0.64,7.0
2025-02-12,605186,22.3,22.43,22.87,22.16,46321,103901796.0,3.16,-0.04,-0.01,3.41
2025-02-13,605186,22.8,22.01,22.81,21.98,36560,81397643.0,3.7,-1.87,-0.42,2.69
2025-02-14,605186,21.96,22.62,22.85,21.96,57007,128688399.0,4.04,2.77,0.61,4.19
2025-02-17,605186,23.5,24.88,24.88,23.2,64915,158640336.0,7.43,9.99,2.26,4.77
2025-02-18,605186,24.9,23.5,25.0,23.3,118976,284861792.0,6.83,-5.55,-1.38,8.75
2025-02-19,605186,23.19,23.88,24.0,23.19,84215,198483062.0,3.45,1.62,0.38,6.19
2025-02-20,605186,23.55,24.49,24.78,23.46,92926,225616959.0,5.53,2.55,0.61,6.83
2025-02-21,605186,24.51,24.29,24.8,23.69,74821,180303182.0,4.53,-0.82,-0.2,5.5
2025-02-24,605186,24.07,23.62,24.24,23.36,42201,99716775.0,3.62,-2.76,-0.67,3.1
2025-02-25,605186,23.2,23.1,23.56,22.99,35957,83486343.0,2.41,-2.2,-0.52,2.64
2025-02-26,605186,23.27,23.55,24.37,22.87,57047,133914456.0,6.49,1.95,0.45,4.19
2025-02-27,605186,23.51,23.01,23.6,22.72,33551,77600181.0,3.74,-2.29,-0.54,2.47
2025-02-28,605186,22.6,21.79,22.98,21.68,35022,77874726.0,5.65,-5.3,-1.22,2.58
2025-03-03,605186,21.84,22.15,22.58,21.84,26136,58123460.0,3.4,1.65,0.36,1.92
2025-03-04,605186,21.96,22.73,22.98,21.88,32211,73069945.0,4.97,2.62,0.58,2.37
2025-03-05,605186,22.74,22.74,23.02,22.28,31447,70949235.0,3.26,0.04,0.01,2.31
2025-03-06,605186,22.95,23.71,23.71,22.74,53319,124440855.0,4.27,4.27,0.97,3.92
2025-03-07,605186,23.67,22.84,23.7,22.67,59294,137295917.0,4.34,-3.67,-0.87,4.36
2025-03-10,605186,23.88,23.44,24.0,23.17,48632,114143069.0,3.63,2.63,0.6,3.58
2025-03-11,605186,22.89,23.08,23.37,22.85,30149,69482942.0,2.22,-1.54,-0.36,2.22
2025-03-12,605186,23.05,22.8,23.16,22.76,30339,69545384.0,1.73,-1.21,-0.28,2.23
2025-03-13,605186,22.7,22.47,22.81,22.02,28163,62971556.0,3.46,-1.45,-0.33,2.07
2025-03-14,605186,22.42,22.77,22.83,22.11,25130,56631126.0,3.2,1.34,0.3,1.85
2025-03-17,605186,22.78,22.77,22.92,22.6,19617,44585873.0,1.41,0.0,0.0,1.44
2025-03-18,605186,22.71,22.86,23.33,22.64,23982,54895279.0,3.03,0.4,0.09,1.76
2025-03-19,605186,22.7,22.61,22.96,22.53,18082,41002818.0,1.88,-1.09,-0.25,1.33
2025-03-20,605186,22.6,22.23,22.75,22.12,26905,60377727.0,2.79,-1.68,-0.38,1.98
2025-03-21,605186,22.35,21.78,22.35,21.73,20938,45944672.0,2.79,-2.02,-0.45,1.54
2025-03-24,605186,21.72,20.45,21.8,19.85,41409,85313667.0,8.95,-6.11,-1.33,3.04
2025-03-25,605186,20.4,20.28,20.58,20.05,21546,43785849.0,2.59,-0.83,-0.17,1.58
2025-03-26,605186,20.36,20.5,20.59,20.2,18089,37018223.0,1.92,1.08,0.22,1.33
2025-03-27,605186,20.67,20.3,20.67,20.01,14607,29720594.0,3.22,-0.98,-0.2,1.07
2025-03-28,605186,20.34,20.15,20.58,20.09,14258,28955583.0,2.41,-0.74,-0.15,1.05
2025-03-31,605186,19.97,20.09,20.15,19.65,15337,30478316.0,2.48,-0.3,-0.06,1.13
2025-04-01,605186,20.12,20.49,20.92,20.12,22427,46158451.0,3.98,1.99,0.4,1.65
2025-04-02,605186,20.38,20.66,20.9,20.37,15923,32924348.0,2.59,0.83,0.17,1.17
2025-04-03,605186,20.41,20.53,21.15,20.33,17574,36293503.0,3.97,-0.63,-0.13,1.29
2025-04-07,605186,19.47,18.48,19.82,18.48,19590,36638382.0,6.53,-9.99,-2.05,1.44
2025-04-08,605186,17.48,17.76,18.53,17.25,34882,61890295.0,6.93,-3.9,-0.72,2.56
2025-04-09,605186,17.56,17.87,18.03,16.34,43748,75285398.0,9.52,0.62,0.11,3.22
2025-04-10,605186,18.15,18.44,18.7,18.15,25692,47566900.0,3.08,3.19,0.57,1.89
2025-04-11,605186,18.21,18.42,18.69,18.14,21551,39895111.0,2.98,-0.11,-0.02,1.58
2025-04-14,605186,18.69,18.9,19.17,18.68,19460,36835198.0,2.66,2.61,0.48,1.43
2025-04-15,605186,18.89,18.87,19.05,18.72,12197,23006894.0,1.75,-0.16,-0.03,0.9
2025-04-16,605186,18.9,18.22,18.9,17.97,22419,41083196.0,4.93,-3.44,-0.65,1.65
2025-04-17,605186,18.01,18.37,18.56,18.0,12967,23869511.0,3.07,0.82,0.15,0.95
2025-04-18,605186,18.37,18.46,18.71,18.03,15736,28879306.0,3.7,0.49,0.09,1.16
2025-04-21,605186,18.5,18.69,18.8,18.31,11425,21315901.0,2.65,1.25,0.23,0.84
2025-04-22,605186,18.69,18.64,18.8,18.55,12067,22543782.0,1.34,-0.27,-0.05,0.89
2025-04-23,605186,18.79,18.91,19.29,18.56,21759,41267575.0,3.92,1.45,0.27,1.6
2025-04-24,605186,18.91,18.48,18.92,18.32,17121,31863681.0,3.17,-2.27,-0.43,1.26
2025-04-25,605186,18.8,18.72,19.77,18.68,42307,81343276.0,5.9,1.3,0.24,3.11
2025-04-28,605186,18.55,18.18,18.68,18.18,19033,34957686.0,2.67,-2.88,-0.54,1.4
2025-04-29,605186,18.09,18.92,18.97,17.98,30446,56999422.0,5.45,4.07,0.74,2.24
2025-04-30,605186,18.84,19.09,19.29,18.84,22190,42448129.0,2.38,0.9,0.17,1.63
2025-05-06,605186,19.34,19.96,19.96,19.19,24959,49029972.0,4.03,4.56,0.87,1.84
2025-05-07,605186,20.3,19.99,20.33,19.77,23162,46302135.0,2.81,0.15,0.03,1.7
2025-05-08,605186,19.59,20.26,20.46,19.59,18524,37524627.0,4.35,1.35,0.27,1.36
2025-05-09,605186,20.19,20.12,20.27,19.98,12690,25514643.0,1.43,-0.69,-0.14,0.93
2025-05-12,605186,20.33,20.43,20.45,20.11,13818,28105570.0,1.69,1.54,0.31,1.02
2025-05-13,605186,20.54,20.29,20.59,20.21,14935,30429378.0,1.86,-0.69,-0.14,1.1
2025-05-14,605186,20.28,20.04,20.43,19.87,18103,36350546.0,2.76,-1.23,-0.25,1.33
2025-05-15,605186,20.0,19.97,20.15,19.81,9966,19848910.0,1.7,-0.35,-0.07,0.73
2025-05-16,605186,19.85,20.02,20.12,19.8,17056,34070418.0,1.6,0.25,0.05,1.25
2025-05-19,605186,20.1,20.05,20.22,19.75,16793,33596126.0,2.35,0.15,0.03,1.23
2025-05-20,605186,20.05,20.25,20.29,19.9,11339,22810113.0,1.95,1.0,0.2,0.83
2025-05-21,605186,20.26,20.03,20.26,19.9,11492,23009237.0,1.78,-1.09,-0.22,0.85
2025-05-22,605186,19.96,19.75,20.15,19.66,11043,21909315.0,2.45,-1.4,-0.28,0.81
2025-05-23,605186,19.64,19.78,20.39,19.64,17754,35447701.0,3.8,0.15,0.03,1.31
2025-05-26,605186,19.78,20.05,20.24,19.6,17986,35870417.0,3.24,1.37,0.27,1.32
2025-05-27,605186,20.0,19.94,20.18,19.82,9470,18883452.0,1.8,-0.55,-0.11,0.7
2025-05-28,605186,19.95,19.75,20.0,19.64,9181,18144270.0,1.81,-0.95,-0.19,0.68
2025-05-29,605186,19.53,20.24,20.24,19.53,16967,34117548.0,3.59,2.48,0.49,1.25
2025-05-30,605186,20.24,19.91,20.25,19.89,14298,28583584.0,1.78,-1.63,-0.33,1.05
2025-06-03,605186,19.9,20.13,20.19,19.83,13835,27761117.0,1.81,1.1,0.22,1.02
2025-06-04,605186,20.2,20.37,20.45,20.02,13805,28025956.0,2.14,1.19,0.24,1.02
2025-06-05,605186,20.29,20.53,20.57,20.18,16216,32974290.0,1.91,0.79,0.16,1.19
2025-06-06,605186,20.38,21.1,21.22,20.38,45613,95441421.0,4.09,2.78,0.57,3.35
2025-06-09,605186,21.24,20.99,21.58,20.8,45153,95254686.0,3.7,-0.52,-0.11,3.32
2025-06-10,605186,21.1,20.62,21.1,20.4,30642,63450846.0,3.33,-1.76,-0.37,2.25
2025-06-11,605186,20.61,20.59,20.8,20.45,17570,36197498.0,1.7,-0.15,-0.03,1.29
2025-06-12,605186,20.58,20.69,20.9,20.45,16229,33574513.0,2.19,0.49,0.1,1.19
2025-06-13,605186,20.69,20.05,20.69,19.98,17663,35671185.0,3.43,-3.09,-0.64,1.3
2025-06-16,605186,19.98,20.13,20.27,19.98,8152,16423175.0,1.45,0.4,0.08,0.6
2025-06-17,605186,20.13,20.09,20.59,20.02,14156,28668558.0,2.83,-0.2,-0.04,1.04
2025-06-18,605186,20.0,19.99,20.13,19.81,10096,20121276.0,1.59,-0.5,-0.1,0.74
2025-06-19,605186,20.0,19.55,20.02,19.51,12714,25089923.0,2.55,-2.2,-0.44,0.93
2025-06-20,605186,19.5,19.32,19.79,19.27,11332,22030007.0,2.66,-1.18,-0.23,0.83
2025-06-23,605186,19.07,19.6,19.72,19.07,11858,23139360.0,3.36,1.45,0.28,0.87
2025-06-24,605186,19.61,20.18,20.18,19.61,15158,30295755.0,2.91,2.96,0.58,1.11
2025-06-25,605186,20.36,20.46,20.52,20.1,17153,34881109.0,2.08,1.39,0.28,1.26
2025-06-26,605186,20.53,20.48,20.67,20.37,17186,35322365.0,1.47,0.1,0.02,1.26
2025-06-27,605186,20.55,20.53,20.76,20.49,15624,32203776.0,1.32,0.24,0.05,1.15
2025-06-30,605186,20.55,20.94,20.99,20.4,18582,38551100.0,2.87,2.0,0.41,1.37
2025-07-01,605186,21.0,20.86,21.09,20.68,15838,33057469.0,1.96,-0.38,-0.08,1.16
2025-07-02,605186,20.99,20.8,20.99,20.6,15912,32975078.0,1.87,-0.29,-0.06,1.17
2025-07-03,605186,20.95,20.79,20.95,20.65,10711,22206386.0,1.44,-0.05,-0.01,0.79
2025-07-04,605186,20.77,20.52,20.85,20.46,12774,26317483.0,1.88,-1.3,-0.27,0.94
2025-07-07,605186,20.41,20.75,20.87,20.41,12354,25574941.0,2.24,1.12,0.23,0.91
2025-07-08,605186,20.84,21.5,21.7,20.77,39169,83590587.0,4.48,3.61,0.75,2.88
2025-07-09,605186,21.46,22.13,22.28,21.37,51579,113388299.0,4.23,2.93,0.63,3.79
2025-07-10,605186,22.08,22.11,23.01,21.9,46221,103685519.0,5.02,-0.09,-0.02,3.4
2025-07-11,605186,22.0,22.18,22.5,21.95,31335,69456163.0,2.49,0.32,0.07,2.3
2025-07-14,605186,22.22,23.05,23.15,22.22,51265,116913246.0,4.19,3.92,0.87,3.77
2025-07-15,605186,22.75,21.85,22.75,21.75,57491,126357057.0,4.34,-5.21,-1.2,4.23
2025-07-16,605186,21.9,22.49,22.85,21.78,43444,97620673.0,4.9,2.93,0.64,3.19
2025-07-17,605186,22.49,22.98,23.12,22.2,45868,104232126.0,4.09,2.18,0.49,3.37
2025-07-18,605186,22.9,22.75,23.19,22.54,24086,54655815.0,2.83,-1.0,-0.23,1.77
2025-07-21,605186,22.68,22.79,22.96,22.52,19650,44687289.0,1.93,0.18,0.04,1.44
2025-07-22,605186,22.79,22.31,22.81,22.24,25596,57598831.0,2.5,-2.11,-0.48,1.88
2025-07-23,605186,22.32,22.19,22.56,22.1,20346,45364446.0,2.06,-0.54,-0.12,1.5
2025-07-24,605186,22.19,22.21,22.6,22.11,16881,37672116.0,2.21,0.09,0.02,1.24
2025-07-25,605186,22.36,22.48,22.71,22.18,19218,43257843.0,2.39,1.22,0.27,1.41
2025-07-28,605186,22.58,22.54,22.82,22.35,18915,42699236.0,2.09,0.27,0.06,1.39
2025-07-29,605186,22.45,22.4,22.54,22.12,19887,44315223.0,1.86,-0.62,-0.14,1.46
2025-07-30,605186,22.49,22.08,22.52,21.86,16123,35736606.0,2.95,-1.43,-0.32,1.19
2025-07-31,605186,21.92,21.97,22.5,21.86,14248,31459696.0,2.9,-0.5,-0.11,1.05
2025-08-01,605186,22.07,22.3,22.35,21.97,18897,41901023.0,1.73,1.5,0.33,1.39
2025-08-04,605186,22.3,22.66,22.66,21.98,18626,41721412.0,3.05,1.61,0.36,1.37
2025-08-05,605186,22.66,22.58,22.8,22.19,19218,43126107.0,2.69,-0.35,-0.08,1.41
2025-08-06,605186,22.6,22.53,22.81,22.29,18609,41736830.0,2.3,-0.22,-0.05,1.37
2025-08-07,605186,22.75,22.55,23.06,22.41,26850,60918737.0,2.89,0.09,0.02,1.97
2025-08-08,605186,22.48,22.42,22.6,22.15,17508,39123110.0,2.0,-0.58,-0.13,1.29
2025-08-11,605186,22.48,23.47,23.67,22.44,48405,111887834.0,5.49,4.68,1.05,3.56
2025-08-12,605186,23.58,23.76,24.44,23.33,63441,151871380.0,4.73,1.24,0.29,4.66
2025-08-13,605186,23.84,24.25,24.4,23.46,45004,108227466.0,3.96,2.06,0.49,3.31
2025-08-14,605186,24.18,23.11,24.24,23.0,41075,96424483.0,5.11,-4.7,-1.14,3.02
2025-08-15,605186,23.26,23.37,23.54,23.11,25147,58782917.0,1.86,1.13,0.26,1.85
2025-08-18,605186,23.57,23.13,23.6,23.05,35733,83212078.0,2.35,-1.03,-0.24,2.63
2025-08-19,605186,23.13,23.24,23.35,22.92,19945,46243004.0,1.86,0.48,0.11,1.47
2025-08-20,605186,23.22,23.16,23.34,23.0,18499,42803278.0,1.46,-0.34,-0.08,1.36
2025-08-21,605186,23.16,23.06,23.29,22.93,17608,40684547.0,1.55,-0.43,-0.1,1.29
2025-08-22,605186,23.05,23.0,23.22,22.83,23243,53420588.0,1.69,-0.26,-0.06,1.71
2025-08-25,605186,23.14,22.31,23.2,22.23,55290,124888326.0,4.22,-3.0,-0.69,4.07
2025-08-26,605186,22.32,22.74,23.11,22.21,40141,91094885.0,4.03,1.93,0.43,2.95
2025-08-27,605186,22.89,22.13,23.16,22.1,38994,88027457.0,4.66,-2.68,-0.61,2.87
2025-08-28,605186,22.19,21.87,22.36,21.08,36326,78966465.0,5.78,-1.17,-0.26,2.67
2025-08-29,605186,21.99,21.66,22.06,21.52,21740,47182895.0,2.47,-0.96,-0.21,1.6
2025-09-01,605186,21.66,21.91,22.41,21.65,28801,63092138.0,3.51,1.15,0.25,2.12
2025-09-02,605186,21.96,21.39,21.97,21.12,26409,56375719.0,3.88,-2.37,-0.52,1.94
2025-09-03,605186,21.39,20.77,21.52,20.66,28221,59446121.0,4.02,-2.9,-0.62,2.08
2025-09-04,605186,20.84,20.8,21.2,20.5,26661,55739947.0,3.37,0.14,0.03,1.96
2025-09-05,605186,20.92,20.88,21.04,20.54,26079,54284466.0,2.4,0.38,0.08,1.92
2025-09-08,605186,20.6,21.21,21.26,20.5,27224,57251649.0,3.64,1.58,0.33,2.0
2025-09-09,605186,21.2,20.7,21.25,20.63,20515,42780119.0,2.92,-2.4,-0.51,1.51
2025-09-10,605186,20.58,20.97,21.18,20.58,20959,43895316.0,2.9,1.3,0.27,1.54
2025-09-11,605186,20.93,21.0,21.08,20.54,18030,37608327.0,2.58,0.14,0.03,1.33
2025-09-12,605186,21.02,20.87,21.1,20.74,19530,40876607.0,1.71,-0.62,-0.13,1.44
2025-09-15,605186,20.87,20.78,20.95,20.68,11377,23664508.0,1.29,-0.43,-0.09,0.84
2025-09-16,605186,20.89,20.9,20.95,20.65,14782,30809857.0,1.44,0.58,0.12,1.09
2025-09-17,605186,20.94,21.42,21.97,20.88,45936,98760906.0,5.22,2.49,0.52,3.38
2025-09-18,605186,21.34,20.83,21.62,20.65,32159,67956505.0,4.53,-2.75,-0.59,2.36
2025-09-19,605186,20.85,20.51,20.95,20.48,17668,36476113.0,2.26,-1.54,-0.32,1.3
2025-09-22,605186,20.51,20.77,21.33,20.51,19430,40511130.0,4.0,1.27,0.26,1.43
2025-09-23,605186,20.7,20.03,20.86,19.77,30983,62240457.0,5.25,-3.56,-0.74,2.28
2025-09-24,605186,20.04,20.48,20.54,19.84,19489,39654830.0,3.49,2.25,0.45,1.43
2025-09-25,605186,20.58,20.16,20.7,20.09,21941,44463530.0,2.98,-1.56,-0.32,1.61
2025-09-26,605186,20.08,19.97,20.3,19.86,18435,36966961.0,2.18,-0.94,-0.19,1.36
2025-09-29,605186,19.99,20.22,20.22,19.56,20220,40502852.0,3.3,1.25,0.25,1.49
2025-09-30,605186,20.39,20.04,20.4,20.0,18985,38255518.0,1.98,-0.89,-0.18,1.4
2025-10-09,605186,20.03,19.86,20.22,19.86,21921,43763103.0,1.8,-0.9,-0.18,1.61
2025-10-10,605186,19.85,19.78,20.09,19.74,22156,43971949.0,1.76,-0.4,-0.08,1.63
2025-10-13,605186,19.01,19.58,19.65,18.98,23262,45178946.0,3.39,-1.01,-0.2,1.71
2025-10-14,605186,19.73,19.55,19.93,19.48,20661,40676816.0,2.3,-0.15,-0.03,1.52
2025-10-15,605186,19.69,19.75,19.85,19.39,17603,34730665.0,2.35,1.02,0.2,1.29
2025-10-16,605186,19.68,19.5,19.81,19.42,13902,27239165.0,1.97,-1.27,-0.25,1.02
2025-10-17,605186,19.5,19.04,19.62,19.02,16441,31685965.0,3.08,-2.36,-0.46,1.21
2025-10-20,605186,19.4,19.55,19.55,19.21,17250,33432310.0,1.79,2.68,0.51,1.27
2025-10-21,605186,19.6,19.77,19.8,19.43,14010,27547053.0,1.89,1.13,0.22,1.03
2025-10-22,605186,19.8,19.75,19.91,19.71,13341,26420525.0,1.01,-0.1,-0.02,0.98
2025-10-23,605186,19.75,19.99,20.01,19.58,16431,32520468.0,2.18,1.22,0.24,1.21
2025-10-24,605186,20.0,20.1,20.24,19.92,14035,28242894.0,1.6,0.55,0.11,1.03
2025-10-27,605186,20.4,20.3,20.45,19.93,20451,41331535.0,2.59,1.0,0.2,1.5
2025-10-28,605186,20.35,20.69,20.82,20.1,24344,50129927.0,3.55,1.92,0.39,1.79
2025-10-29,605186,20.79,20.46,20.79,20.35,16480,33805368.0,2.13,-1.11,-0.23,1.21
2025-10-30,605186,20.62,20.51,20.98,20.47,26936,55764148.0,2.49,0.24,0.05,1.98
2025-10-31,605186,20.61,20.83,20.89,20.46,20728,43027360.0,2.1,1.56,0.32,1.52
2025-11-03,605186,20.92,21.09,21.15,20.7,22677,47527362.0,2.16,1.25,0.26,1.67
2025-11-04,605186,21.08,21.12,21.17,20.88,15675,32962008.0,1.38,0.14,0.03,1.15
2025-11-05,605186,21.0,21.71,21.89,20.98,39091,84177258.0,4.31,2.79,0.59,2.87
2025-11-06,605186,21.62,21.5,21.67,21.26,22802,48926841.0,1.89,-0.97,-0.21,1.68
2025-11-07,605186,21.5,21.31,21.61,21.16,19447,41450935.0,2.09,-0.88,-0.19,1.43
2025-11-10,605186,21.31,21.33,21.53,21.17,15415,32818869.0,1.69,0.09,0.02,1.13
2025-11-11,605186,21.3,21.32,21.42,21.11,14438,30687402.0,1.45,-0.05,-0.01,1.06
2025-11-12,605186,21.32,21.32,21.55,21.12,14779,31534446.0,2.02,0.0,0.0,1.09
2025-11-13,605186,21.25,21.46,21.49,21.16,16376,34971403.0,1.55,0.66,0.14,1.2
2025-11-14,605186,21.44,21.5,21.75,21.32,14856,32119964.0,2.0,0.19,0.04,1.09
2025-11-17,605186,21.5,21.6,21.75,21.19,17736,38142734.0,2.6,0.47,0.1,1.3
2025-11-18,605186,21.51,21.71,21.84,21.43,15437,33404416.0,1.9,0.51,0.11,1.14
2025-11-19,605186,21.51,21.16,21.76,21.1,18722,39847810.0,3.04,-2.53,-0.55,1.38
2025-11-20,605186,21.3,21.26,21.39,20.8,19091,40327939.0,2.79,0.47,0.1,1.4
2025-11-21,605186,21.06,20.45,21.39,20.29,24154,50063711.0,5.17,-3.81,-0.81,1.78
2025-11-24,605186,20.51,21.04,21.2,20.51,20027,41822427.0,3.37,2.89,0.59,1.47
2025-11-25,605186,21.04,21.22,21.5,20.99,16189,34540151.0,2.42,0.86,0.18,1.19
2025-11-26,605186,21.13,20.74,21.58,20.74,13587,28714094.0,3.96,-2.26,-0.48,1.0
2025-11-27,605186,20.78,20.77,20.99,20.59,11260,23391429.0,1.93,0.14,0.03,0.83
2025-11-28,605186,20.8,21.03,21.05,20.69,13338,27878304.0,1.73,1.25,0.26,0.98
2025-12-01,605186,20.91,20.97,21.34,20.91,14569,30832206.0,2.04,-0.29,-0.06,1.07
2025-12-02,605186,20.98,20.83,21.05,20.7,12360,25753131.0,1.67,-0.67,-0.14,0.91
2025-12-03,605186,21.05,20.69,21.05,20.55,15908,32918874.0,2.4,-0.67,-0.14,1.17
2025-12-04,605186,20.79,20.27,20.85,20.21,14623,29884387.0,3.09,-2.03,-0.42,1.08
2025-12-05,605186,20.37,20.74,20.78,19.99,18079,36852500.0,3.9,2.32,0.47,1.33
2025-12-08,605186,20.75,20.86,20.98,20.52,14563,30298703.0,2.22,0.58,0.12,1.07
2025-12-09,605186,21.16,20.55,21.16,20.5,14707,30482791.0,3.16,-1.49,-0.31,1.08
2025-12-10,605186,20.46,20.3,20.6,20.12,11162,22670836.0,2.34,-1.22,-0.25,0.82
2025-12-11,605186,20.39,19.88,20.42,19.88,14628,29418968.0,2.66,-2.07,-0.42,1.08
2025-12-12,605186,19.8,19.5,20.1,19.47,16570,32686705.0,3.17,-1.91,-0.38,1.22
2025-12-15,605186,19.5,19.66,19.78,19.13,12336,24149772.0,3.33,0.82,0.16,0.91
2025-12-16,605186,19.57,19.27,19.71,19.21,13384,25964368.0,2.54,-1.98,-0.39,0.98
2025-12-17,605186,19.48,19.31,19.48,18.93,12925,24785005.0,2.85,0.21,0.04,0.95
2025-12-18,605186,19.33,19.8,19.98,19.21,17271,34118124.0,3.99,2.54,0.49,1.27
2025-12-19,605186,19.8,19.88,20.0,19.66,12175,24117595.0,1.72,0.4,0.08,0.9
2025-12-22,605186,19.88,19.91,20.39,19.86,24293,48884772.0,2.67,0.15,0.03,1.79
2025-12-23,605186,19.83,19.65,19.95,19.56,13450,26494245.0,1.96,-1.31,-0.26,0.99
2025-12-24,605186,19.68,19.8,19.96,19.61,10378,20588558.0,1.78,0.76,0.15,0.76
2025-12-25,605186,19.78,20.14,20.18,19.71,13646,27307167.0,2.37,1.72,0.34,1.0
2025-12-26,605186,20.06,19.82,20.14,19.73,15763,31384174.0,2.04,-1.59,-0.32,1.16
2025-12-29,605186,19.8,19.72,19.85,19.58,11467,22593097.0,1.36,-0.5,-0.1,0.84
2025-12-30,605186,19.68,19.66,19.81,19.4,15011,29473700.0,2.08,-0.3,-0.06,1.1
2025-12-31,605186,19.63,19.65,19.75,19.37,13590,26624181.0,1.93,-0.05,-0.01,1.0
2026-01-05,605186,19.66,20.25,20.38,19.66,20174,40577337.0,3.66,3.05,0.6,1.48
2026-01-06,605186,20.38,20.02,20.43,19.96,17942,36120030.0,2.32,-1.14,-0.23,1.32
2026-01-07,605186,20.21,19.73,20.22,19.71,22653,45016408.0,2.55,-1.45,-0.29,1.67
2026-01-08,605186,19.7,20.12,20.15,19.68,24978,49944446.0,2.38,1.98,0.39,1.84
2026-01-09,605186,20.19,20.33,20.49,20.0,24187,49015565.0,2.44,1.04,0.21,1.78
2026-01-12,605186,20.5,20.88,21.07,20.43,40727,84658479.0,3.15,2.71,0.55,2.99
2026-01-13,605186,21.11,22.97,22.97,20.94,76117,167625836.0,9.72,10.01,2.09,5.6
2026-01-14,605186,22.97,23.57,24.34,22.45,207440,488048308.0,8.23,2.61,0.6,15.25
2026-01-15,605186,22.66,21.73,22.82,21.54,102650,226215969.0,5.43,-7.81,-1.84,7.55
2026-01-16,605186,21.92,21.52,22.06,21.41,55099,119287820.0,2.99,-0.97,-0.21,4.05
2026-01-19,605186,21.41,21.77,21.89,21.26,51665,112040451.0,2.93,1.16,0.25,3.8
2026-01-20,605186,21.9,21.34,21.9,21.08,48992,104615096.0,3.77,-1.98,-0.43,3.6
2026-01-21,605186,21.3,21.79,21.83,21.17,42991,92638525.0,3.09,2.11,0.45,3.16
2026-01-22,605186,21.76,21.89,21.93,21.63,30677,66933952.0,1.38,0.46,0.1,2.26
2026-01-23,605186,21.88,22.17,22.2,21.73,40349,88665825.0,2.15,1.28,0.28,2.97
2026-01-26,605186,22.18,22.35,22.38,21.71,52149,114880207.0,3.02,0.81,0.18,3.83
2026-01-27,605186,21.91,21.98,22.1,21.35,38042,82633679.0,3.36,-1.66,-0.37,2.8
2026-01-28,605186,21.84,21.69,21.89,21.4,28321,61306465.0,2.23,-1.32,-0.29,2.08
2026-01-29,605186,21.57,22.23,22.79,21.32,64912,144487250.0,6.78,2.49,0.54,4.77
2026-01-30,605186,22.09,22.02,22.22,21.72,27280,59887697.0,2.25,-0.94,-0.21,2.01
2026-02-02,605186,22.01,21.83,22.35,21.8,32688,72362782.0,2.5,-0.86,-0.19,2.4
2026-02-03,605186,21.88,22.15,22.2,21.86,26395,58263575.0,1.56,1.47,0.32,1.94
2026-02-04,605186,22.15,22.03,22.2,21.82,24388,53642973.0,1.72,-0.54,-0.12,1.79
2026-02-05,605186,22.1,21.74,22.36,21.74,33352,73593721.0,2.81,-1.32,-0.29,2.45
2026-02-06,605186,22.39,21.8,22.97,21.8,53043,117461789.0,5.38,0.28,0.06,3.9
2026-02-09,605186,22.0,22.37,22.39,21.92,42096,93391179.0,2.16,2.61,0.57,3.1
2026-02-10,605186,22.43,22.46,22.66,22.28,27852,62471104.0,1.7,0.4,0.09,2.05
2026-02-11,605186,22.53,22.23,22.61,22.0,28888,64603149.0,2.72,-1.02,-0.23,2.12
2026-02-12,605186,22.52,22.28,22.52,22.03,27283,60926561.0,2.2,0.22,0.05,2.01
2026-02-13,605186,22.17,22.21,22.53,22.17,21343,47710309.0,1.62,-0.31,-0.07,1.57
2026-02-24,605186,22.47,22.18,22.5,21.99,25760,57046056.0,2.3,-0.14,-0.03,1.89
2026-02-25,605186,22.18,22.23,22.39,22.11,23537,52357426.0,1.26,0.23,0.05,1.73
2026-02-26,605186,22.39,21.94,22.41,21.83,25672,56524924.0,2.61,-1.3,-0.29,1.89
2026-02-27,605186,21.94,21.71,22.0,21.59,24455,53102263.0,1.87,-1.05,-0.23,1.8
2026-03-02,605186,21.68,21.65,22.0,21.16,36311,78563461.0,3.87,-0.28,-0.06,2.67
2026-03-03,605186,21.53,20.72,21.74,20.72,34289,72658683.0,4.71,-4.3,-0.93,2.52
2026-03-04,605186,20.72,20.44,20.78,20.3,23720,48692873.0,2.32,-1.35,-0.28,1.74
2026-03-05,605186,20.79,20.69,20.91,20.53,21090,43752497.0,1.86,1.22,0.25,1.55
2026-03-06,605186,20.69,21.5,21.54,20.67,20941,44394478.0,4.2,3.91,0.81,1.54
2026-03-09,605186,21.24,21.37,21.6,21.1,24493,52266332.0,2.33,-0.6,-0.13,1.8
2026-03-10,605186,21.45,21.97,21.98,21.45,19493,42605034.0,2.48,2.81,0.6,1.43
2026-03-11,605186,21.96,21.65,22.07,21.54,17913,38983609.0,2.41,-1.46,-0.32,1.32
2026-03-12,605186,21.58,21.38,21.88,21.31,20800,44870997.0,2.63,-1.25,-0.27,1.53
2026-03-13,605186,21.38,21.23,21.64,21.14,17218,36815684.0,2.34,-0.7,-0.15,1.27
2026-03-16,605186,21.2,21.3,21.41,21.04,15057,31944871.0,1.74,0.33,0.07,1.11
2026-03-17,605186,21.5,20.85,21.5,20.81,14855,31340397.0,3.24,-2.11,-0.45,1.09
2026-03-18,605186,20.86,21.21,21.23,20.65,19400,40651140.0,2.78,1.73,0.36,1.43
2026-03-19,605186,21.06,20.6,21.21,20.5,16211,33671697.0,3.35,-2.88,-0.61,1.19
2026-03-20,605186,20.61,19.58,20.82,19.55,30039,59915884.0,6.17,-4.95,-1.02,2.21
2026-03-23,605186,19.33,18.25,19.4,18.15,35962,67540908.0,6.38,-6.79,-1.33,2.64
2026-03-24,605186,18.94,19.12,19.21,18.35,28659,53825794.0,4.71,4.77,0.87,2.11
2026-03-25,605186,19.13,19.3,19.55,19.13,22751,44078587.0,2.2,0.94,0.18,1.67
2026-03-26,605186,19.35,18.97,19.57,18.87,23998,45927333.0,3.63,-1.71,-0.33,1.76
2026-03-27,605186,18.9,19.28,19.34,18.73,19606,37471534.0,3.22,1.63,0.31,1.44
2026-03-30,605186,18.95,19.4,19.45,18.95,10974,21136818.0,2.59,0.62,0.12,0.81
2026-03-31,605186,19.85,19.42,19.93,19.42,16300,32058295.0,2.61,-0.66,-0.13,1.2
2026-04-01,605186,19.79,19.69,19.92,19.47,15422,30283340.0,2.32,1.39,0.27,1.13
2026-04-02,605186,19.59,19.43,19.8,19.33,12980,25301970.0,2.39,-1.32,-0.26,0.95
2026-04-03,605186,19.39,18.52,19.48,18.5,21579,40535353.0,5.04,-4.68,-0.91,1.59
2026-04-07,605186,18.56,19.05,19.25,18.46,21785,41414740.0,4.27,2.86,0.53,1.6
2026-04-08,605186,19.36,19.72,20.0,19.31,22849,45082765.0,3.62,3.52,0.67,1.68
2026-04-09,605186,19.74,19.22,19.74,19.16,17024,32976305.0,2.94,-2.54,-0.5,1.25
2026-04-10,605186,19.34,19.47,19.72,19.3,14020,27399183.0,2.19,1.3,0.25,1.03
2026-04-13,605186,19.47,19.49,19.58,19.28,12355,23998643.0,1.54,0.1,0.02,0.91
2026-04-14,605186,19.62,19.37,19.72,19.08,13385,25857672.0,3.28,-0.62,-0.12,0.98
2026-04-15,605186,19.47,19.44,19.6,19.36,12727,24760971.0,1.24,0.36,0.07,0.94
2026-04-16,605186,19.44,19.83,19.99,19.32,17269,33964916.0,3.45,2.01,0.39,1.27
2026-04-17,605186,19.9,19.83,20.01,19.58,15140,29921276.0,2.17,0.0,0.0,1.11
